,banksy_niche,core_global,curl,elongation,purity,linearity
0,1,tma3_E1,0.0,0.28257951771309775,0.4681155275950815,1.0
1,1,tma3_E1,0.0,0.10252341173390067,0.9375,0.7788473530545127
2,1,tma3_D1,0.0,0.33401889524221107,0.9,0.8548290979809698
3,1,tma3_D1,0.0,0.5851972605664433,0.65,1.0
4,1,tma3_D1,0.0,0.3674776578695713,0.8085106382978723,1.0
5,1,tma3_D1,0.0,0.29960930262761654,0.5370370370370371,0.7427593959557154
6,1,tma3_E1,0.0,0.5207453387705964,0.6275862068965518,1.0
7,1,tma3_E1,0.0,0.3764498823278477,0.8888888888888888,1.0
8,1,tma3_E1,0.0,0.592446917901942,0.6336633663366337,0.9488117744780494
9,1,tma3_E1,0.0,0.690244781537737,0.6842105263157895,0.8424200947488317
10,1,tma3_E1,0.0,0.5772616522075156,1.0,0.906703811831493
11,1,tma3_D1,0.0,0.3125054409685881,0.5594855305466238,0.9326455848449431
12,1,tma3_D1,0.0,0.2917997328684031,0.4276729559748428,1.0
13,1,tma3_E1,0.0,0.277014002713716,0.9411764705882353,1.0
14,1,tma3_E1,0.0,0.049416495633338386,1.0,0.8480749491586508
15,1,tma3_D1,0.0,0.36645839072912656,0.47796610169491527,1.0
16,1,tma3_D1,0.0,0.049589258048651885,0.5714285714285714,0.7070521760845337
17,1,tma3_E1,0.0,0.6376734094753449,0.8333333333333334,1.0
18,1,tma3_E1,0.0,0.25492244184578383,1.0,1.0
19,1,tma3_E1,0.0,0.5411120278086343,0.6944444444444444,1.0
20,1,tma3_E1,0.0,0.6169292257102336,0.8,1.0
21,1,tma3_E1,0.0,0.6119974357193425,0.8333333333333334,1.0
22,1,tma3_E1,0.0,0.5798188447332732,0.7407407407407407,1.0
23,1,tma3_D2,0.0,0.18285845883116236,0.51,0.7773977912614815
24,1,tma3_D2,0.0,0.7100953370774752,0.6976744186046512,1.0
25,1,tma3_D2,0.0,0.5015047288181982,0.7857142857142857,1.0
26,1,tma3_D2,0.0,0.17085021931390587,0.34573002754820936,0.6428918103668273
27,1,tma3_D2,0.0,0.2467915026134776,0.7142857142857143,0.7033748803949462
28,1,tma3_D2,0.0,0.7401412998511061,1.0,1.0
29,1,tma3_C2,0.0,0.5009481926487973,0.5697674418604651,0.8349431296754025
30,1,tma3_C2,0.0,0.4893748375979433,0.7790697674418605,1.0
31,1,tma3_C2,0.0,0.7029070408891113,0.7428571428571429,0.9413158440784044
32,1,tma3_C2,0.0,0.6586176774094422,0.4765380604796663,1.0
33,1,tma3_C2,0.0,0.6277460921362006,0.7428571428571429,1.0
34,1,tma3_D2,0.0,0.690322711345785,0.7289719626168224,1.0
35,1,tma3_D2,0.0,0.6241106310491383,0.6129707112970711,1.0
36,1,tma3_D2,0.0,0.27578635449031363,0.9285714285714286,0.7176646457103936
37,1,tma3_D2,0.0,0.5673595771908924,0.5639412997903563,1.0
38,1,tma3_D2,0.0,0.4816195119379093,0.8,1.0
39,1,tma3_D2,0.0,0.3343642702251519,0.875,0.7412837854801821
40,1,tma3_D2,0.0,0.5168016517512084,0.7777777777777778,0.859488290724023
41,1,tma3_D2,0.0,0.5800950164886293,1.0,1.0
42,1,tma3_D2,0.0,0.4931033610898399,0.7931034482758621,0.8462852109562287
43,1,tma3_D2,0.0,0.15369908550820932,0.768595041322314,0.9468485318123059
44,1,tma3_D2,0.0,0.7962011105515667,0.7567567567567568,1.0
45,1,tma3_D2,0.0,0.5949482682449688,0.5817490494296578,0.8381813144699781
46,1,tma3_D2,0.0,0.538429107281229,0.8591549295774648,1.0
47,1,tma3_D2,0.0,0.4176585265354005,1.0,0.7978562122069114
48,1,tma3_D2,0.0,0.5910400810348535,0.9285714285714286,1.0
49,1,tma3_D2,0.0,0.5963772533228134,1.0,1.0
50,1,tma3_E2,0.0,0.41983621055704035,0.7641509433962265,0.9163387615400077
51,1,tma3_E2,0.0,0.20070866272668852,0.9090909090909091,0.7718205190008061
52,1,tma3_D2,0.0,0.3867699424201665,0.7450980392156863,0.9205873353734664
53,1,tma3_E2,0.0,0.31482786866631507,0.967741935483871,1.0
54,1,tma3_E2,0.0,0.13706783873164308,0.9047619047619048,0.5542772444944188
55,1,tma3_E1,0.0,0.424708958754639,0.7735849056603774,1.0
56,1,tma3_E1,0.0,0.441412404094485,1.0,0.7774025896553298
57,1,tma3_E1,0.0,0.46537993689307977,0.7283950617283951,0.7818256060861025
58,1,tma3_E1,0.0,0.3857400099901511,0.92,1.0
59,1,tma3_E1,0.0,0.6808860641364196,0.8571428571428571,1.0
60,1,tma3_E1,0.0,0.44964498834532807,0.835820895522388,1.0
61,1,tma3_E1,0.0,0.35129656683820887,0.8552631578947368,1.0
62,1,tma3_E1,0.0,0.22683609804802307,0.74,0.8490723068086096
63,1,tma3_E1,0.0,0.5834036779249178,0.6304347826086957,1.0
64,1,tma3_E1,0.0,0.5222507289373484,1.0,1.0
65,1,tma3_E1,0.0,0.4545838651786288,0.9736842105263158,1.0
66,1,tma3_E1,0.0,0.2865822408430737,0.6956521739130435,0.7379230083084131
67,1,tma3_E1,0.0,0.6341829631101099,1.0,1.0
68,1,tma3_E1,0.0,0.4376530909467812,0.9230769230769231,1.0
69,1,tma3_E1,0.0,0.7186500015383626,1.0,1.0
70,1,tma3_E1,0.013912974018587043,0.1707219298138567,0.7254901960784313,0.7644266189822321
71,1,tma3_E1,0.0,0.6834762733491773,0.7333333333333333,0.8884163653427454
72,1,tma3_E1,0.0,0.3495934044982397,0.6320754716981132,0.8779413926890108
73,1,tma3_E1,0.0,0.7343048791008815,0.6388888888888888,1.0
74,1,tma3_D1,0.0,0.4131955787797559,0.7307692307692307,0.8415404843297986
75,1,tma3_D1,0.0,0.2322823964016617,0.68,0.7962710037535394
76,1,tma3_D1,0.0,0.04482151212179597,0.4274193548387097,0.7167710815329476
77,1,tma3_D1,0.0,0.7190391152030509,0.5555555555555556,1.0
78,1,tma3_D1,0.0,0.5321369643224316,1.0,1.0
79,1,tma3_D1,0.0,0.6943335865711404,0.896551724137931,1.0
80,1,tma3_D1,0.0,0.5717252504887759,0.6705882352941176,0.9325196104023236
81,1,tma3_D1,0.0,0.5946991702495488,0.6666666666666666,1.0
82,1,tma3_F2,0.0,0.7250836757961769,0.6178861788617886,1.0
83,1,tma3_F2,0.0,0.29059429205139664,0.945054945054945,1.0
84,1,tma3_F2,0.0,0.6269290594332442,0.7413793103448276,1.0
85,1,tma3_F2,0.0,0.40836059111754863,0.4489795918367347,1.0
86,1,tma3_F2,0.0,0.2948257205500626,0.5633802816901409,0.9076932531040997
87,1,tma3_F2,0.0,0.5219306065712069,0.8484848484848485,1.0
88,1,tma3_F2,0.0,0.47870827996791687,1.0,1.0
89,1,tma3_F1,0.0,0.4942440031434624,0.651685393258427,1.0
90,1,tma3_F1,0.0,0.10456731191286173,0.5195652173913043,0.8790345291971999
91,1,tma3_F2,0.0,0.5066240823533915,0.3805970149253731,1.0
92,1,tma3_E1,0.0,0.027444476410504848,0.9411764705882353,0.760017766736995
93,1,tma3_F2,0.0,0.2704307799406439,0.6576576576576577,0.8724198828209887
94,1,tma3_F2,0.0,0.6185531492562786,0.4434782608695652,1.0
95,1,tma3_F2,0.0,0.5364753504710887,0.6666666666666666,1.0
96,1,tma3_F2,0.0,0.14073144384658254,0.43089430894308944,0.7736164492521757
97,1,tma3_F2,0.0,0.547353395468647,0.7272727272727273,1.0
98,1,tma3_F2,0.0,0.5425670565778316,0.5955056179775281,1.0
99,1,tma3_F2,0.0025023590272222895,0.26510164691912574,0.8,0.7287534930847829
100,1,tma3_F2,0.0,0.487031215760536,0.5527426160337553,0.9162744219140408
101,1,tma3_F2,0.0,0.4566308650692814,0.7368421052631579,0.8744453409497583
102,1,tma3_F2,0.0,0.4060846877732327,0.5502958579881657,0.7220149104578024
103,1,tma3_F2,0.0,0.7456839585947332,0.6818181818181818,1.0
104,1,tma3_F2,0.0,0.46117542734748074,0.6770833333333334,1.0
105,1,tma3_F2,0.0,0.3333775431357665,0.8888888888888888,0.8194416535496029
106,1,tma3_F2,0.0,0.5616159073274092,0.696969696969697,1.0
107,1,tma3_F2,0.0,0.6562826396199679,0.9259259259259259,0.8837343903357481
108,1,tma3_F2,0.0,0.26196010986642093,0.45180722891566266,0.7480277486907108
109,1,tma3_F2,0.0,0.4709637882082244,0.7079646017699115,1.0
110,1,tma3_F2,0.0,0.41974465714891895,1.0,0.8366054481187315
111,1,tma3_F2,0.0,0.35785735447795475,0.71875,0.7576909995640247
112,1,tma3_F2,0.0,0.5373177161331931,0.5274725274725275,0.9073211637745576
113,1,tma3_F2,0.0,0.2610291237303435,0.9230769230769231,0.7486965292541251
114,1,tma3_F2,0.0,0.40828522404412204,0.686046511627907,1.0
115,1,tma3_F2,0.0,0.494623735491737,1.0,1.0
116,1,tma3_F2,0.0,0.7856851988116267,0.7272727272727273,1.0
117,1,tma3_F2,0.0,0.4903622640905204,0.8823529411764706,1.0
118,1,tma3_F2,0.0,0.31965798324680383,0.6551724137931034,0.8314041097569677
119,1,tma3_E3,0.0,0.2634456632867378,0.7916666666666666,1.0
120,1,tma3_E3,0.0,0.4086486175942853,0.9461538461538461,1.0
121,1,tma3_E3,0.0,0.5109564502636967,0.6976377952755906,1.0
122,1,tma3_C3,0.0,0.30332363989735955,0.5302197802197802,0.7373401516545128
123,1,tma3_F2,0.0,0.20091705052656728,0.503731343283582,0.8369359281820774
124,1,tma3_F2,0.0,0.27471071827663207,0.8780487804878049,0.722176252699231
125,1,tma3_F2,0.0,0.6692686719401926,0.6451612903225806,1.0
126,1,tma3_F2,0.0,0.5549252529579611,0.7083333333333334,1.0
127,1,tma3_E2,0.0,0.43660922677752034,0.9,1.0
128,1,tma3_E2,0.0,0.5491128860740444,0.5882352941176471,0.8187714015464068
129,1,tma3_E2,0.0,0.5918606019443916,0.8518518518518519,0.8450710065779109
130,1,tma3_E2,0.0,0.4723495327489835,0.8666666666666667,1.0
131,1,tma3_E2,0.0,0.5426645983479763,0.7608695652173914,1.0
132,1,tma3_E2,0.0,0.22573790549998507,1.0,0.8630258089816922
133,1,tma3_E2,0.0,0.13919821900213725,0.6346153846153846,0.8021016570388569
134,1,tma3_E2,0.0,0.5548677513215551,0.7857142857142857,0.8997736810740127
135,1,tma3_E2,0.0,0.2644564939104449,0.8245614035087719,0.8866204312096024
136,1,tma3_E2,0.0,0.4081079277805908,1.0,0.8020340376110118
137,1,tma3_E2,0.0,0.38296458280992884,0.9259259259259259,1.0
138,1,tma3_E2,0.0,0.5244889646137066,0.8974358974358975,1.0
139,1,tma3_E2,0.0,0.21429392888168008,1.0,1.0
140,1,tma3_F3,0.02558542631554339,0.012351848029261148,0.4474187380497132,0.8651617913492786
141,1,tma3_F3,0.0,0.5747088283362981,0.75,1.0
142,1,tma3_F3,0.0,0.4713643637196515,0.5099009900990099,0.8603408204270464
143,1,tma3_F3,0.0,0.5807455044593086,0.5632183908045977,0.9038603752344283
144,1,tma3_F3,0.0,0.30745891040655293,0.6547619047619048,0.7523225838907547
145,1,tma3_F3,0.0,0.24785120154339502,0.5633802816901409,0.7651413127355523
146,1,tma3_E3,0.0,0.5495824510361393,1.0,1.0
147,1,tma3_E3,0.0,0.6069532311774105,0.455026455026455,1.0
148,1,tma3_E3,0.0,0.5409918676628891,0.7931034482758621,1.0
149,1,tma3_E3,0.0,0.5413421264114072,0.5853658536585366,0.9216301886198508
150,1,tma3_E3,0.0,0.7559739854123563,0.4896551724137931,1.0
151,1,tma3_E3,0.0,0.7380921743144817,0.85,1.0
152,1,tma3_E3,0.0,0.7760408234190961,0.7894736842105263,1.0
153,1,tma3_E3,0.0,0.5153039879236666,1.0,0.9019366283684768
154,1,tma3_D3,0.0,0.5645918749864824,0.7428571428571429,0.837053131491839
155,1,tma3_D3,0.0,0.5393640439798602,0.7307692307692307,1.0
156,1,tma3_D3,0.0,0.7309848760413022,0.8974358974358975,1.0
157,1,tma3_D3,0.0,0.4403509605453516,0.8285714285714286,1.0
158,1,tma3_D3,0.0,0.5524652795741376,0.6619718309859155,0.8153848275680552
159,1,tma3_D3,0.0,0.041649171567190835,0.4958791208791209,1.0
160,1,tma3_D3,0.0,0.34625673496628906,1.0,1.0
161,1,tma3_D3,0.0,0.6031979079572808,0.85,1.0
162,1,tma3_D3,0.0,0.5876281999002461,0.8125,0.8352283222147472
163,1,tma3_D3,0.0,0.5465889483589712,1.0,1.0
164,1,tma3_D3,0.0,0.6320868703638631,1.0,1.0
165,1,tma3_D3,0.0,0.6541710823473117,1.0,1.0
166,1,tma3_D3,0.0,0.7605007730083125,0.9565217391304348,0.905246721136344
167,1,tma3_D3,0.0,0.3253220712728221,0.46153846153846156,0.8282763736264072
168,1,tma3_D3,0.0,0.26173293355793303,0.7906976744186046,0.7260422542139457
169,1,tma3_D3,0.0,0.13386740188336255,0.6457142857142857,1.0
170,1,tma3_D3,0.0,0.11866387316724791,0.6697530864197531,0.7647790522432152
171,1,tma3_D3,0.0,0.5155368311265527,0.92,1.0
172,1,tma3_D3,0.0,0.6618569355358429,0.7352941176470589,0.8658666412370144
173,1,tma3_D3,0.0,0.48623109274235554,0.8333333333333334,0.8306105632829904
174,1,tma3_D3,0.0,0.48813574644678515,0.875,0.7923726405856144
175,1,tma3_D3,0.0,0.6562511997086489,0.6923076923076923,1.0
176,1,tma3_D3,0.0,0.45158075854780066,0.7555555555555555,0.9257612067852673
177,1,tma3_D3,0.0,0.369585636839304,0.95,1.0
178,1,tma3_E3,0.0,0.4067170436889498,0.7815126050420168,0.8284558719790339
179,1,tma3_E3,0.0,0.4173942974853848,0.9259259259259259,0.8318094663332652
180,1,tma3_E3,0.0,0.4350195293185063,0.8461538461538461,1.0
181,1,tma3_F3,0.0,0.7277765997780798,0.9310344827586207,1.0
182,1,tma3_F3,0.0,0.3972794014692905,0.8235294117647058,1.0
183,1,tma3_F3,0.0,0.6143544041041926,0.8421052631578947,1.0
184,1,tma3_F3,0.0,0.557856604069344,0.5579710144927537,0.804601226658882
185,1,tma3_F3,0.0,0.33103028986050353,0.44642857142857145,1.0
186,1,tma3_E3,0.0,0.5336259704049426,0.7428571428571429,1.0
187,1,tma3_E3,0.0,0.5136945716893881,0.5517241379310345,1.0
188,1,tma3_E3,0.0,0.612356468594625,0.6904761904761905,1.0
189,1,tma3_F3,0.0,0.48304730392328377,0.7021276595744681,0.7671439720226764
190,1,tma3_F3,0.0,0.1790229148347492,0.8235294117647058,0.7516985265176693
191,1,tma3_F3,0.0,0.2759189424179608,0.4580152671755725,0.783444689187403
192,1,tma3_F3,0.0,0.21287255442036745,0.49612403100775193,1.0
193,1,tma3_F3,0.0,0.3290029037009389,0.5657894736842105,0.8206551399491672
194,1,tma3_F3,0.0,0.33249989633104304,0.8425925925925926,1.0
195,1,tma3_E3,0.0,0.8289404955485689,0.4942528735632184,1.0
196,1,tma3_E3,0.0,0.0657849010488315,1.0,1.0
197,1,tma3_E3,0.0,0.2432180674195269,0.8636363636363636,0.8921671322890129
198,1,tma3_E3,0.0,0.652958977499233,0.5498154981549815,1.0
199,1,tma3_E3,0.0,0.43654114798114885,0.6287878787878788,0.8299435992328977
200,1,tma3_E3,0.0,0.4533040510222066,0.8256880733944955,0.7652285432900646
201,1,tma3_E3,0.0,0.6550762096196748,0.9285714285714286,1.0
202,1,tma3_E3,0.0,0.18155928097377316,0.5901639344262295,0.7785843670272555
203,1,tma3_E3,0.0,0.10128817645264465,0.7555555555555555,1.0
204,1,tma3_E3,0.0,0.5970094057022626,0.8809523809523809,1.0
205,1,tma3_D3,0.0,0.5953724144887964,0.8125,1.0
206,1,tma3_D3,0.0,0.5446334296601352,0.5660377358490566,0.8609975258418456
207,1,tma3_C3,0.0,0.6392474852513925,0.7307692307692307,1.0
208,1,tma3_C3,0.0,0.36402438426094996,1.0,1.0
209,1,tma3_C3,0.0,0.6594215116772442,0.6785714285714286,1.0
210,1,tma3_C3,0.0,0.5403296008834699,0.6091954022988506,1.0
211,1,tma3_C3,0.0,0.6003387431999352,0.5862068965517241,1.0
212,1,tma3_C3,0.0,0.6380726326017538,0.5897435897435898,1.0
213,1,tma3_C3,0.0,0.31454917714604536,1.0,0.7439705302070598
214,1,tma3_C3,0.0,0.5513880583948503,0.48,1.0
215,1,tma3_C3,0.0,0.4444653866684196,1.0,1.0
216,1,tma3_C3,0.0,0.7504696041162578,0.5785123966942148,1.0
217,1,tma3_C3,0.0,0.35104387615534116,0.9210526315789473,0.7838619856886475
218,1,tma3_C3,0.0,0.06502970273908537,0.470873786407767,0.8377299299540008
219,1,tma3_C3,0.0,0.4803218745551474,1.0,1.0
220,1,tma3_C3,0.0,0.4790840384474915,1.0,1.0
221,1,tma3_C3,0.0,0.7272276450983322,0.5113636363636364,1.0
222,1,tma3_C3,0.0,0.4749704050995808,1.0,1.0
223,1,tma3_C3,0.0,0.4226235953122419,0.6595744680851063,0.8772135885226422
224,1,tma3_C3,0.0,0.4120695787253118,0.48739495798319327,0.8175493560942705
225,1,tma3_C3,0.0,0.26375634079166876,0.6197183098591549,0.8282054688088634
226,1,tma3_C3,0.0,0.3410032276731416,0.6,0.9200928620463296
227,1,tma3_C3,0.0,0.4792647142651695,0.9375,0.7859397745661071
228,1,tma3_C3,0.0,0.11393070129486638,0.8823529411764706,0.6999863635747952
229,1,tma3_D3,0.0,0.20525694979475373,0.6739130434782609,0.8443573613164757
230,1,tma3_D3,0.0,0.5054955439324245,0.6666666666666666,1.0
231,1,tma3_D3,0.0,0.5363006692733573,0.78125,1.0
232,1,tma3_D3,0.0,0.2881423299544045,1.0,1.0
233,1,tma3_D3,0.0,0.6117922562513195,0.9459459459459459,0.8829487419225164
234,1,tma3_D3,0.0,0.6134366667373694,1.0,1.0
235,1,tma3_D3,0.0,0.2626198082119118,0.8,0.7995222423661831
236,1,tma3_D3,0.0,0.22631219765193744,0.8260869565217391,0.7240301905434506
237,1,tma3_D3,0.0,0.49962415082742184,0.7878787878787878,0.8175633496132358
238,1,tma3_D3,0.0,0.6296572764136861,0.9565217391304348,1.0
239,1,tma3_D3,0.0,0.2982470459880281,0.9473684210526315,0.7581066432601056
240,1,tma3_C3,0.0,0.3546258090323936,0.6326530612244898,1.0
241,1,tma3_C3,0.0,0.6117128935053722,0.46551724137931033,1.0
242,1,tma3_C3,0.0,0.7133463878653536,0.6956521739130435,1.0
243,1,tma3_C3,0.0,0.2550864747199091,0.6363636363636364,0.8021958269474645
244,1,tma3_C3,0.0,0.6353718557609819,0.9310344827586207,1.0
245,1,tma3_C3,0.0,0.09671868165879283,0.9714285714285714,1.0
246,1,tma3_C3,0.0,0.644386391656498,0.6808510638297872,0.9372651768591674
247,1,tma3_C3,0.0,0.2546657911030228,0.8888888888888888,1.0
248,1,tma3_D3,0.0,0.5221638018883923,0.8,0.849503366050238
249,1,tma3_F3,0.0,0.04578032450921565,0.35141509433962265,0.7430865913961032
250,1,tma3_F3,0.0,0.4290527360953629,0.49514563106796117,0.7821778166512668
251,1,tma3_F3,0.0,0.6224921751345089,0.9032258064516129,1.0
252,1,tma3_F3,0.0,0.3961341631960912,0.7727272727272727,0.8430720241260012
253,1,tma3_F3,0.0,0.598936935472808,0.9090909090909091,1.0
254,1,tma3_E3,0.0,0.5912794541656998,0.4307692307692308,0.9204076038777749
255,1,tma3_F3,0.0,0.689249303944655,0.72,1.0
256,1,tma3_F3,0.0,0.7063431135630216,0.6933333333333334,1.0
257,1,tma3_F3,0.0,0.7429565056595656,0.7317073170731707,1.0
258,1,tma3_F3,0.0,0.15861128184912676,0.7446808510638298,0.7813323560025539
259,1,tma3_F3,0.0,0.490249844621369,0.8225806451612904,0.8005044395794817
260,1,tma3_F3,0.0,0.14888698149955426,0.711864406779661,0.7276347777609989
261,1,tma3_F3,0.0,0.6915929895054234,0.8833333333333333,1.0
262,1,tma3_F3,0.0,0.6163178806266782,0.782608695652174,0.9357375188292775
263,1,tma3_F3,0.0,0.3941765967142312,0.8888888888888888,1.0
264,1,tma3_F3,0.0,0.5404941459218122,0.875,1.0
265,1,tma3_F3,0.0,0.6143563174172362,0.6504065040650406,1.0
266,1,tma3_F3,0.0,0.7393590632842733,0.5818181818181818,1.0
267,1,tma3_F3,0.0,0.46338625036225145,0.5782312925170068,1.0
268,1,tma3_F3,0.0,0.33367939837808125,0.5181644359464627,1.0
269,1,tma3_F3,0.0,0.49167947838940884,0.8,1.0
270,1,tma3_F3,0.0,0.6830985197600105,0.7777777777777778,1.0
271,1,tma3_F3,0.0,0.7202888924116925,0.6904761904761905,0.8913919656716456
272,1,tma3_F3,0.0,0.49795099676786236,0.7041420118343196,1.0
273,1,tma3_F3,0.0,0.7155470782589166,0.6265060240963856,1.0
274,1,tma3_F3,0.03676149120704242,0.023664401171410443,0.7777777777777778,0.7392227347452401
275,1,tma3_F3,0.0,0.14107538034612166,0.4375,0.6883480138159024
276,1,tma3_F3,0.0,0.5850274044574426,0.875,0.8112361778676498
277,1,tma3_F3,0.0,0.6815593404437343,0.5555555555555556,1.0
278,1,tma3_F3,0.0,0.3580888076022982,0.49065420560747663,0.8828290053271524
279,1,tma3_F3,0.0,0.5574054879388655,0.45714285714285713,1.0
280,1,tma3_F3,0.0,0.22369068865983288,0.9,0.7294236568191881
281,1,tma3_F3,0.0,0.176561945344911,1.0,1.0
282,1,tma3_F3,0.0,0.02213629694052177,0.9032258064516129,1.0
283,1,tma3_F3,0.0,0.5191277757077372,1.0,1.0
284,1,tma3_D2,0.0,0.29488392130388585,0.5255474452554745,0.7426290896137558
285,1,tma3_D2,0.0,0.5169120830509027,0.6666666666666666,1.0
286,1,tma3_D2,0.0,0.028367194825958397,0.8695652173913043,0.8265783103365468
287,1,tma3_D2,0.0,0.5877748131250329,0.6,0.8772981928592148
288,1,tma3_D2,0.0,0.5935687540845535,0.43685300207039335,0.9472658496918227
289,1,tma3_D2,0.0,0.570772313447464,0.6017441860465116,0.8530393962158301
290,1,tma3_D2,0.0,0.6322772765130756,0.4709418837675351,1.0
291,1,tma3_D2,0.0,0.4700691857378907,0.8202247191011236,0.8550623900460809
292,1,tma3_D2,0.0,0.14038691122500435,0.7068965517241379,0.8737881615665098
293,1,tma3_D2,0.0,0.5538341053684834,0.9666666666666667,0.8089921644711096
294,1,tma3_D2,0.0,0.3035717751589899,1.0,1.0
295,1,tma3_D2,0.0,0.4009358840095286,0.4909090909090909,0.9036882474844723
296,1,tma3_D2,0.0,0.4243767540236668,1.0,0.8093067216650558
297,1,tma3_D2,0.0,0.1327369044919261,1.0,0.7937975853864313
298,1,tma3_D2,0.0,0.543017823364889,0.4728682170542636,0.8366143092099818
299,1,tma3_D2,0.0,0.6189839550203723,0.8666666666666667,1.0
300,1,tma3_D2,0.0,0.047166886449162115,0.5619047619047619,0.7758506283080541
301,1,tma3_D2,0.0,0.28276111727267017,0.8469387755102041,0.8305141816839086
302,1,tma3_D2,0.0,0.6790352187092072,0.8043478260869565,1.0
303,1,tma3_D2,0.0,0.5076418721487357,0.9074074074074074,1.0
304,1,tma3_D2,0.0,0.7272116008885416,0.9545454545454546,1.0
305,1,tma3_D2,0.0,0.822343152257237,0.8135593220338984,1.0
306,1,tma3_D2,0.0,0.3934209054223352,1.0,0.7411877832668824
307,1,tma3_D2,0.0,0.5831572022446032,0.3949329359165425,1.0
308,1,tma3_D2,0.0,0.38010043011673633,0.46381578947368424,0.7963585098589429
309,1,tma3_D2,0.0,0.6814468710758236,0.37373737373737376,1.0
310,1,tma3_D2,0.0,0.3866343422394094,0.8837209302325582,0.8107257732464933
311,1,tma3_D2,0.0,0.5143190803322306,0.6721311475409836,1.0
312,1,tma3_D2,0.0,0.24777344562268,0.8863636363636364,1.0
313,1,tma3_D2,0.0,0.7601429171560232,0.7037037037037037,1.0
314,1,tma3_D2,0.0,0.46353666178768094,0.7746478873239436,0.7591680811903665
315,1,tma3_D2,0.0,0.5716516844076527,0.5783783783783784,1.0
316,1,tma3_D2,0.0,0.4839528565039971,1.0,0.8591629768225997
317,1,tma3_D2,0.0,0.33475927314399745,1.0,1.0
318,1,tma3_D2,0.0,0.20126569601015898,1.0,1.0
319,1,tma3_D2,0.0,0.3264757884704822,1.0,1.0
320,1,tma3_D2,0.0,0.32936346611759215,0.7916666666666666,0.752624594663679
321,1,tma3_D2,0.0,0.7716763578596924,0.7714285714285715,1.0
322,1,tma3_D2,0.0,0.6098311830349321,0.9375,1.0
323,1,tma3_D2,0.0,0.5821543586420524,0.5652173913043478,1.0
324,1,tma3_D2,0.0,0.47198130947932393,0.8571428571428571,0.8529410661376687
325,1,tma3_D2,0.0,0.4100771268438247,0.5789473684210527,1.0
326,1,tma3_D2,0.0,0.0906658036957414,1.0,0.8661664006913853
327,1,tma3_D2,0.0,0.7460728051088393,0.9333333333333333,1.0
328,1,tma3_D2,0.0,0.464039812062189,0.7407407407407407,0.865370622595081
329,1,tma3_D2,0.0,0.40205310948789275,1.0,0.9237362881175916
330,1,tma3_D2,0.0,0.3666875819031913,0.7333333333333333,0.942223483973574
331,1,tma3_D2,0.0,0.3607195390329797,0.5841584158415841,0.7157589925831725
332,1,tma3_D2,0.0,0.08827560737785667,0.8571428571428571,0.7033177802611511
333,1,tma3_D2,0.0,0.6513197700288171,0.5981308411214953,1.0
334,1,tma3_D2,0.0,0.4352072818331798,0.863013698630137,1.0
335,1,tma3_D2,0.0,0.4962309040957119,0.8461538461538461,0.8793341121676584
336,1,tma3_D2,0.0,0.4003291396644514,0.6470588235294118,1.0
337,1,tma3_D2,0.0,0.26604710910672447,0.5666666666666667,0.8704239229653277
338,1,tma3_D2,0.0,0.2585547406049943,1.0,1.0
339,1,tma3_D2,0.0,0.5144911257841338,0.8631578947368421,1.0
340,1,tma3_D2,0.0,0.77092367639557,0.5897435897435898,0.8918257842076459
341,1,tma3_D2,0.0,0.4029572612961445,0.7623762376237624,1.0
342,1,tma3_D2,0.0,0.4019147289940389,0.8787878787878788,0.7467079987593768
343,1,tma3_D2,0.0,0.47655239975497765,0.8823529411764706,0.7165467370287467
344,1,tma3_D2,0.0,0.016194890111213445,0.47352941176470587,0.7669029441932372
345,1,tma3_D2,0.0,0.5981842922179772,0.9545454545454546,1.0
346,1,tma3_D2,0.0,0.4415545118269124,0.5588235294117647,0.9207188391938365
347,1,tma3_D2,0.0,0.45407267970919696,0.8846153846153846,1.0
348,1,tma3_D2,0.0,0.576189451228058,1.0,0.8250589593632885
349,1,tma3_D2,0.0,0.806764299641193,0.84,0.9241040286821394
350,1,tma3_D2,0.0,0.5659515393557388,0.5126582278481012,1.0
351,1,tma3_C1,0.0,0.04249596399686373,0.7096774193548387,0.9164591144728209
352,1,tma3_C1,0.0269580848244817,0.10041114895706593,0.9047619047619048,0.6948866540324768
353,1,tma3_C1,0.0,0.1526931292602991,0.8333333333333334,0.892262475529762
354,1,tma3_C1,0.0,0.04916960218807609,0.5128205128205128,0.7671854638788692
355,1,tma3_C1,0.0,0.6018542758009687,0.8269230769230769,1.0
356,1,tma3_C1,0.0,0.5764946002042468,0.6589928057553956,1.0
357,1,tma3_C1,0.0,0.34827420486981975,1.0,1.0
358,1,tma3_C1,0.0,0.22973923967325705,0.8392857142857143,0.6987567983296266
359,1,tma3_C1,0.0,0.35330736243561456,0.43866171003717475,1.0
360,1,tma3_C1,0.0,0.39706028724798137,0.5769230769230769,1.0
361,1,tma3_C1,0.0,0.598138523726515,0.7441860465116279,1.0
362,1,tma3_C1,0.0,0.6123826815478861,0.851063829787234,1.0
363,1,tma3_C1,0.0,0.37851973228594793,0.9310344827586207,1.0
364,1,tma3_D2,0.0,0.7153566757610718,0.7441860465116279,1.0
365,1,tma3_A3,0.0,0.3876695304370935,0.6716417910447762,0.7888649881800367
366,1,tma3_A3,0.0,0.197657313306281,0.4772357723577236,0.7100098238277711
367,1,tma3_A3,0.0,0.11774505631852228,0.6176470588235294,1.0
368,1,tma3_A3,0.0,0.711730794063437,1.0,1.0
369,1,tma3_A3,0.0,0.6462172737638274,1.0,1.0
370,1,tma3_A3,0.0,0.2322822712604924,0.46258945998698764,1.0
371,1,tma3_A3,0.0,0.48899360902606115,0.926829268292683,1.0
372,1,tma3_A3,0.0,0.5055573251172285,0.43666026871401153,1.0
373,1,tma3_A3,0.0,0.30630262006765474,0.8121212121212121,1.0
374,1,tma3_A3,0.0,0.5866148893436982,0.4528301886792453,1.0
375,1,tma3_A3,0.0,0.6769290068111049,0.6530612244897959,1.0
376,1,tma3_A3,0.0,0.6620441681609177,0.6397058823529411,1.0
377,1,tma3_A3,0.0,0.6072730851885506,0.8055555555555556,1.0
378,1,tma3_A3,0.0,0.6103018988893913,0.8,0.8526722082028144
379,1,tma3_A3,0.0,0.1671900366741046,0.6268656716417911,1.0
380,1,tma3_A3,0.0,0.3465973386231579,0.49407114624505927,1.0
381,1,tma3_A3,0.0,0.29977243072070214,0.6634615384615384,0.7889170385445673
382,1,tma3_A3,0.0,0.1651908394936299,0.6166666666666667,0.7586414707180394
383,1,tma3_A3,0.0,0.3928161808487224,0.5242718446601942,1.0
384,1,tma3_A3,0.0,0.4619438455018685,0.5140845070422535,1.0
385,1,tma3_A3,0.0,0.5807391041607917,0.6418918918918919,1.0
386,1,tma3_C2,0.0,0.6982558976869876,0.8163265306122449,0.9461119928940144
387,1,tma3_C2,0.0,0.6658120125533784,1.0,1.0
388,1,tma3_C2,0.0,0.7799500029890711,0.8769230769230769,1.0
389,1,tma3_C2,0.0,0.7198876051407737,0.42735042735042733,1.0
390,1,tma3_C2,0.0,0.5572038004477513,0.6451612903225806,1.0
391,1,tma3_C2,0.0,0.46579213232105576,1.0,1.0
392,1,tma3_C2,0.0,0.7363978377405296,0.4459203036053131,1.0
393,1,tma3_C2,0.0,0.7062889035558622,0.85,1.0
394,1,tma3_C2,0.0,0.4307653196861251,0.7875,0.8034182938002551
395,1,tma3_C2,0.0,0.1340481329657155,1.0,0.7435636271777648
396,1,tma3_C2,0.0,0.4654642585413047,1.0,1.0
397,1,tma3_C2,0.0,0.41496346772859494,0.5723270440251572,1.0
398,1,tma3_C2,0.0,0.6535013585978096,0.72,1.0
399,1,tma3_C2,0.0,0.3353908158766865,0.5111111111111111,0.9258854993736785
400,1,tma3_C2,0.0,0.6915676376223701,0.7816091954022989,1.0
401,1,tma3_C2,0.0,0.632602716966816,0.7916666666666666,1.0
402,1,tma3_C2,0.0,0.6196272585079493,0.9032258064516129,0.914498141451516
403,1,tma3_C2,0.0,0.3179921481685889,0.7777777777777778,0.6075801584092957
404,1,tma3_C2,0.0,0.6929692524864086,0.96,1.0
405,1,tma3_C2,0.0,0.26085866115310197,0.5945945945945946,0.8775089198430029
406,1,tma3_C2,0.0,0.21499586605065002,0.9047619047619048,0.7748149866805917
407,1,tma3_C2,0.0,0.5263120755860844,0.9142857142857143,1.0
408,1,tma3_C2,0.0,0.6704340340507517,0.875,1.0
409,1,tma3_C2,0.0,0.6548018056217679,0.8846153846153846,1.0
410,1,tma3_E2,0.0,0.4523414551388797,1.0,0.7884090877646676
411,1,tma2_E1,0.12426844071327503,0.09024656088434235,0.92,0.7634470656359458
412,1,tma2_D1,0.0,0.47063548043078884,0.6333333333333333,1.0
413,1,tma2_E1,0.0,0.46202810831439667,0.6929824561403509,0.822452907041286
414,1,tma2_E1,0.0,0.6307122199130129,0.5568181818181818,1.0
415,1,tma2_E1,0.0,0.25435597856651027,0.8095238095238095,0.7908451517396431
416,1,tma2_D1,0.0,0.6033169784060426,0.5601659751037344,0.8127390679958821
417,1,tma2_D1,0.0,0.276086197590963,0.84375,0.8649627202966779
418,1,tma2_D1,0.0,0.6138987540278784,0.8333333333333334,0.8730815705530451
419,1,tma2_D1,0.0,0.3441499344852462,0.6944444444444444,0.7169962115504791
420,1,tma2_D1,0.0,0.6151784901804147,0.9,1.0
421,1,tma2_D1,0.0,0.29654326473739345,0.5692307692307692,0.6929033736664433
422,1,tma2_D1,0.0,0.1052262502603849,1.0,0.8896072945475983
423,1,tma2_D1,0.0,0.5402052941555243,0.75,1.0
424,1,tma2_D1,0.0,0.4516959151131593,0.7142857142857143,1.0
425,1,tma2_D1,0.0,0.10096770202098204,0.5714285714285714,0.6469195758355022
426,1,tma2_D1,0.0,0.7040869299245481,0.7758620689655172,1.0
427,1,tma2_D1,0.0,0.5100450340487217,0.5492957746478874,0.7788941911470811
428,1,tma2_D1,0.0,0.5630922271218164,0.8181818181818182,1.0
429,1,tma2_F1,0.0,0.1910521738929768,0.5501355013550135,1.0
430,1,tma2_E1,0.0,0.282735394892197,0.7424242424242424,1.0
431,1,tma2_E1,0.0,0.641617313322435,0.5,1.0
432,1,tma2_E1,0.0,0.2933549115843379,0.5714285714285714,1.0
433,1,tma2_E1,0.0,0.7243991439697232,0.6761904761904762,1.0
434,1,tma2_E1,0.0,0.164214926097342,0.8333333333333334,0.7801605559399857
435,1,tma2_E1,0.0,0.572863991516181,0.7555555555555555,0.7799168679822841
436,1,tma2_E1,0.0,0.6329830810427566,1.0,1.0
437,1,tma2_F1,0.0,0.3755193112399984,0.41590214067278286,0.7572496551344519
438,1,tma2_F1,0.0,0.16238826957043118,1.0,1.0
439,1,tma2_F1,0.0,0.6983134035987272,0.5769230769230769,0.9069204509206314
440,1,tma2_F1,0.0,0.6192333781136344,0.475,1.0
441,1,tma2_F1,0.0,0.06467713610557335,0.553072625698324,1.0
442,1,tma2_E1,0.0,0.4160297190129022,0.7377049180327869,0.8460013458951279
443,1,tma2_E1,0.0,0.21110183915886793,0.6047430830039525,0.6750247580620686
444,1,tma2_E1,0.0,0.35579144946327734,0.9166666666666666,1.0
445,1,tma2_E1,0.0,0.682429575245614,0.7608695652173914,0.8398486067551042
446,1,tma2_E1,0.0,0.5568905391265824,0.9166666666666666,0.9438317338811518
447,1,tma2_E1,0.0,0.43083727732326016,0.5,1.0
448,1,tma2_E1,0.0,0.5099882676372165,0.4691780821917808,0.8700342288788732
449,1,tma2_E1,0.0,0.3143524504745,0.7719298245614035,1.0
450,1,tma2_E1,0.0,0.5066928255732852,0.9230769230769231,1.0
451,1,tma2_F1,0.0,0.6193912645435113,0.5946969696969697,1.0
452,1,tma2_F1,0.0,0.07605766912324907,0.38730964467005075,1.0
453,1,tma2_F1,0.0,0.628512491961063,0.5825242718446602,1.0
454,1,tma2_F1,0.0,0.4666139723354088,0.8,0.7821070658374979
455,1,tma2_F1,0.0,0.44558237899937136,0.7428571428571429,0.8258866821020939
456,1,tma2_F1,0.0,0.20405972032810404,0.9583333333333334,0.868222559160864
457,1,tma2_F1,0.0,0.4108819063793554,0.7761194029850746,1.0
458,1,tma2_F1,0.0,0.5314868531025689,0.8055555555555556,1.0
459,1,tma2_F1,0.0,0.4772579485179146,1.0,0.8543829586743327
460,1,tma2_F1,0.0,0.5574137327628566,0.6153846153846154,0.9051350760215091
461,1,tma2_F1,0.0,0.02113786454232769,0.5076530612244898,0.7313769132786121
462,1,tma2_F1,0.0051271072426807285,0.19857959712489215,0.6611570247933884,0.6898617464083237
463,1,tma2_F1,0.0,0.37405093581748317,0.7936507936507936,0.8844736465912705
464,1,tma2_F1,0.0,0.3373591854490158,0.6410256410256411,1.0
465,1,tma2_F1,0.0,0.4112470545636585,1.0,1.0
466,1,tma2_E1,0.0,0.4211450009630284,0.5254237288135594,1.0
467,1,tma2_E1,0.0,0.3132875175217995,1.0,0.7073710837667857
468,1,tma2_E1,0.0,0.3598169462067805,0.6041666666666666,1.0
469,1,tma2_E1,0.0,0.5081905654354797,0.8,0.9375226402810436
470,1,tma2_E1,0.0,0.24933159916245418,0.5,0.8867580764759845
471,1,tma2_E1,0.0,0.3621645107446231,0.5425531914893617,0.7116437388732811
472,1,tma2_E1,0.0,0.29044605735345663,0.6277372262773723,0.8195646570348194
473,1,tma2_E1,0.0,0.5819339690136462,0.49333333333333335,1.0
474,1,tma2_E1,0.0,0.37795655429300445,0.9615384615384616,1.0
475,1,tma2_E1,0.0,0.6599438559316664,0.8235294117647058,0.8334993327189092
476,1,tma2_E1,0.0,0.39748604189561865,0.42,0.9162297638594941
477,1,tma2_E1,0.0,0.4720902066256304,0.5529715762273901,1.0
478,1,tma2_E1,0.0,0.428149283189711,0.7702702702702703,1.0
479,1,tma2_D1,0.0,0.17595911084126514,0.9545454545454546,0.5791460477285656
480,1,tma2_D1,0.0,0.48477127542128995,0.6736842105263158,0.800126093616615
481,1,tma2_D1,0.0,0.6202983911738899,0.7777777777777778,1.0
482,1,tma2_D1,0.0,0.5957516425668022,0.9473684210526315,0.8781477416829835
483,1,tma2_D1,0.051712802167903194,0.03920464225912135,0.42038216560509556,0.7369449141241823
484,1,tma2_D1,0.0,0.08689411430828509,1.0,0.7670929007195144
485,1,tma2_D1,0.0,0.3395024587648612,0.9047619047619048,1.0
486,1,tma2_E1,0.0,0.5653717048328413,0.6953125,1.0
487,1,tma2_E1,0.0,0.4731967648944211,0.6172248803827751,0.7753730413098848
488,1,tma2_E1,0.0,0.055082277136041746,0.9411764705882353,0.8446585723306115
489,1,tma2_D1,0.0,0.3640863741092132,0.7424242424242424,0.7026106846974802
490,1,tma2_E1,0.0,0.5016139540749401,0.4166666666666667,1.0
491,1,tma2_E1,0.0,0.6777887769821326,0.6774193548387096,1.0
492,1,tma2_E1,0.0,0.36245755647214295,0.5590551181102362,0.7919767734317225
493,1,tma2_E1,0.0,0.22593483065464715,0.8846153846153846,0.7116107735172944
494,1,tma2_E1,0.0,0.30912621971861,0.8356164383561644,0.7265099939413587
495,1,tma2_E1,0.0,0.7018461011305057,0.8,1.0
496,1,tma2_E1,0.0,0.34988735804715654,0.8888888888888888,0.8255232043616159
497,1,tma2_B2,0.0,0.3580521245584465,0.349048968029138,0.7222244271628122
498,1,tma2_B2,0.0,0.43994059460035173,0.875,0.8246337798359799
499,1,tma2_B2,0.0,0.707088674641906,0.8260869565217391,1.0
500,1,tma2_B2,0.0,0.6815453132442796,0.9142857142857143,1.0
501,1,tma2_B2,0.0,0.5506636606163178,0.6378896882494005,1.0
502,1,tma2_B2,0.0,0.5097312978338995,0.5849802371541502,1.0
503,1,tma2_B2,0.0,0.5082478917649246,0.7313432835820896,1.0
504,1,tma2_B2,0.0,0.6376533656107775,0.4819277108433735,1.0
505,1,tma2_B2,0.0,0.10757933346496396,0.5675422138836773,0.8106764612716275
506,1,tma2_B2,0.0,0.10407909930278558,0.7483221476510067,0.7092982769187565
507,1,tma2_B2,0.0,0.45947360552051364,0.6298701298701299,1.0
508,1,tma2_B2,0.0,0.31437156984604586,0.7298850574712644,0.7857946838181635
509,1,tma2_B2,0.0,0.5361534819233115,0.8095238095238095,1.0
510,1,tma2_B2,0.0,0.4320588358129712,0.44814814814814813,0.8093461373488096
511,1,tma2_B2,0.0,0.2527744455381927,0.5128205128205128,1.0
512,1,tma2_B2,0.0,0.5351333370331597,0.6384180790960452,1.0
513,1,tma2_B2,0.0,0.48426602108527417,0.5869565217391305,1.0
514,1,tma2_B2,0.0,0.6402813697929866,0.5272108843537415,1.0
515,1,tma2_B2,0.0,0.7076788179284912,1.0,1.0
516,1,tma2_B2,0.0,0.46791487471766846,0.6762589928057554,1.0
517,1,tma2_B2,0.0,0.440036007314179,0.8888888888888888,0.8047361903217861
518,1,tma2_B2,0.0,0.18248882805642774,0.7611940298507462,1.0
519,1,tma2_B2,0.0,0.5680977384510851,0.38585858585858585,1.0
520,1,tma2_B2,0.0,0.634099799615252,0.559322033898305,0.8267359617873594
521,1,tma2_B2,0.0,0.047345058298475906,0.47569955817378495,0.7543169671550486
522,1,tma2_B2,0.0,0.29307226490008575,0.8813559322033898,0.7785486036764397
523,1,tma2_B2,0.0,0.49436631658207253,0.6292134831460674,1.0
524,1,tma2_B2,0.0,0.263714088950892,0.75,0.6896730566333631
525,1,tma2_B2,0.0,0.3115964673087239,0.583732057416268,0.8795945642823731
526,1,tma2_B2,0.0,0.5135715958687468,0.723404255319149,1.0
527,1,tma2_B2,0.0,0.6195809505210248,0.8,1.0
528,1,tma2_B2,0.0,0.5691597649940534,0.5588235294117647,1.0
529,1,tma2_B2,0.0,0.5505463385351673,0.7777777777777778,1.0
530,1,tma2_B3,0.0,0.43556366718697725,0.7457627118644068,1.0
531,1,tma2_B3,0.0,0.13734774002106975,1.0,0.6498525391762179
532,1,tma2_B3,0.0,0.3982400349811558,0.4632405424696645,1.0
533,1,tma2_B3,0.0,0.584179566718082,0.65,0.9147826096994897
534,1,tma2_B3,0.0,0.5012071747426261,0.46275752773375595,0.7766658559979648
535,1,tma2_B3,0.0,0.6783927106900326,0.5614035087719298,1.0
536,1,tma2_B3,0.0,0.7912430840464048,0.8947368421052632,1.0
537,1,tma2_B3,0.0,0.6239183453162761,0.92,1.0
538,1,tma2_B3,0.0,0.08786357595895877,0.8636363636363636,0.8281162696851863
539,1,tma2_B3,0.0,0.5949833395141851,0.6310679611650486,1.0
540,1,tma2_B3,0.0,0.2182333543306889,0.84375,1.0
541,1,tma2_B3,0.0,0.5934061777812107,0.5370370370370371,1.0
542,1,tma2_A3,0.0,0.16308496333683953,0.4640962150689777,0.7534917436625251
543,1,tma2_D3,0.0,0.2235559469157935,0.47368421052631576,0.8808921761229407
544,1,tma2_D3,0.0,0.6509991001847601,0.896551724137931,1.0
545,1,tma2_A3,0.0,0.27017843071967185,0.5574712643678161,0.9161026262639558
546,1,tma2_A3,0.0,0.02397884979907594,0.536,0.7721736839613964
547,1,tma2_A3,0.0,0.4392907759625887,0.8305084745762712,0.8655300815053033
548,1,tma2_A3,0.0,0.4687037256292419,0.4279149913842619,0.8580652041957767
549,1,tma2_A3,0.0,0.013196215171693115,0.6851851851851852,0.704285066096572
550,1,tma2_A3,0.0,0.6472700299806626,0.5371621621621622,1.0
551,1,tma2_A3,0.0,0.43492909812672365,0.37084398976982097,0.794133838821732
552,1,tma2_B3,0.0,0.43420869895878833,0.7619047619047619,1.0
553,1,tma2_A3,0.0,0.26639870249171604,0.7358490566037735,0.8780019958254647
554,1,tma2_A3,0.0,0.3448905289800249,0.7666666666666667,0.7494312874623948
555,1,tma2_A3,0.0,0.30114864892643745,0.868421052631579,0.9358349036141876
556,1,tma2_A3,0.0,0.3347994701186524,0.5862068965517241,1.0
557,1,tma2_A3,0.0,0.4189373846032194,0.9487179487179487,1.0
558,1,tma2_A3,0.0,0.307619253510402,0.5748031496062992,1.0
559,1,tma2_A3,0.0,0.5757866620243026,0.7916666666666666,1.0
560,1,tma2_B2,0.0,0.11615517520626495,0.6206896551724138,0.9026692460464153
561,1,tma2_B2,0.0,0.5099785970671105,0.9,1.0
562,1,tma2_B2,0.0,0.603289905246458,0.7816091954022989,0.934192684606118
563,1,tma2_B2,0.0,0.6057170757329731,1.0,1.0
564,1,tma2_B2,0.0,0.06490358055405177,0.8775510204081632,0.7688832470582789
565,1,tma2_B2,0.0,0.5293927641263572,0.7931034482758621,0.8121621204121228
566,1,tma2_B2,0.0,0.06471477756047994,1.0,0.9190564392212605
567,1,tma2_B2,0.0,0.1442769831646843,0.7094017094017094,0.6241865197228883
568,1,tma2_B2,0.0,0.6317822287785475,0.875,1.0
569,1,tma2_B2,0.0,0.3496444581618904,0.8461538461538461,1.0
570,1,tma2_B2,0.0,0.5053584450265429,0.6146616541353384,1.0
571,1,tma2_B2,0.0,0.542838970341831,0.6074498567335244,1.0
572,1,tma2_B2,0.0,0.1886645364500006,1.0,1.0
573,1,tma2_B2,0.0,0.239893560611525,0.7540983606557377,0.8834428764954158
574,1,tma2_B2,0.0,0.637942337343312,0.625,0.9389676668957212
575,1,tma2_B2,0.0,0.470747240687881,0.7894736842105263,1.0
576,1,tma2_B2,0.0,0.4452502969620714,0.8292682926829268,1.0
577,1,tma2_B2,0.0,0.6077929181675235,0.9285714285714286,1.0
578,1,tma2_B2,0.0,0.33504712369211587,0.6071428571428571,0.8979259333373
579,1,tma2_B3,0.0,0.22170394963375328,0.4338235294117647,0.7318607534526633
580,1,tma2_A3,0.0,0.28559807232393575,0.3384615384615385,1.0
581,1,tma2_A3,0.0,0.29780859570002904,0.7647058823529411,0.8675195862322475
582,1,tma2_A3,0.0,0.4690045422105519,0.7804878048780488,1.0
583,1,tma2_A3,0.0,0.01223873497155914,0.6727272727272727,0.756868944859519
584,1,tma2_A3,0.0,0.5215424743602853,0.5389221556886228,0.9043128462271562
585,1,tma2_A3,0.0,0.4371359825867076,0.7857142857142857,0.8030450774220956
586,1,tma2_A3,0.0,0.5682885473031104,0.7368421052631579,1.0
587,1,tma2_A3,0.0,0.41042565109861584,0.7254901960784313,1.0
588,1,tma2_A3,0.0,0.7671059538091871,0.8333333333333334,0.8918764616466622
589,1,tma2_A3,0.0,0.4843397306555236,0.75,0.8940560850460982
590,1,tma2_D3,0.0,0.43253832436972095,0.39620081411126185,0.7853088111673242
591,1,tma2_D3,0.0,0.5062004374088487,0.56,0.8999912945951387
592,1,tma2_B3,0.0,0.6954982946916192,0.7101449275362319,1.0
593,1,tma2_B3,0.0,0.5771083671198469,0.775,1.0
594,1,tma2_B3,0.0,0.47552855330490307,0.4652777777777778,1.0
595,1,tma2_B3,0.0,0.6335267385808634,0.8148148148148148,1.0
596,1,tma2_B3,0.0,0.6657711146223606,0.7272727272727273,0.8556535300715975
597,1,tma2_B3,0.0,0.2343819349997449,0.46236559139784944,1.0
598,1,tma2_F1,0.0,0.47765614232775977,0.9130434782608695,1.0
599,1,tma2_F1,0.0,0.613040518176789,0.4606741573033708,1.0
600,1,tma2_F1,0.0,0.6149357629108322,0.9210526315789473,1.0
601,1,tma2_F1,0.0,0.645031041701895,0.7184466019417476,1.0
602,1,tma2_F1,0.0,0.6264323767395967,0.8823529411764706,0.9322771352759396
603,1,tma2_F1,0.0,0.17418202177585262,0.6892430278884463,0.7115107526993952
604,1,tma2_F1,0.0,0.5883716643515433,0.8205128205128205,0.8880804450237404
605,1,tma2_F1,0.0,0.28466040876638776,0.5485232067510548,0.7259368221233583
606,1,tma2_F1,0.0,0.2458256524999497,0.6060606060606061,0.7676061357807352
607,1,tma2_F1,0.0,0.6772646282518071,0.6885245901639344,1.0
608,1,tma2_F1,0.0,0.12970452375602137,0.8181818181818182,0.7883278841393847
609,1,tma2_F1,0.0,0.4212014306148789,0.5706051873198847,0.817240751146695
610,1,tma2_F1,0.0,0.36519917724776185,0.5855614973262032,0.769357213262819
611,1,tma2_F1,0.0,0.2646233086120148,0.5333333333333333,0.740988727388847
612,1,tma2_F1,0.0,0.11532523488249302,1.0,0.7679098155691999
613,1,tma2_F1,0.0,0.40647840708721705,0.6231884057971014,0.82317766819658
614,1,tma2_F1,0.0,0.5768864942129224,0.6,1.0
615,1,tma2_F1,0.0,0.5946221147551336,0.6666666666666666,1.0
616,1,tma2_F1,0.0,0.3001513687268117,0.5882352941176471,0.7426301412983152
617,1,tma2_F1,0.0,0.6861742827553747,0.5,0.8670446549455204
618,1,tma2_F1,0.0,0.6281274638603644,0.8269230769230769,1.0
619,1,tma2_F1,0.0,0.4169773257829792,0.7627118644067796,1.0
620,1,tma2_F1,0.0,0.5844077763879385,1.0,1.0
621,1,tma2_F1,0.0,0.21770692206995124,0.5142857142857142,0.7690248950572994
622,1,tma2_F1,0.0,0.49768335428699373,0.6944444444444444,0.9072728225722263
623,1,tma2_F1,0.0,0.1640849470379253,0.9411764705882353,0.65375156343023
624,1,tma2_F1,0.0,0.3209410895392776,0.7808219178082192,1.0
625,1,tma2_F1,0.0,0.47991628020018295,0.7107438016528925,1.0
626,1,tma2_F1,0.0,0.3025847190978497,0.8947368421052632,0.752600441307212
627,1,tma2_F1,0.0,0.4753717347842522,0.9615384615384616,1.0
628,1,tma2_F1,0.0,0.2019506733229236,0.6216216216216216,0.7062647637064671
629,1,tma2_F1,0.0,0.6050169075772087,0.7666666666666667,1.0
630,1,tma2_F1,0.0,0.7667382202887615,0.8,1.0
631,1,tma2_F1,0.0,0.7296991155595679,0.7037037037037037,1.0
632,1,tma2_E3,0.0,0.4069961096988304,0.5977011494252874,0.7134383292295311
633,1,tma2_D3,0.0,0.4130296800840454,0.5405405405405406,0.7843657209454902
634,1,tma2_D3,0.0,0.6004859719114819,0.6,1.0
635,1,tma2_D3,0.0,0.40244506505413236,0.5850439882697948,0.911967875525143
636,1,tma2_D3,0.0,0.6217689725855708,0.9411764705882353,0.810886652766913
637,1,tma2_D3,0.0,0.44493202290750433,0.42473118279569894,1.0
638,1,tma2_D3,0.0,0.6192592386741071,0.8571428571428571,1.0
639,1,tma2_D3,0.0,0.6417065816850662,1.0,0.8208493573459908
640,1,tma2_D3,0.0,0.7437649056661941,0.7777777777777778,1.0
641,1,tma2_D3,0.0,0.5023348937545067,0.9545454545454546,1.0
642,1,tma2_D3,0.0,0.3310544986893017,0.5178571428571429,0.624602341969257
643,1,tma2_D3,0.0,0.431094231116523,0.6585365853658537,0.6085069800155168
644,1,tma2_D3,0.0,0.2984560530274768,0.8,1.0
645,1,tma2_D3,0.0,0.49692958432367007,0.6144578313253012,0.7978843578183366
646,1,tma2_D3,0.0,0.20252506767870504,0.8125,0.7512927234530757
647,1,tma2_D3,0.0,0.49886085461341556,0.8055555555555556,0.7688409984474547
648,1,tma2_D3,0.0,0.5816744894905403,0.9090909090909091,1.0
649,1,tma2_D3,0.0,0.2591596309420511,0.7465753424657534,0.7795306434902095
650,1,tma2_D3,0.0,0.21149797432860995,0.8,0.8356623115543377
651,1,tma2_D3,0.0,0.5389394383410334,0.8666666666666667,1.0
652,1,tma2_D3,0.017314540132620126,0.38062882344526905,0.6956521739130435,0.7573724769730613
653,1,tma2_D3,0.0,0.5045376408913843,0.60625,1.0
654,1,tma2_D3,0.0,0.35819544688376503,0.5333333333333333,1.0
655,1,tma2_E3,0.0,0.25664631398720483,0.4934823091247672,1.0
656,1,tma2_E2,0.0,0.3478755930611027,0.5484486873508353,1.0
657,1,tma2_E2,0.0,0.5249631705416609,0.8918918918918919,1.0
658,1,tma2_E2,0.0,0.499098171723548,1.0,1.0
659,1,tma2_E2,0.0,0.22074751599404185,0.8454545454545455,0.781265053103251
660,1,tma2_E2,0.0,0.409795181182555,0.4583333333333333,1.0
661,1,tma2_E2,0.0,0.5249929429018777,0.6129032258064516,1.0
662,1,tma2_E2,0.0,0.1628732229933908,0.49295774647887325,0.8186031351747097
663,1,tma2_E2,0.0,0.2861743780570267,0.9444444444444444,0.843653149760595
664,1,tma2_E2,0.0,0.09216359758852,0.5813953488372093,0.7007428340816616
665,1,tma2_E2,0.0,0.20141327306071144,0.8636363636363636,0.7673109161458839
666,1,tma2_E2,0.0,0.4348652385085522,0.5277777777777778,1.0
667,1,tma2_E1,0.0,0.2810616118473327,0.7857142857142857,0.8129665122317654
668,1,tma2_E1,0.0,0.49506216918115253,0.6875,0.9008372824222003
669,1,tma2_E1,0.0,0.5110172179914372,0.6938775510204082,1.0
670,1,tma2_E1,0.0,0.11676777262302385,0.5,0.8258046810294803
671,1,tma2_E1,0.0,0.6962001431605318,0.7261904761904762,1.0
672,1,tma2_E1,0.0,0.33286361005847676,0.8974358974358975,1.0
673,1,tma2_E2,0.0,0.0897192475206533,0.7105263157894737,0.8148676513277323
674,1,tma2_E2,0.0,0.4968235635661551,0.9411764705882353,0.785921914231622
675,1,tma2_E2,0.0,0.3343880187799869,0.8947368421052632,1.0
676,1,tma2_E2,0.0,0.015148787537018538,0.5182829888712241,1.0
677,1,tma2_E2,0.0,0.058960953971907815,1.0,0.8328658825593473
678,1,tma2_E2,0.0,0.26349015020506683,0.59375,0.6957043194567897
679,1,tma2_E2,0.0,0.29935402999923644,0.5217391304347826,0.6905362109969263
680,1,tma2_E2,0.0,0.38616353297932304,0.9565217391304348,0.8606705456396874
681,1,tma2_E2,0.0,0.3813653436238539,0.9285714285714286,1.0
682,1,tma2_E1,0.0,0.4886643074688056,0.5617977528089888,0.7990061286920702
683,1,tma2_E1,0.0,0.6472395719450398,0.5230769230769231,1.0
684,1,tma2_E2,0.0,0.6297874920654967,0.5882352941176471,0.8380974515170664
685,1,tma2_E2,0.0,0.40296722957359987,1.0,0.8853766697140535
686,1,tma2_E2,0.0,0.5121934765798279,1.0,1.0
687,1,tma2_E2,0.0,0.21783748682105342,0.5522388059701493,0.7398845865651917
688,1,tma2_E1,0.0,0.42300617400524465,1.0,1.0
689,1,tma2_E1,0.0,0.3066108194679291,0.7377049180327869,0.9498454675539839
690,1,tma2_E1,0.0,0.5510016634971925,0.8235294117647058,0.9421350018457224
691,1,tma2_E1,0.0,0.010713039468320584,0.6739130434782609,0.7326333887776869
692,1,tma2_E2,0.0,0.6118971992060322,0.8461538461538461,1.0
693,1,tma2_E2,0.0,0.30686594341867846,0.5454545454545454,0.8751898519915422
694,1,tma2_E2,0.0,0.37755645869000387,0.5548961424332344,1.0
695,1,tma2_E2,0.0,0.059156492593810506,0.6086956521739131,0.8959790386244171
696,1,tma2_E2,0.0,0.027080438940075058,0.8333333333333334,0.7729599943903641
697,1,tma2_E2,0.0,0.6217803486240157,0.6,0.8482978332410158
698,1,tma2_E2,0.0,0.08792034606540933,0.6111111111111112,0.8110804101820887
699,1,tma2_E2,0.0,0.008798959364255454,0.9285714285714286,0.726886116485875
700,1,tma2_E2,0.0,0.3131032480584438,0.9473684210526315,0.7565516341423106
701,1,tma2_E2,0.0,0.5608094127469614,0.45348837209302323,0.8238126407146366
702,1,tma2_E2,0.0,0.7000796298541649,0.7592592592592593,1.0
703,1,tma2_E2,0.0,0.6727734584631104,0.8666666666666667,1.0
704,1,tma2_E2,0.0,0.5491280321106213,0.8823529411764706,0.8415711757607423
705,1,tma2_E2,0.0,0.5187572123548083,0.6818181818181818,0.8418424859966516
706,1,tma2_E2,0.0,0.35986696070718127,0.5454545454545454,1.0
707,1,tma2_E2,0.0,0.6248654320471208,0.84375,1.0
708,1,tma2_E2,0.0,0.2135770488150508,1.0,0.7663758585625621
709,1,tma2_E2,0.0,0.2793374515595549,0.8481675392670157,0.7403705643266926
710,1,tma2_E2,0.0,0.6604682173291997,0.8,1.0
711,1,tma2_E2,0.0,0.1831016743884497,0.9347826086956522,1.0
712,1,tma2_E2,0.0,0.6368236842578652,0.8,0.8330362756753732
713,1,tma2_F1,0.02760210474782676,0.4129758414926682,0.8181818181818182,1.0
714,1,tma2_F1,0.0,0.3776257836286804,0.907563025210084,1.0
715,1,tma2_F1,0.0,0.2905448073584683,0.7222222222222222,1.0
716,1,tma2_F1,0.0,0.4754246217864103,0.603448275862069,1.0
717,1,tma2_F1,0.0,0.1711919314296393,0.6396396396396397,0.6164298568467709
718,1,tma2_F1,0.0,0.28559561938303024,0.6586826347305389,0.7485345053221906
719,1,tma2_F1,0.0,0.43718292970859085,0.7272727272727273,1.0
720,1,tma2_F1,0.0,0.5686481654641538,0.7874015748031497,1.0
721,1,tma2_F1,0.0,0.4787939732779647,0.6223776223776224,1.0
722,1,tma2_F1,0.0,0.4411349408304105,0.5825242718446602,1.0
723,1,tma2_F1,0.0,0.027057711832677245,0.4519774011299435,0.7706386131570897
724,1,tma2_F1,0.0,0.3944105475004167,0.5495867768595041,0.8069236519688404
725,1,tma2_F3,0.0,0.1412816377033348,0.9209039548022598,0.9149117954920778
726,1,tma2_F3,0.0,0.18567648714179075,0.9895833333333334,1.0
727,1,tma2_F3,0.0,0.20754634267964955,0.9733333333333334,0.8712841611854442
728,1,tma2_F3,0.0,0.06506444516549381,0.46066927422859627,0.8277937598012101
729,1,tma2_F3,0.0,0.3754160461811069,0.9298245614035088,0.7971778017544086
730,1,tma2_F3,0.0,0.5727568710038837,0.775,1.0
731,1,tma2_F3,0.0,0.43422911392855257,0.6815286624203821,0.7579629292814418
732,1,tma2_F3,0.0,0.6477258126417205,0.6923076923076923,1.0
733,1,tma2_F3,0.0,0.4096448486870202,0.8860759493670886,0.8586130498066394
734,1,tma2_F3,0.0,0.7357654626924134,0.8571428571428571,1.0
735,1,tma2_F3,0.0,0.05928224291965978,0.6099644128113879,1.0
736,1,tma2_F3,0.0,0.5001896323390006,0.9655172413793104,0.8969009006928825
737,1,tma2_F3,0.0,0.3980394557809276,0.9354838709677419,1.0
738,1,tma2_F1,0.0,0.3440389213348233,0.75,0.7259488476500613
739,1,tma2_F1,0.0,0.49298299632783893,0.6,0.7936714641088987
740,1,tma2_D1,0.0,0.7278984284693153,1.0,1.0
741,1,tma2_D1,0.0,0.4880751321308816,0.8518518518518519,1.0
742,1,tma2_D1,0.0,0.41566115452773145,0.5047169811320755,0.7359846421308055
743,1,tma2_D1,0.0,0.5032529774167217,0.8333333333333334,0.7530593210700633
744,1,tma2_D1,0.0,0.7014017879816759,0.5925925925925926,1.0
745,1,tma2_D1,0.0,0.4634632466534695,0.9117647058823529,0.769734219079719
746,1,tma4_C1,0.0,0.3912511376614338,0.7272727272727273,0.878104879205035
747,1,tma4_C1,0.0,0.31152838637697466,0.8636363636363636,0.777258093734528
748,1,tma4_C1,0.0,0.27350899797681394,0.768595041322314,0.7192147138568749
749,1,tma4_C1,0.0,0.1646330780657489,0.8518518518518519,1.0
750,1,tma4_C1,0.0,0.16248163612299282,0.96,0.7407541422925901
751,1,tma4_C1,0.0,0.6369988993398119,0.6956521739130435,1.0
752,1,tma4_C1,0.0,0.4584403948278849,0.6,0.9020685064622408
753,1,tma4_C1,0.0,0.30910763825334264,0.6949152542372882,0.8423490666564732
754,1,tma4_C1,0.0,0.601442519051853,0.9047619047619048,1.0
755,1,tma4_C1,0.0,0.571721570857608,0.9090909090909091,0.8034619457442851
756,1,tma4_C1,0.0,0.6958089180626295,0.7727272727272727,1.0
757,1,tma4_C1,0.0,0.10547002306684894,1.0,0.7668777579903802
758,1,tma4_C1,0.0,0.526567321312794,0.625,0.8064203138507123
759,1,tma4_C1,0.0,0.3593871713140564,1.0,1.0
760,1,tma4_C1,0.0,0.42161159346635824,0.6196319018404908,0.8471124239339325
761,1,tma4_C1,0.0,0.6562930867863948,0.90625,1.0
762,1,tma4_C1,0.0,0.5842877744562737,0.6190476190476191,0.9494786100988296
763,1,tma4_C1,0.0,0.7453912568841956,0.7297297297297297,1.0
764,1,tma4_C1,0.0,0.30368031120290495,1.0,1.0
765,1,tma4_C1,0.0,0.017827528131009296,0.7631578947368421,0.6899905974702444
766,1,tma4_C1,0.0,0.6555696998886096,0.7,0.7742621188927269
767,1,tma4_C1,0.0,0.028467150384722473,0.6746031746031746,1.0
768,1,tma4_C1,0.0,0.22688977833858337,0.9375,0.7281309552306068
769,1,tma4_C1,0.0,0.35684719297246137,0.7619047619047619,1.0
770,1,tma4_C1,0.0,0.34788292399691834,0.5964912280701754,1.0
771,1,tma4_C1,0.0,0.2739401522739534,0.9523809523809523,0.7858116116356473
772,1,tma4_C1,0.0,0.11404459868728722,1.0,1.0
773,1,tma4_B3,0.0,0.12433522922115092,0.4574468085106383,0.7209468498621558
774,1,tma4_A3,0.0,0.08645972278338021,0.8611111111111112,1.0
775,1,tma4_B3,0.0,0.6741726090834248,0.8461538461538461,1.0
776,1,tma4_B3,0.0,0.4278968434498197,0.9411764705882353,0.9346615128283882
777,1,tma4_B3,0.0,0.5076641065151289,0.8113207547169812,0.8661720789022761
778,1,tma4_B3,0.0,0.16052765107641254,0.8260869565217391,0.7132417643974741
779,1,tma4_B3,0.0,0.4244787818144945,0.7,1.0
780,1,tma4_B3,0.0,0.6658059218612474,0.7727272727272727,1.0
781,1,tma4_B3,0.0,0.649991993518488,0.8461538461538461,1.0
782,1,tma4_B3,0.0,0.4086718451069238,0.8275862068965517,0.8539942017546912
783,1,tma4_B3,0.0,0.48325342299489105,0.7241379310344828,1.0
784,1,tma4_B3,0.0,0.5896082246865204,0.7567567567567568,1.0
785,1,tma4_B3,0.0,0.646955406494971,0.5,1.0
786,1,tma4_B3,0.0,0.5636955834307323,0.7402597402597403,1.0
787,1,tma4_B3,0.0,0.5872768628513203,0.5751633986928104,1.0
788,1,tma4_B3,0.0,0.6717587359269563,0.8823529411764706,1.0
789,1,tma4_B3,0.0,0.12548655596046188,1.0,0.8752823164467648
790,1,tma4_B3,0.0,0.004750405093615462,0.8421052631578947,0.766402797558721
791,1,tma4_B3,0.011817719243450653,0.049119330033283726,0.9047619047619048,1.0
792,1,tma4_A3,0.0,0.3689742730619402,1.0,1.0
793,1,tma4_A3,0.0,0.04603412340089241,0.5486111111111112,1.0
794,1,tma4_A3,0.00786936003373262,0.05253316911447625,0.6774193548387096,0.8166752176064725
795,1,tma4_A3,0.0,0.746481633968204,0.5538461538461539,1.0
796,1,tma4_A3,0.0,0.3072167643055995,0.8636363636363636,0.931267735068726
797,1,tma4_A3,0.0,0.4808460916998927,0.41379310344827586,0.8074262078314973
798,1,tma4_A3,0.0,0.5279488411022374,1.0,1.0
799,1,tma4_B3,0.0,0.5809220056873455,0.3233082706766917,1.0
800,1,tma4_B3,0.0,0.08805750860842476,0.6222222222222222,0.8439056924645751
801,1,tma4_B3,0.0,0.433016885983058,1.0,1.0
802,1,tma4_B3,0.0,0.5824952150576654,0.7058823529411765,0.8320344035715951
803,1,tma4_C2,0.0,0.5238863927552784,1.0,1.0
804,1,tma4_C2,0.0,0.6398913944465958,0.7368421052631579,1.0
805,1,tma4_C1,0.0,0.558157211837788,0.4393939393939394,0.8820498245221793
806,1,tma4_C2,0.0,0.1821501932741849,0.5203761755485894,0.7533544000400413
807,1,tma4_C2,0.0,0.5785013849974703,0.96,0.7845965058771073
808,1,tma4_C2,0.0,0.4454746146037073,0.6984126984126984,0.8160023689931791
809,1,tma4_C2,0.07899980346874536,0.19698912143795544,0.7,0.7221712767360376
810,1,tma4_C2,0.0,0.6805981443283217,0.9,1.0
811,1,tma4_C2,0.0,0.580191791162098,0.5555555555555556,0.8019307420039996
812,1,tma4_B3,0.0,0.4138088392383058,0.9772727272727273,1.0
813,1,tma4_B3,0.0,0.23486975997835824,0.9583333333333334,0.7823010007935554
814,1,tma4_B3,0.0,0.6340944912516577,0.8928571428571429,1.0
815,1,tma4_B3,0.0,0.5874228223096696,0.76,1.0
816,1,tma4_B3,0.0,0.46684758304475216,0.5365853658536586,1.0
817,1,tma4_C2,0.0,0.7053172109750342,0.5224719101123596,1.0
818,1,tma4_C2,0.0,0.18055030183303322,1.0,0.7905794330874861
819,1,tma4_C2,0.0,0.6223603329199889,0.8695652173913043,1.0
820,1,tma4_C2,0.0,0.6770999924811206,0.9230769230769231,1.0
821,1,tma4_C2,0.0,0.012464250785995223,0.6271186440677966,1.0
822,1,tma4_C2,0.0,0.015215862619023302,1.0,0.6966374576193505
823,1,tma4_C2,0.0,0.3676958956147217,1.0,0.726935454566157
824,1,tma4_C3,0.0,0.6079619132872648,0.8181818181818182,1.0
825,1,tma4_C3,0.0,0.6463466976358709,0.8793103448275862,1.0
826,1,tma4_B3,0.0,0.5978616668761674,0.75,0.868947636576793
827,1,tma4_C3,0.0,0.16879684423546448,0.96,0.7709104158851664
828,1,tma4_C3,0.0,0.29748447275646084,1.0,1.0
829,1,tma4_C3,0.0,0.6294866125906262,0.9,1.0
830,1,tma4_C3,0.0,0.4885147305934181,0.9375,1.0
831,1,tma4_C3,0.0,0.3998805095776419,1.0,1.0
832,1,tma4_C3,0.0,0.032272171876658096,0.92,0.7274737194603719
833,1,tma4_C3,0.0,0.6404479990584407,0.85,0.9128504455773541
834,1,tma4_B3,0.0,0.6145359180040928,0.8,0.840147217575215
835,1,tma4_B3,0.0,0.36451240787830486,0.86,0.9472307289794075
836,1,tma4_B3,0.0,0.47495932963612797,0.9714285714285714,0.8375124371439233
837,1,tma4_C3,0.0,0.35806083367033503,0.7727272727272727,0.7756738482528482
838,1,tma4_E1,0.0,0.47771776320360215,0.6212121212121212,1.0
839,1,tma4_E1,0.0,0.7822455354464083,0.8571428571428571,1.0
840,1,tma4_C1,0.0,0.47484909184451696,0.6447368421052632,0.9385599059832185
841,1,tma4_C1,0.0,0.6246684721197231,0.8690476190476191,1.0
842,1,tma4_C1,0.0,0.3065162972076393,0.8292682926829268,0.9142299134728714
843,1,tma4_C1,0.0,0.2188895272635346,0.7619047619047619,0.8729724820128881
844,1,tma4_D1,0.0,0.542770568972569,0.8235294117647058,1.0
845,1,tma4_D1,0.0,0.011919504230175404,0.8181818181818182,0.7276873359893193
846,1,tma4_D1,0.0,0.5025998828922023,1.0,1.0
847,1,tma4_D1,0.0,0.3213538869199717,0.5675675675675675,0.7071103120175405
848,1,tma4_D1,0.0,0.38234138280669616,0.574585635359116,0.7780957802247326
849,1,tma4_D1,0.0,0.23975468514322051,0.43854748603351956,0.7438854653711984
850,1,tma4_D1,0.0,0.40868529685925425,0.9310344827586207,0.8671365624719714
851,1,tma4_E1,0.0,0.20499420184167938,0.5950764006791172,0.8902473596438638
852,1,tma4_E1,0.0,0.3482422911496619,0.6986301369863014,0.7337236220633675
853,1,tma4_D1,0.0,0.5056954881203419,1.0,1.0
854,1,tma4_D1,0.0,0.33534110825778907,0.5283018867924528,0.7333078707778283
855,1,tma4_D1,0.0,0.5398657139331866,0.5466666666666666,1.0
856,1,tma4_D1,0.0,0.11999657441708755,0.94,0.9115292656297217
857,1,tma4_D1,0.0,0.5723898159698968,0.65625,0.9351192375697169
858,1,tma4_D1,0.0,0.04790488755471711,0.5798319327731093,0.783471684371955
859,1,tma4_D1,0.0,0.43565090877469315,1.0,1.0
860,1,tma4_D1,0.0,0.06869276518238554,0.9333333333333333,0.7590615850012115
861,1,tma4_C1,0.0,0.4110351920513451,0.5575221238938053,0.7863131812316042
862,1,tma4_C1,0.0,0.6641627539948937,0.64,1.0
863,1,tma4_C1,0.0,0.6907608965289991,0.6666666666666666,1.0
864,1,tma4_C1,0.0,0.2655734920258144,0.896551724137931,0.7379622935553202
865,1,tma4_E1,0.0,0.41182347665767083,0.45446623093681915,1.0
866,1,tma4_F1,0.0,0.5614729980522369,0.6357142857142857,1.0
867,1,tma4_F1,0.0,0.46276544777144135,1.0,0.7789720768192565
868,1,tma4_G1,0.0,0.7061153035078577,0.7708333333333334,0.9123668345042739
869,1,tma4_G1,0.0,0.3183703178917602,0.6071428571428571,0.933761726721925
870,1,tma4_G1,0.0,0.5120648075828743,0.6212121212121212,0.8042777067026905
871,1,tma4_F1,0.0,0.6750278299620608,0.5894568690095847,1.0
872,1,tma4_E1,0.0,0.45853494112361926,0.6339869281045751,1.0
873,1,tma4_E1,0.0,0.43945218757270654,0.6071428571428571,1.0
874,1,tma4_E1,0.0,0.3582749983532252,0.5210918114143921,0.7588106844129691
875,1,tma4_E1,0.0,0.3237176336279409,0.5952380952380952,1.0
876,1,tma4_F1,0.0,0.3221202272566338,0.6585365853658537,0.7418531753791124
877,1,tma4_E1,0.0,0.6706323007786976,0.6924731182795699,1.0
878,1,tma4_E1,0.0,0.7671180614139202,0.7644787644787645,1.0
879,1,tma4_E1,0.0,0.5708111818233405,0.6949152542372882,0.8425023768832921
880,1,tma4_E1,0.0,0.5810358710625474,0.45673989693517764,1.0
881,1,tma4_E1,0.0,0.24361183396560226,0.72,0.7185158558262277
882,1,tma4_E1,0.0,0.566131883106741,0.7222222222222222,1.0
883,1,tma4_D1,0.0,0.42015483058502945,0.4578313253012048,0.8523064857090142
884,1,tma4_D1,0.0,0.5066220191116517,0.651685393258427,1.0
885,1,tma4_D1,0.0,0.5179665731745835,0.9411764705882353,1.0
886,1,tma4_F1,0.0,0.5680322880982476,0.7520661157024794,1.0
887,1,tma4_F1,0.0,0.519840550455938,0.597714972940469,1.0
888,1,tma4_F1,0.0,0.4785579087494354,1.0,0.8974115597558088
889,1,tma4_F1,0.0,0.6231486825298918,1.0,1.0
890,1,tma4_F1,0.0,0.6446369740199307,0.5131578947368421,1.0
891,1,tma4_F1,0.0,0.189355512242936,0.8604651162790697,0.9407899634384164
892,1,tma4_F1,0.0,0.5815774113885304,0.851063829787234,1.0
893,1,tma4_F1,0.0,0.33030677895055005,0.7966101694915254,0.7763429893008178
894,1,tma4_F1,0.0,0.2662514836903307,0.9005847953216374,0.7106382748436746
895,1,tma4_F1,0.0,0.2919116858822781,0.56,1.0
896,1,tma4_F1,0.0,0.3234956026749264,1.0,1.0
897,1,tma4_F1,0.0,0.29601424273091803,0.7142857142857143,0.7525900550603226
898,1,tma4_G1,0.0,0.24139278464991332,0.85,0.8777226904795159
899,1,tma4_G1,0.0,0.3188394806779329,0.7368421052631579,0.8585297583922143
900,1,tma4_G1,0.0,0.7177638226720917,0.6785714285714286,1.0
901,1,tma4_G1,0.0,0.5430005576601882,0.6666666666666666,1.0
902,1,tma4_G1,0.0,0.5705598301964327,0.4088669950738916,1.0
903,1,tma4_G1,0.0,0.5593958274758302,0.7380952380952381,1.0
904,1,tma4_G1,0.0,0.3817662139061687,0.6031746031746031,0.8280423681249361
905,1,tma4_G1,0.0,0.3054717162244781,0.6326530612244898,0.7348129157608969
906,1,tma4_G1,0.0,0.5497215255489493,0.5345911949685535,1.0
907,1,tma4_G1,0.0,0.3325289478111192,0.5369127516778524,0.711886991173947
908,1,tma4_G1,0.0,0.3530317517172966,0.5952380952380952,0.911464232906507
909,1,tma4_G1,0.0,0.5692191809593619,0.4619883040935672,1.0
910,1,tma4_G1,0.0,0.5516621518783267,0.65,1.0
911,1,tma4_G1,0.0,0.41319412801324795,0.7614678899082569,0.9015136472012447
912,1,tma4_G1,0.0,0.19703630551936635,0.9583333333333334,1.0
913,1,tma4_G1,0.0,0.741102174092186,0.6391752577319587,1.0
914,1,tma4_G1,0.0,0.07161812747298968,0.5058823529411764,0.736102382324904
915,1,tma4_G1,0.0,0.06091917898800803,0.425,0.6917159408165426
916,1,tma4_G1,0.0,0.40391158194630217,1.0,1.0
917,1,tma4_G1,0.0,0.3804475318373428,0.7741935483870968,1.0
918,1,tma4_G1,0.0,0.30052920047959186,0.6062992125984252,0.835488974035292
919,1,tma4_G1,0.0,0.25456979746794417,0.45222929936305734,0.7245797303462831
920,1,tma4_G1,0.0,0.6281756911043876,0.5757575757575758,1.0
921,1,tma4_G1,0.0,0.658957591048366,0.5166666666666667,1.0
922,1,tma4_G1,0.0,0.5624111254316259,0.7741935483870968,1.0
923,1,tma4_E1,0.0,0.44468352876931605,0.9285714285714286,1.0
924,1,tma4_E1,0.0,0.14329414517321948,0.8524590163934426,0.8229623221040603
925,1,tma4_E1,0.0,0.42493615703728393,0.8316831683168316,1.0
926,1,tma4_E1,0.0,0.4722767565484457,1.0,0.7626179616053722
927,1,tma4_F1,0.0,0.310122011173828,0.8055555555555556,1.0
928,1,tma4_F1,0.0,0.49912492913856654,0.8214285714285714,0.8737932657427198
929,1,tma4_F1,0.0,0.6107378502624561,0.6282722513089005,1.0
930,1,tma4_F1,0.0,0.28508767351630726,0.8253968253968254,0.7284862302457757
931,1,tma4_F1,0.0,0.4516635258663261,0.7375,0.7436788882768676
932,1,tma4_F1,0.0,0.39965537812438023,1.0,0.7766407340482612
933,1,tma4_E1,0.0,0.08408094160436375,1.0,0.8283199223807268
934,1,tma4_E1,0.0,0.49582238556006797,1.0,0.8601010049223868
935,1,tma4_E1,0.0,0.4154748025780165,0.9420289855072463,1.0
936,1,tma4_E1,0.0,0.25838011358722457,1.0,0.7420941868754573
937,1,tma4_E1,0.0,0.5680502188817592,0.6016260162601627,1.0
938,1,tma4_D1,0.0,0.6985303451712432,0.5294117647058824,1.0
939,1,tma4_D1,0.0,0.3295338695976848,0.7796610169491526,0.9412741023356727
940,1,tma4_D1,0.0,0.4466195438328112,0.5819209039548022,1.0
941,1,tma4_D1,0.0,0.5531948734892801,0.6229508196721312,1.0
942,1,tma4_D1,0.0,0.3998245621290124,0.7058823529411765,1.0
943,1,tma4_D1,0.0,0.633242618661952,0.95,1.0
944,1,tma4_D1,0.0,0.0007736439530148242,0.6578947368421053,0.9199777814301846
945,1,tma4_D1,0.0,0.25939842753562614,0.9444444444444444,0.8414176902636309
946,1,tma4_E3,0.0,0.21328344832201407,0.7878787878787878,0.8573818045139572
947,1,tma4_E3,0.0,0.29859782884092145,0.42177589852008457,1.0
948,1,tma4_E3,0.0,0.2436540451276189,0.9285714285714286,0.7641400391990468
949,1,tma4_F3,0.0,0.6626392018883193,0.496875,1.0
950,1,tma4_F3,0.0,0.5292289363578155,0.4756944444444444,1.0
951,1,tma4_F3,0.0,0.6272989271007618,0.7719298245614035,0.9017870328051185
952,1,tma4_F3,0.0,0.09423724974771697,0.6363636363636364,0.8275186922402071
953,1,tma4_F3,0.0,0.5164593228165428,0.8536585365853658,1.0
954,1,tma4_F3,0.0,0.3125443068558381,0.7,1.0
955,1,tma4_E3,0.0,0.15937282461218194,0.475,1.0
956,1,tma4_F3,0.0,0.25066477842779966,0.7222222222222222,0.7364371380692537
957,1,tma4_F3,0.0,0.6390643152061815,0.8292682926829268,1.0
958,1,tma4_F3,0.0,0.52689771191021,0.5625,0.8391032031835508
959,1,tma4_F3,0.0,0.26693759053247823,0.4934725848563969,0.7601958624444621
960,1,tma4_E3,0.0,0.49103457135233175,0.425531914893617,1.0
961,1,tma4_E3,0.0,0.48695836165649287,0.48616600790513836,0.8821247556659303
962,1,tma4_E3,0.0,0.5781940691772038,0.8076923076923077,1.0
963,1,tma4_E3,0.0,0.18796942291422136,0.5952380952380952,0.7929201277727059
964,1,tma4_E3,0.0,0.45454481316446294,0.6323529411764706,1.0
965,1,tma4_E3,0.0,0.3667844484857269,0.9,1.0
966,1,tma4_E3,0.0,0.45122489327330306,0.5236220472440944,0.7946745999995529
967,1,tma4_E3,0.0,0.09790154107695292,0.40956826137689617,0.6152569756634153
968,1,tma4_E3,0.0,0.12698819760285307,0.7666666666666667,0.7304492566484663
969,1,tma4_E3,0.0,0.45897244846350305,0.5957446808510638,1.0
970,1,tma4_E3,0.0,0.40986866994267135,0.6730769230769231,0.8975486384689487
971,1,tma4_E3,0.0,0.6369996181020836,0.5151515151515151,1.0
972,1,tma4_E3,0.0,0.6432662899778507,0.7916666666666666,0.8388822474706548
973,1,tma4_E3,0.0,0.5373868408070448,0.7083333333333334,0.8036276719135407
974,1,tma4_F3,0.0,0.4430978179518896,0.7692307692307693,0.818762154071788
975,1,tma4_C3,0.0,0.226957964770101,1.0,1.0
976,1,tma4_C3,0.0,0.5270663989234448,1.0,1.0
977,1,tma4_C3,0.0,0.3914518670860805,1.0,1.0
978,1,tma4_D2,0.0,0.6866896317372121,0.6326530612244898,0.9152031445586083
979,1,tma4_D2,0.0,0.23669311568892348,0.8888888888888888,0.869266030499744
980,1,tma4_D2,0.0,0.44361412794828103,0.5643564356435643,0.7674945000605219
981,1,tma4_D2,0.0,0.23590709437036073,0.85,0.937159231940777
982,1,tma4_D2,0.0,0.36055170137862436,0.8771929824561403,0.9256660621151429
983,1,tma4_D2,0.0,0.26188880496690625,0.589041095890411,0.7712545990583769
984,1,tma4_C3,0.0,0.3921375588018289,1.0,1.0
985,1,tma4_C3,0.0,0.19483905925556821,0.8125,0.8931980298740104
986,1,tma4_C3,0.0,0.34098972195041477,0.96875,0.6967199625800148
987,1,tma4_F2,0.0,0.3921289014408669,0.7916666666666666,0.7588440750622492
988,1,tma4_F2,0.0,0.4902851731120891,1.0,0.9235906216978551
989,1,tma4_F2,0.0,0.4903730106185,0.9545454545454546,0.8782375347811422
990,1,tma4_F2,0.0,0.6243094325871238,0.9285714285714286,1.0
991,1,tma4_F2,0.0,0.09286683095916048,0.9767441860465116,0.7842857491802294
992,1,tma4_F2,0.0,0.32407962132705614,0.8421052631578947,1.0
993,1,tma4_F2,0.0,0.3149145627308112,0.8571428571428571,0.9983911257833221
994,1,tma4_F2,0.0,0.23150348536431342,0.9166666666666666,1.0
995,1,tma4_F2,0.0,0.8076340160446136,0.8769230769230769,1.0
996,1,tma4_F2,0.0,0.8148063145525012,0.9215686274509803,1.0
997,1,tma4_F2,0.0,0.3731278585682687,0.9375,1.0
998,1,tma4_F2,0.0,0.5901515501088151,1.0,1.0
999,1,tma4_F2,0.0,0.4085292226347015,0.8636363636363636,0.7872581815611582
1000,1,tma4_F2,0.0,0.6046771666035986,0.8611111111111112,1.0
1001,1,tma4_F2,0.0,0.013352476434398297,0.8769230769230769,0.6891204745905046
1002,1,tma4_F2,0.0,0.24460344991136962,0.810126582278481,0.7889918368381906
1003,1,tma4_F2,0.0,0.6543736419890425,0.975,1.0
1004,1,tma4_F2,0.0,0.5358971381637938,0.8091168091168092,1.0
1005,1,tma4_F2,0.0,0.35932396763020946,0.52,1.0
1006,1,tma4_F2,0.0,0.09044583239021053,0.8341708542713567,1.0
1007,1,tma4_F2,0.0,0.4643249716536093,0.92,1.0
1008,1,tma4_F2,0.0,0.4350898344681252,0.7662835249042146,1.0
1009,1,tma4_F2,0.0,0.5808628585899753,0.94,1.0
1010,1,tma4_F2,0.0,0.7639924534464402,0.8035714285714286,1.0
1011,1,tma4_F2,0.0,0.40344118432272746,0.4867807153965785,0.7989136635675191
1012,1,tma4_F2,0.0,0.25439292727430995,1.0,0.7679144437733809
1013,1,tma4_F2,0.0,0.6484747711812988,0.9833333333333333,1.0
1014,1,tma4_D2,0.0,0.4178488862866515,0.576271186440678,0.7491363108238138
1015,1,tma4_D2,0.0,0.6030294154187422,0.5197368421052632,0.885896681265629
1016,1,tma4_D2,0.0,0.12854687555854627,0.5196078431372549,0.9216154320379469
1017,1,tma4_F1,0.0,0.1925643219634724,0.85,0.77296027891718
1018,1,tma4_F1,0.0,0.4153091310253739,0.5267054468535166,0.7671418009677738
1019,1,tma4_F1,0.0,0.6107668792785494,0.5454545454545454,1.0
1020,1,tma4_F1,0.0,0.6071237635820261,0.9,1.0
1021,1,tma4_F1,0.0,0.4378172764019679,0.9111111111111111,1.0
1022,1,tma4_F1,0.0,0.6517379777916678,0.39655172413793105,1.0
1023,1,tma4_F1,0.0,0.4997628336668595,0.85,0.778483360871523
1024,1,tma4_F2,0.0,0.5347518159789633,1.0,1.0
1025,1,tma4_D2,0.0,0.23321430303914037,0.625,0.7410129253442331
1026,1,tma4_D2,0.0,0.5835091445387585,0.7272727272727273,1.0
1027,1,tma4_F2,0.0,0.6069200685722077,0.8235294117647058,1.0
1028,1,tma4_D2,0.0,0.1835595687469218,0.7560975609756098,0.752952386327786
1029,1,tma4_E1,0.0,0.4430680597100014,0.6546134663341646,1.0
1030,1,tma4_D2,0.0,0.4113047720438656,0.7272727272727273,0.9425942838969757
1031,1,tma4_D2,0.0,0.5307041172254597,0.6818181818181818,0.9227827489045733
1032,1,tma4_D2,0.0,0.5818004520524833,0.875,0.9111458852831207
1033,1,tma4_D2,0.0,0.5503476393321037,0.5966386554621849,1.0
1034,1,tma4_D2,0.0,0.49464397170146934,0.8928571428571429,0.9406628766417559
1035,1,tma4_D2,0.0,0.3496465572019407,0.8461538461538461,1.0
1036,1,tma4_D2,0.0,0.5010467107920427,0.47368421052631576,1.0
1037,1,tma4_D2,0.0,0.4316720850177659,0.6190476190476191,1.0
1038,1,tma4_D2,0.0,0.456886243251153,0.663594470046083,1.0
1039,1,tma4_D2,0.010325598778483158,0.11170989539867238,0.7307692307692307,0.7428955166026855
1040,1,tma4_D2,0.0,0.2663722106016829,0.5733333333333334,1.0
1041,1,tma4_D2,0.0,0.13203497406241904,0.4434389140271493,0.821570824798444
1042,1,tma4_D2,0.0,0.4077783913670312,0.7580645161290323,1.0
1043,1,tma4_D2,0.0,0.36667863767201625,0.6176470588235294,1.0
1044,1,tma4_D2,0.0,0.718999078497688,1.0,1.0
1045,1,tma4_D2,0.0,0.525327166949576,0.5735294117647058,1.0
1046,1,tma4_D2,0.0,0.23462872910479082,0.6733333333333333,0.8066115529386126
1047,1,tma4_D2,0.0,0.6239437639000597,0.9444444444444444,1.0
1048,1,tma4_D2,0.0,0.6157881957872564,0.7207792207792207,0.816115551572572
1049,1,tma4_D2,0.0,0.3254496855283534,0.9523809523809523,0.8015000630492736
1050,1,tma4_D2,0.0,0.4919715974310994,0.6131386861313869,1.0
1051,1,tma4_D2,0.0,0.35481956393787795,0.4375,0.8836316655818007
1052,1,tma4_D2,0.0,0.2961677786657224,0.8181818181818182,1.0
1053,1,tma4_D2,0.0,0.6288193392885435,0.6818181818181818,1.0
1054,1,tma4_D2,0.0,0.016090764586025763,0.4358974358974359,1.0
1055,1,tma4_D2,0.0,0.46720381641446806,0.73224043715847,1.0
1056,1,tma4_D2,0.0,0.560036162423004,0.5376344086021505,1.0
1057,1,tma4_D2,0.0,0.5516904231761001,0.65,1.0
1058,1,tma4_D2,0.0,0.1510151939201677,0.75,1.0
1059,1,tma4_D2,0.0,0.6152199519513796,0.7058823529411765,1.0
1060,1,tma4_F3,0.0,0.24809511906338466,0.6170212765957447,0.8520960980292367
1061,1,tma4_F3,0.0,0.7480221310401176,0.5730337078651685,1.0
1062,1,tma4_F3,0.0,0.5552341390130009,0.6413043478260869,1.0
1063,1,tma4_F3,0.0,0.416550699182494,0.5925925925925926,0.7664650178941252
1064,1,tma4_E3,0.0,0.2265194642083359,0.9444444444444444,0.7524830777700682
1065,1,tma4_F3,0.0,0.24280749587135575,0.5494505494505495,0.5881040021886494
1066,1,tma4_F3,0.05286609114517371,0.08456310398528433,0.6421052631578947,0.7593295005544434
1067,1,tma4_F3,0.0,0.3361006480119678,0.5980392156862745,1.0
1068,1,tma4_F3,0.0,0.6998506050319127,0.8333333333333334,1.0
1069,1,tma4_F3,0.0,0.5813863615317078,0.7727272727272727,0.8054205778647225
1070,1,tma4_F3,0.0,0.4544206981061233,0.7142857142857143,1.0
1071,1,tma4_F3,0.0,0.5639769741876732,0.6825396825396826,1.0
1072,1,tma4_F3,0.0,0.28842756832057825,0.6338028169014085,0.8196016827172128
1073,1,tma4_F3,0.0,0.11625242461191199,0.7307692307692307,0.755799645547203
1074,1,tma4_F3,0.0,0.5049141786124616,0.7647058823529411,1.0
1075,1,tma4_F3,0.0,0.11849036053477024,0.6153846153846154,0.7672992280782619
1076,1,tma4_F3,0.0,0.5632797407475101,0.6666666666666666,1.0
1077,1,tma4_F3,0.0,0.40269761172360885,0.5,0.8245933198755253
1078,1,tma4_F3,0.0,0.5067888698413905,1.0,1.0
1079,1,tma4_F3,0.0,0.009118309766783406,0.8064516129032258,0.8930238550368707
1080,1,tma4_F3,0.0,0.4462092004852207,0.7096774193548387,0.9211552817179852
1081,1,tma4_F3,0.0,0.7266985489753445,0.7659574468085106,1.0
1082,1,tma4_G2,0.0,0.34543617212603184,0.7391304347826086,0.7510920082740392
1083,1,tma4_G2,0.0,0.3753634396181714,0.8125,0.7902004834945702
1084,1,tma4_G2,0.0,0.4705937712049497,0.7159533073929961,0.9186923304057343
1085,1,tma4_G2,0.0,0.45673008538444815,0.8333333333333334,1.0
1086,1,tma4_G2,0.0,0.3500932732701313,0.5337423312883436,0.7143731000504701
1087,1,tma4_G2,0.0,0.6453726478801634,0.7230769230769231,1.0
1088,1,tma4_G2,0.0,0.27965330154294676,0.720510095642933,0.9012916195242605
1089,1,tma4_G2,0.0,0.5184204093122058,0.7101449275362319,1.0
1090,1,tma4_G2,0.0,0.2191855704632356,0.6159420289855072,0.7735394136141727
1091,1,tma4_G2,0.0,0.5344789742009752,0.96,1.0
1092,1,tma4_G2,0.0,0.7366507529925868,0.92,1.0
1093,1,tma4_G2,0.0,0.5559371499572128,0.9130434782608695,1.0
1094,1,tma4_G2,0.0,0.5921192071548396,0.9230769230769231,1.0
1095,1,tma4_G2,0.0,0.4010580452702265,0.8604651162790697,0.7436882520539986
1096,1,tma4_G2,0.0,0.5115683535787899,0.8888888888888888,0.8517226016059715
1097,1,tma4_G2,0.0,0.43932684571482084,0.5151515151515151,0.8803357435866339
1098,1,tma4_G2,0.0,0.33696996406726143,0.8823529411764706,0.7942273303966986
1099,1,tma4_G2,0.0,0.4533435025379645,0.9444444444444444,0.790176519916797
1100,1,tma4_G2,0.0,0.4782619478668392,0.4326359832635983,0.9086530444765418
1101,1,tma4_G2,0.0,0.5080147103322015,0.7,1.0
1102,1,tma4_G2,0.0,0.5427161805107088,0.875,1.0
1103,1,tma4_G2,0.0,0.022948984734383115,0.5714285714285714,0.7376489577705898
1104,1,tma4_G2,0.0,0.44967880310410724,0.7647058823529411,1.0
1105,1,tma4_G2,0.0,0.1775063646785574,0.696969696969697,0.6302484998292526
1106,1,tma4_G2,0.0,0.6288070466402775,0.8028169014084507,1.0
1107,1,tma4_G2,0.0,0.21351071835771318,0.8181818181818182,0.7531443863694619
1108,1,tma4_G2,0.0,0.6660136607631366,0.6984126984126984,0.9306071100932501
1109,1,tma4_G2,0.0,0.5782912801904048,1.0,1.0
1110,1,tma4_G2,0.0,0.25432450126084305,0.8051948051948052,1.0
1111,1,tma4_G2,0.0,0.0030653824793188678,0.9056603773584906,1.0
1112,1,tma4_G2,0.0,0.17852373098245633,1.0,0.874832504895807
1113,1,tma4_G2,0.0,0.5602682297520095,0.8588235294117647,0.8954324198415998
1114,1,tma4_G2,0.0,0.21941243003207556,0.7529411764705882,0.6124715999474046
1115,1,tma4_G2,0.0,0.3770057940447371,0.6470588235294118,1.0
1116,1,tma4_F3,0.0,0.41118730893154165,0.55,0.7715583344727281
1117,1,tma4_E3,0.0,0.44848068573228483,0.6067961165048543,1.0
1118,1,tma4_E3,0.0,0.19122869100388784,0.7837837837837838,0.8053362780199419
1119,1,tma4_E3,0.0,0.5000351429348247,0.7619047619047619,0.9461769817200723
1120,1,tma4_E3,0.0,0.38964009399806476,0.6842105263157895,0.8336346255731495
1121,1,tma4_F3,0.0,0.591677007483444,0.36036036036036034,0.8276971496474144
1122,1,tma4_E3,0.0,0.3672349150334844,0.828125,0.6381985563401024
1123,1,tma4_E3,0.0,0.10658225356283457,0.9047619047619048,0.776419709682162
1124,1,tma4_E3,0.0,0.5892012270389233,0.75,1.0
1125,1,tma4_E3,0.0,0.4885445542785425,0.7380952380952381,1.0
1126,1,tma4_E3,0.0,0.6334331191446134,0.8709677419354839,1.0
1127,1,tma4_F3,0.0,0.04792636568767494,0.7878787878787878,0.822096643316661
1128,1,tma4_F3,0.0,0.6681325512085249,0.8,1.0
1129,1,tma4_F3,0.0,0.6682153489035565,0.6792452830188679,1.0
1130,1,tma4_F3,0.0,0.41199017468942367,1.0,0.7934593429831263
1131,1,tma4_F3,0.0,0.6296165957642739,0.42857142857142855,1.0
1132,1,tma4_F3,0.0,0.6362888251131654,0.5342465753424658,1.0
1133,1,tma4_F3,0.0,0.7454951842516122,0.6896551724137931,1.0
1134,1,tma4_F3,0.0,0.607191951472639,0.43478260869565216,0.8455162789508336
1135,1,tma4_F3,0.0,0.6768194959823327,0.8,1.0
1136,1,tma4_F3,0.0,0.6772049817601835,0.6981132075471698,1.0
1137,1,tma4_F3,0.0,0.025970016463713552,0.6263736263736264,0.8034594053629871
1138,1,tma4_F3,0.0,0.343447663096038,0.39296187683284456,1.0
1139,1,tma4_F3,0.0,0.2165630881283832,0.6224489795918368,0.6083940779383137
1140,1,tma4_F3,0.0,0.47683241035817014,0.813953488372093,1.0
1141,1,tma4_F3,0.0,0.3513509359878467,0.9130434782608695,0.7431975054617459
1142,1,tma4_F3,0.0,0.09447363000637499,1.0,0.7908959467951238
1143,1,tma4_F3,0.0,0.19301507146876096,0.7647058823529411,1.0
1144,1,tma4_F3,0.0,0.3785619134398158,0.5721649484536082,1.0
1145,1,tma4_F3,0.0,0.6211463304043365,0.7894736842105263,1.0
1146,1,tma4_F3,0.0,0.13708071014597645,0.8518518518518519,0.8042616349601502
1147,1,tma4_F3,0.0,0.7033696395376335,0.6521739130434783,1.0
1148,1,tma4_F3,0.0,0.4915026973754125,0.9545454545454546,1.0
1149,1,tma4_F3,0.0,0.6908625626233298,0.85,1.0
1150,1,tma4_F3,0.0,0.3001049437708868,0.5538461538461539,0.7329573211121887
1151,1,tma4_E3,0.0,0.25513291989783937,0.34965437788018433,0.8672168851359388
1152,1,tma4_E3,0.0,0.6672209480464955,0.7727272727272727,0.9214995197585271
1153,1,tma4_E3,0.0,0.17100841607073547,0.6842105263157895,1.0
1154,1,tma4_E3,0.0,0.4904220663374995,0.4362818590704648,1.0
1155,1,tma4_E3,0.0,0.4352378613304545,0.4939467312348668,0.9146521730320921
1156,1,tma4_E3,0.0,0.3862121460766076,0.75,1.0
1157,1,tma4_F2,0.0,0.3707275423464753,0.7589285714285714,0.7189606418613701
1158,1,tma4_F2,0.0,0.6484338847069226,1.0,1.0
1159,1,tma4_F2,0.0,0.671860266615049,0.9144736842105263,1.0
1160,1,tma4_F2,0.0,0.5413729295061269,0.7338403041825095,1.0
1161,1,tma4_F2,0.0,0.32306044446871585,0.85,0.7237490313268077
1162,1,tma4_F2,0.0,0.7075065523710615,0.6744186046511628,1.0
1163,1,tma4_E3,0.0,0.3344111223058549,1.0,1.0
1164,1,tma4_E3,0.0,0.34123017854873117,0.8571428571428571,0.8501258917848348
1165,1,tma4_E3,0.0,0.6176643849156378,0.6323529411764706,1.0
1166,1,tma4_E3,0.0,0.4710273299087476,0.7272727272727273,1.0
1167,1,tma4_E3,0.0,0.43903383793086226,0.5966386554621849,1.0
1168,1,tma4_E3,0.0,0.5378356200489715,1.0,1.0
1169,1,tma4_E3,0.0,0.12589861180790585,0.47619047619047616,0.7565125494979861
1170,1,tma4_E3,0.0,0.03928906300920332,0.7149532710280374,0.8172267778850337
1171,1,tma4_E3,0.07441009423946454,0.1503043032594833,0.5,0.7220589825173217
1172,1,tma4_E3,0.0,0.5538863977781974,0.5620437956204379,1.0
1173,1,tma4_E3,0.0,0.6043058265368275,0.6825396825396826,0.9186106200476511
1174,1,tma4_E3,0.0,0.5256571099226766,0.8095238095238095,0.7963324302079727
1175,1,tma4_E3,0.0,0.2758493584501006,0.6039603960396039,0.7519479887280357
1176,1,tma4_E3,0.0,0.16243904644659335,0.7333333333333333,0.6994871348181043
1177,1,tma4_E3,0.0,0.6135199647048496,0.625,1.0
1178,1,tma4_E1,0.0,0.07477400432545789,0.8620689655172413,0.6848641953444436
1179,1,tma1_B2,0.0,0.14947703302185944,0.6654275092936803,0.7345745046266223
1180,1,tma1_B2,0.0,0.5890186050456585,0.703125,1.0
1181,1,tma1_B2,0.0,0.4851917799526293,0.3888888888888889,1.0
1182,1,tma1_B2,0.0,0.15102999735417566,0.5652173913043478,0.8963946326860018
1183,1,tma1_D2,0.0,0.1402833031397107,1.0,0.7319534767248297
1184,1,tma1_D2,0.0,0.43382240951188655,0.4184300341296928,1.0
1185,1,tma1_D2,0.0,0.09743821614448833,0.46799580272822666,0.7450038966133997
1186,1,tma1_D2,0.0,0.5500257122944784,0.5982142857142857,0.8055489980468986
1187,1,tma1_D2,0.0,0.24643732142543828,0.75,0.7600594731004623
1188,1,tma1_D2,0.0,0.4656091804481871,1.0,0.8123964865715924
1189,1,tma1_C2,0.0,0.1052538296477209,0.5852701917489832,1.0
1190,1,tma1_C2,0.0,0.23769408073926357,0.45454545454545453,0.7386100544361011
1191,1,tma1_D2,0.0,0.5331863095622509,0.743801652892562,0.7888722496124497
1192,1,tma1_D2,0.0,0.4814126205772651,0.54,1.0
1193,1,tma1_D2,0.0,0.3977128791254996,0.9375,0.7522319445728401
1194,1,tma1_D2,0.0,0.41951717889349105,0.5802469135802469,0.7684671722734417
1195,1,tma1_B2,0.0,0.5823151525646884,0.4056952662721893,1.0
1196,1,tma1_B2,0.0,0.5129081289770188,0.851063829787234,0.81126612025979
1197,1,tma1_B2,0.0,0.26235288603771545,0.6711711711711712,0.6058295974138357
1198,1,tma1_B2,0.0,0.1238858748044428,0.4485049833887043,1.0
1199,1,tma1_B2,0.0,0.22360832188171942,0.6554621848739496,0.6950776174273186
1200,1,tma1_B2,0.0,0.15238586264997778,0.9375,0.8561291415430891
1201,1,tma1_B2,0.0,0.2328026575714639,0.8333333333333334,0.7434234206902003
1202,1,tma1_B2,0.0,0.37064097243720295,0.5256525652565257,1.0
1203,1,tma1_B2,0.0,0.7180503640042777,0.6285714285714286,1.0
1204,1,tma1_B2,0.0,0.6340537279473923,0.7076205287713841,1.0
1205,1,tma1_B2,0.0,0.4064178063361422,0.5422535211267606,1.0
1206,1,tma1_B2,0.0,0.3238174380495784,0.7777777777777778,1.0
1207,1,tma1_B2,0.0,0.02184103336581633,0.84,0.7735830540856804
1208,1,tma1_B2,0.0,0.5653995335819951,0.7107438016528925,1.0
1209,1,tma1_B2,0.0,0.2917160693193791,1.0,0.8130224561654732
1210,1,tma1_B2,0.0,0.5766069460907788,1.0,1.0
1211,1,tma1_B2,0.0,0.3212622582279745,1.0,0.7613208092834165
1212,1,tma1_B2,0.0,0.3937389429471937,0.9375,1.0
1213,1,tma1_B2,0.0,0.5101794349442424,0.9473684210526315,1.0
1214,1,tma1_B2,0.0,0.4777893412231863,0.9807692307692307,0.9476841350505412
1215,1,tma1_B2,0.0,0.43173708571392877,0.8117647058823529,1.0
1216,1,tma1_B2,0.0,0.6064014495190875,0.8125,0.8570936658494723
1217,1,tma1_B2,0.0,0.36299822755762634,0.6148648648648649,0.7741387495586065
1218,1,tma1_A2,0.0,0.35545080345648217,0.602112676056338,1.0
1219,1,tma1_A2,0.0,0.3038336014086602,0.8623853211009175,1.0
1220,1,tma1_A2,0.0,0.2602898514037272,1.0,0.9315947343354088
1221,1,tma1_A2,0.0,0.3628756257495437,1.0,1.0
1222,1,tma1_A2,0.0,0.4383678498257291,0.9117647058823529,1.0
1223,1,tma1_B2,0.0,0.6015508012396742,0.6363636363636364,1.0
1224,1,tma1_B2,0.0,0.6531535240698332,0.6590909090909091,1.0
1225,1,tma1_B2,0.0,0.15898141537134758,0.5378486055776892,0.8296165062327014
1226,1,tma1_B2,0.0,0.7053473974763831,0.8,0.8770537854971887
1227,1,tma1_B2,0.0,0.4925860916051107,0.576271186440678,0.8091687874613024
1228,1,tma1_D1,0.0,0.32650475076317576,0.39274447949526814,1.0
1229,1,tma1_D1,0.0,0.528667937768581,0.8488372093023255,1.0
1230,1,tma1_D1,0.019227821694983716,0.3463271970929255,0.8,0.7809526410490757
1231,1,tma1_D1,0.0,0.6497079592767022,0.813953488372093,1.0
1232,1,tma1_D1,0.0,0.2451594536433691,0.6590909090909091,0.850821113375594
1233,1,tma1_D1,0.0,0.6696585039300758,0.7380952380952381,0.8968631999621425
1234,1,tma1_D1,0.0,0.02993333340321913,1.0,1.0
1235,1,tma1_D1,0.0,0.5342478452910824,0.5130344108446299,0.8289899326726018
1236,1,tma1_D1,0.0,0.4835890927093922,0.5631067961165048,1.0
1237,1,tma1_D1,0.0,0.292297150603815,0.6082474226804123,0.8522053500980455
1238,1,tma1_D1,0.0,0.07498268506005967,1.0,0.7689095547461136
1239,1,tma1_D1,0.0,0.1516855100523612,0.9259259259259259,0.894935531855982
1240,1,tma1_D1,0.0,0.16221179056241808,0.7377049180327869,1.0
1241,1,tma1_D1,0.0,0.048354705465493475,0.6666666666666666,0.8257170592775878
1242,1,tma1_D1,0.0,0.37189042231764513,0.9318181818181818,1.0
1243,1,tma1_D1,0.0,0.7036619640566609,0.9047619047619048,1.0
1244,1,tma1_D1,0.0,0.4346462346805623,0.452970297029703,0.8324194575935382
1245,1,tma1_D1,0.0,0.36533551179668144,0.6666666666666666,0.8214348403611903
1246,1,tma1_D1,0.0,0.35146564380193057,0.9166666666666666,0.9254480221965061
1247,1,tma1_D1,0.0,0.3752809930248999,0.64,0.6979975086665501
1248,1,tma1_D1,0.0,0.5128864157423827,0.6111111111111112,1.0
1249,1,tma1_D1,0.0,0.3509071712415994,0.3546019198193111,0.740093920603792
1250,1,tma1_D1,0.0,0.560187933099145,1.0,1.0
1251,1,tma1_D1,0.0,0.09636586152404225,0.7835051546391752,0.7089877219051222
1252,1,tma1_D1,0.0,0.6730917521576097,0.8,1.0
1253,1,tma1_D1,0.0,0.5397930630203136,0.8666666666666667,1.0
1254,1,tma1_D1,0.0,0.6543275651616565,0.6842105263157895,1.0
1255,1,tma1_D1,0.0,0.39270132570958316,0.8823529411764706,0.7706533291057492
1256,1,tma1_D1,0.0,0.42839965421375337,0.5583333333333333,0.9004730052008839
1257,1,tma1_D1,0.0,0.2887861915669935,0.6136363636363636,1.0
1258,1,tma1_D1,0.0,0.5358425846000148,0.7368421052631579,1.0
1259,1,tma1_D1,0.0,0.3890979513406122,0.5029045643153527,1.0
1260,1,tma1_D1,0.0,0.6170194825219077,0.5261083743842364,1.0
1261,1,tma1_D1,0.0,0.6841760936033822,0.5230769230769231,1.0
1262,1,tma1_D1,0.0,0.15832952337465822,1.0,1.0
1263,1,tma1_D1,0.0,0.8066386342823523,0.8064516129032258,1.0
1264,1,tma1_D1,0.0,0.21689107668660668,0.603030303030303,0.7904664591681336
1265,1,tma1_D1,0.0,0.4208951898726304,0.6176470588235294,0.8140204341140014
1266,1,tma1_D1,0.0,0.6309125145590098,0.631578947368421,0.8409035002140579
1267,1,tma1_D1,0.0,0.5883764589818465,0.9107142857142857,1.0
1268,1,tma1_D1,0.0,0.36970565593096827,0.642578125,1.0
1269,1,tma1_D1,0.0,0.6491033849203707,0.7950310559006211,1.0
1270,1,tma1_D1,0.0,0.440019007915184,0.7984293193717278,1.0
1271,1,tma1_D1,0.0,0.47566256247224936,0.5727574750830565,1.0
1272,1,tma1_D1,0.0,0.33230995140993524,1.0,0.7491901218004886
1273,1,tma1_D1,0.0,0.11212745902550991,0.7352941176470589,0.7628037432004516
1274,1,tma1_D1,0.0,0.5535683037363504,0.8205128205128205,1.0
1275,1,tma1_D1,0.0,0.2941829527624885,1.0,0.7455223155587921
1276,1,tma1_D1,0.0,0.49143183310990723,1.0,1.0
1277,1,tma1_D1,0.0,0.48667485821371514,1.0,1.0
1278,1,tma1_D1,0.0,0.6360085916766127,0.6830985915492958,1.0
1279,1,tma1_D1,0.0,0.501757922500451,0.7189189189189189,0.7745932396773535
1280,1,tma1_D1,0.0,0.5783570257219678,0.88,0.8347175918599714
1281,1,tma1_D1,0.0,0.18374957486559618,1.0,1.0
1282,1,tma1_D1,0.0,0.47475870570663936,0.7906976744186046,0.8565472856275504
1283,1,tma1_D1,0.0,0.49664731523273786,0.82,1.0
1284,1,tma1_F1,0.0,0.32435548643341716,0.5743243243243243,0.7688138532863329
1285,1,tma1_F1,0.0,0.26363152473952933,0.5855855855855856,0.82306279613255
1286,1,tma1_F1,0.0,0.370467075650458,1.0,1.0
1287,1,tma1_F1,0.0,0.6084954575905188,0.8571428571428571,0.8054448467053749
1288,1,tma1_F1,0.0,0.3620031600701513,0.7619047619047619,1.0
1289,1,tma1_F1,0.0,0.5597596299383159,0.6867469879518072,1.0
1290,1,tma1_F1,0.0,0.5784401596571216,0.9333333333333333,1.0
1291,1,tma1_F1,0.0,0.07869651820985724,0.9545454545454546,0.8212599569864663
1292,1,tma1_F1,0.0,0.354113946101282,0.3800738007380074,0.7131408183113414
1293,1,tma1_F1,0.0,0.6236771636766407,0.6268656716417911,1.0
1294,1,tma1_F1,0.0,0.253742728523615,0.8695652173913043,0.7296888586781899
1295,1,tma1_F1,0.0,0.7223181612049618,0.8372093023255814,1.0
1296,1,tma1_F1,0.0,0.43107920844630054,0.5153284671532846,1.0
1297,1,tma1_F1,0.0,0.4837876271602549,0.7017543859649122,1.0
1298,1,tma1_F1,0.0,0.33290027176395864,1.0,1.0
1299,1,tma1_F1,0.036294180180444946,0.012992426428061754,0.8421052631578947,0.8156898959334346
1300,1,tma1_F1,0.0,0.12866422458919335,0.40508221225710017,0.7585950328253046
1301,1,tma1_F1,0.0,0.23872220674441302,0.9473684210526315,1.0
1302,1,tma1_F1,0.0,0.3982162520542565,0.4556126192223037,0.9275906529210315
1303,1,tma1_F1,0.0,0.382325974580234,0.9069767441860465,1.0
1304,1,tma1_F1,0.0,0.4875819333740188,0.8235294117647058,0.791092587421612
1305,1,tma1_F1,0.0,0.6554166708556651,0.8888888888888888,1.0
1306,1,tma1_E1,0.0,0.37929130045381854,0.5847457627118644,1.0
1307,1,tma1_E1,0.0,0.689757360687149,0.56797583081571,0.946219120964406
1308,1,tma1_E1,0.0,0.24058280018777822,0.5757575757575758,0.854185156341664
1309,1,tma1_E1,0.0,0.41166510915459176,0.9411764705882353,0.7320482818323931
1310,1,tma1_E1,0.0,0.5319160943715407,0.6171003717472119,0.9011196835147581
1311,1,tma1_E1,0.045135928907228284,0.08853776771242461,0.7017543859649122,0.7841537273588729
1312,1,tma1_E1,0.0,0.5916581158154666,0.75,1.0
1313,1,tma1_E1,0.0,0.809577613638099,0.8181818181818182,1.0
1314,1,tma1_E1,0.0,0.6243336812358969,0.9074074074074074,1.0
1315,1,tma1_E1,0.0,0.636983287150445,0.6505576208178439,1.0
1316,1,tma1_E1,0.0,0.27737630378293443,0.6285714285714286,1.0
1317,1,tma1_E1,0.0,0.38798575409830816,1.0,1.0
1318,1,tma1_E1,0.0,0.3791848345729609,0.5684113865932048,1.0
1319,1,tma1_E1,0.0,0.09918135326642663,0.6395348837209303,0.8739949790734136
1320,1,tma1_E1,0.0,0.24809104832584106,0.4891304347826087,0.9286463241337052
1321,1,tma1_E1,0.0,0.5419172956609821,0.8,1.0
1322,1,tma1_E1,0.0,0.6075924552234102,0.7804878048780488,1.0
1323,1,tma1_E1,0.0,0.2036548393314218,0.7428571428571429,0.7886703063890652
1324,1,tma1_E1,0.0,0.7076674100441844,0.5609065155807366,1.0
1325,1,tma1_E1,0.0,0.33055669768438467,0.6172839506172839,1.0
1326,1,tma1_E1,0.0,0.4930979802000546,0.9333333333333333,0.7795126580248803
1327,1,tma1_E1,0.0,0.6897547976267855,0.46445497630331756,1.0
1328,1,tma1_E1,0.0,0.3108304988370111,0.6052631578947368,0.7968761832240042
1329,1,tma1_E1,0.0,0.3785623146705783,1.0,0.8279064227721026
1330,1,tma1_E1,0.0,0.6770384660367472,1.0,1.0
1331,1,tma1_E1,0.0,0.6775186993207066,0.6944444444444444,1.0
1332,1,tma1_E1,0.0,0.22169126328866007,0.7647058823529411,0.8288485364781689
1333,1,tma1_E1,0.0,0.04553947950824855,0.9076923076923077,0.8824744853397212
1334,1,tma1_E1,0.0,0.20811744124606124,0.7,0.7210307973637993
1335,1,tma1_E1,0.0,0.3016560614769055,0.88,0.9112660621289678
1336,1,tma1_E1,0.0,0.3613837499333521,0.65,0.9393417619521272
1337,1,tma1_E1,0.0,0.5483321955124111,0.41363636363636364,1.0
1338,1,tma1_E1,0.0,0.6324167978728771,0.3679144385026738,0.8865546242788249
1339,1,tma1_F1,0.0,0.5754430510756557,0.6670428893905191,1.0
1340,1,tma1_F1,0.0,0.4602206387425296,0.6238532110091743,0.866520642683489
1341,1,tma1_F1,0.0,0.1557680860359033,0.6274509803921569,0.7735111243085373
1342,1,tma1_F1,0.0,0.36707800883850006,1.0,1.0
1343,1,tma1_F1,0.0,0.2468300964431105,0.8333333333333334,1.0
1344,1,tma1_E1,0.0,0.05814094763729405,0.7093023255813954,1.0
1345,1,tma1_F1,0.0,0.06453635524943702,0.6580310880829016,0.8035790898161779
1346,1,tma1_F1,0.0,0.6379305947903168,0.96,1.0
1347,1,tma1_E1,0.0,0.7123739893150075,0.8461538461538461,1.0
1348,1,tma1_E1,0.0,0.7094532249100889,0.8732394366197183,1.0
1349,1,tma1_F1,0.0,0.22810832748682663,0.6371681415929203,1.0
1350,1,tma1_F1,0.0,0.15448874459915085,0.6233766233766234,0.7942061247569951
1351,1,tma1_F1,0.0,0.5432070352429405,0.8,1.0
1352,1,tma1_F1,0.0,0.08575736084150387,0.7872340425531915,0.7369526557540159
1353,1,tma1_F1,0.0,0.4033812812532154,0.9473684210526315,0.7605707985618905
1354,1,tma1_F1,0.0,0.4130452457549476,0.7027027027027027,1.0
1355,1,tma1_E1,0.0,0.3700174412862124,0.7692307692307693,0.744688999704015
1356,1,tma1_E1,0.0,0.5628518502751856,0.9523809523809523,1.0
1357,1,tma1_E1,0.0,0.21807193630266697,0.8095238095238095,1.0
1358,1,tma1_E1,0.0,0.3549932520399486,0.9,0.7653403635592397
1359,1,tma1_E1,0.0,0.24274977293505262,0.6875,0.7518932874729798
1360,1,tma1_E1,0.039292318133440474,0.12449916948144535,0.6421052631578947,0.7895748576334625
1361,1,tma1_E1,0.0,0.3927741298961295,0.36538461538461536,0.7832975455035153
1362,1,tma1_E1,0.0,0.7072544728560511,0.8076923076923077,1.0
1363,1,tma1_E1,0.0,0.7500696741749333,0.6538461538461539,1.0
1364,1,tma1_E1,0.0,0.5380881349936988,0.5826086956521739,1.0
1365,1,tma1_E1,0.0,0.5865328266038152,0.9444444444444444,0.8187455412078166
1366,1,tma1_E1,0.010046782020014411,0.28144705350140264,0.7567567567567568,0.7812766161587728
1367,1,tma1_E1,0.0,0.5641546510916564,0.8888888888888888,1.0
1368,1,tma1_E1,0.0,0.5409658633310968,0.8823529411764706,1.0
1369,1,tma1_E1,0.0,0.6138726254561211,0.8571428571428571,0.7266008719559895
1370,1,tma1_B2,0.0,0.5599891511878823,1.0,1.0
1371,1,tma1_C2,0.0,0.6022692431550484,0.8653846153846154,1.0
1372,1,tma1_D2,0.0,0.32812681732070403,0.5168539325842697,0.772068107923382
1373,1,tma1_D2,0.0,0.5934734464447252,0.6388888888888888,1.0
1374,1,tma1_D2,0.0,0.19210400660378224,0.311456830826293,0.7343894691527909
1375,1,tma1_D2,0.0,0.5878432390900706,0.4316860465116279,1.0
1376,1,tma1_D2,0.0,0.2752055304949764,0.9523809523809523,1.0
1377,1,tma1_D2,0.0,0.39117010494569737,0.6413043478260869,1.0
1378,1,tma1_D2,0.0,0.2927696932863798,0.4350282485875706,1.0
1379,1,tma1_D2,0.0,0.4464971012660637,0.7122302158273381,0.7385780463551753
1380,1,tma1_D2,0.0,0.6132649018307389,1.0,1.0
1381,1,tma1_C2,0.0,0.3928275109069169,0.6689655172413793,0.7891868466488984
1382,1,tma1_D2,0.0,0.2972245656957623,0.9310344827586207,1.0
1383,1,tma1_D2,0.0,0.2764089963088009,0.9036144578313253,1.0
1384,1,tma1_D2,0.0,0.06391896455037738,0.8225806451612904,0.8063652117714968
1385,1,tma1_D2,0.0,0.23797893273851423,0.4442748091603053,0.7903003770488014
1386,1,tma1_D2,0.0,0.6643417921785972,0.5466666666666666,1.0
1387,1,tma1_C2,0.0,0.28033898718294437,0.9375,0.7433057348063863
1388,1,tma1_D2,0.0,0.34295423702848926,0.7092198581560284,0.7502029786020266
1389,1,tma1_D2,0.0,0.45115492998789075,0.8260869565217391,1.0
1390,1,tma1_D2,0.0,0.7075504169470992,0.527165932452276,1.0
1391,1,tma1_D2,0.0,0.40299346024452454,0.8192771084337349,1.0
1392,1,tma1_D2,0.0,0.46664266468893767,0.48828125,1.0
1393,1,tma1_D2,0.0,0.596271909098036,0.5897435897435898,1.0
1394,1,tma1_D2,0.0,0.5551903137082261,0.875,0.8314063250148674
1395,1,tma1_D2,0.0,0.5506572628800714,0.9285714285714286,0.8802546721398787
1396,1,tma1_D2,0.0,0.22132532801029958,0.7941176470588235,0.8830802877685001
1397,1,tma1_C2,0.0,0.7518292875045353,0.8588235294117647,1.0
1398,1,tma1_E2,0.0,0.5365321468344797,0.5348837209302325,1.0
1399,1,tma1_E2,0.0,0.24586711078255308,0.5376106194690266,0.7362117980676324
1400,1,tma1_E2,0.0,0.28755271580299446,0.45377805229565576,1.0
1401,1,tma1_E2,0.0,0.3740365972406745,0.5774647887323944,0.8112837603340972
1402,1,tma1_E2,0.0,0.08604138187871557,0.8343558282208589,0.8090010892609546
1403,1,tma1_E2,0.0,0.07137199493043578,0.8292682926829268,0.7199462790209809
1404,1,tma1_E2,0.0,0.31628737435306353,0.8703703703703703,0.8272862410060623
1405,1,tma1_E2,0.0,0.6278286778144111,0.6989247311827957,1.0
1406,1,tma1_E2,0.0,0.6372104138697596,0.7368421052631579,0.8846300530523402
1407,1,tma1_E2,0.0,0.3837101202773432,0.6875,0.8914080543936763
1408,1,tma1_E2,0.0,0.43399813328399295,0.5384615384615384,1.0
1409,1,tma1_E2,0.0,0.1868130617783379,0.4673913043478261,0.69910412281765
1410,1,tma1_E2,0.0,0.45228039786146423,0.7072243346007605,1.0
1411,1,tma1_E2,0.0,0.5799429246771017,0.6,1.0
1412,1,tma1_E2,0.0,0.40079516184110053,0.8308457711442786,1.0
1413,1,tma1_E2,0.0,0.6271499811372818,0.8125,1.0
1414,1,tma1_D2,0.0,0.32523486222922826,0.6911196911196911,0.6837840919954806
1415,1,tma1_D2,0.0,0.42660921054231715,0.8157894736842105,0.8874615496029181
1416,1,tma1_D2,0.0,0.5194287632589211,0.6306306306306306,0.8187570651776636
1417,1,tma1_D2,0.0,0.4364872750667397,0.6058394160583942,0.7744331162736224
1418,1,tma1_D2,0.0,0.3002625474048388,0.5625,0.8837113144449142
1419,1,tma1_D2,0.0,0.726141923228076,0.625,0.8587775332487061
1420,1,tma1_D2,0.0,0.32694622776210425,0.47878787878787876,0.93125429725195
1421,1,tma1_D2,0.0,0.5602091148839164,0.8571428571428571,0.8331189542673386
1422,1,tma1_D2,0.0,0.05211969714645659,0.5172413793103449,0.7169937178532406
1423,1,tma1_D2,0.0,0.14060365330559543,0.7659574468085106,0.867292175694702
1424,1,tma1_D2,0.0,0.8296103818249934,0.639344262295082,1.0
1425,1,tma1_D2,0.0,0.4682489167259074,0.6521739130434783,1.0
1426,1,tma1_D2,0.021742967915236444,0.0599242430694078,0.85,0.7494096260109566
1427,1,tma1_D2,0.0,0.6719169760742459,0.6378378378378379,1.0
1428,1,tma1_D2,0.0,0.2512316162959074,0.5555555555555556,0.8048920727424937
1429,1,tma1_D2,0.0,0.3831958218344266,0.85,0.8786762359021082
1430,1,tma1_D2,0.0,0.03963978653248501,0.6428571428571429,0.8030890111717729
1431,1,tma1_D2,0.0,0.7989107785948354,0.7894736842105263,1.0
1432,1,tma1_D2,0.0,0.6022728283938589,0.75,1.0
1433,1,tma1_D2,0.0,0.6524705502330337,0.5869565217391305,1.0
1434,9,tma3_E1,0.0,0.59412907772076,0.6545454545454545,1.0
1435,9,tma3_E1,0.0,0.3031581344955522,0.5714285714285714,0.7312286867959518
1436,9,tma3_D1,0.0,0.3663454433216087,0.7111111111111111,1.0
1437,9,tma3_D1,0.0,0.5230722804945198,0.9565217391304348,0.8507465472512258
1438,9,tma3_D1,0.0,0.042509634692858844,0.84375,0.6962534100134787
1439,9,tma3_D1,0.0,0.0902132377992595,0.6458333333333334,0.9082731973337511
1440,9,tma3_D1,0.0,0.6103831016081169,0.5588235294117647,1.0
1441,9,tma3_D1,0.0,0.03539505297552881,0.627906976744186,0.8249578037840742
1442,9,tma3_D1,0.0,0.792099852281471,0.9583333333333334,1.0
1443,9,tma3_E1,0.0,0.247407577873742,0.5753424657534246,1.0
1444,9,tma3_E1,0.0,0.49762768162641524,0.8,1.0
1445,9,tma3_E1,0.0,0.7139527168088204,0.46,1.0
1446,9,tma3_E1,0.0,0.5703108497182339,0.5735294117647058,0.8227646146709081
1447,9,tma3_E1,0.0,0.4409409062910342,0.7142857142857143,1.0
1448,9,tma3_E1,0.0,0.6095238830584315,0.6842105263157895,0.9460918810606339
1449,9,tma3_E1,0.0,0.6669110856340126,0.6341463414634146,0.8322796128862092
1450,9,tma3_E1,0.0,0.5428768673636805,0.8888888888888888,1.0
1451,9,tma3_E1,0.0,0.43221259174554727,0.8636363636363636,1.0
1452,9,tma3_E1,0.0,0.03008026155341792,0.7464788732394366,0.7073588630477317
1453,9,tma3_E1,0.0,0.08136554625176107,0.6551724137931034,1.0
1454,9,tma3_E1,0.0,0.04282873945198651,0.8,0.5525978624686151
1455,9,tma3_E1,0.0,0.5582037443079819,0.5666666666666667,1.0
1456,9,tma3_E1,0.0,0.3310494236530138,0.9523809523809523,0.7822263876976638
1457,9,tma3_C1,0.0,0.49630448892674095,1.0,1.0
1458,9,tma3_E1,0.0,0.27554904878218245,0.9444444444444444,1.0
1459,9,tma3_D1,0.0,0.3746081141011173,1.0,0.9012849958471266
1460,9,tma3_D1,0.0,0.35336757471891356,0.6071428571428571,0.9286536701109279
1461,9,tma3_D1,0.0,0.15499589031014793,0.6,0.787842143891811
1462,9,tma3_E1,0.0,0.4002784525000691,0.6078431372549019,1.0
1463,9,tma3_E1,0.0,0.6277090442232753,0.7254901960784313,0.8639956662486185
1464,9,tma3_E1,0.0,0.3976750840660618,0.7974683544303798,0.8412711354108826
1465,9,tma3_E1,0.0,0.5517335776679295,0.5373134328358209,1.0
1466,9,tma3_E1,0.0,0.5697877753321294,0.84,1.0
1467,9,tma3_E1,0.0,0.3283780518172096,0.8095238095238095,1.0
1468,9,tma3_E1,0.0,0.40567867308785355,0.68,1.0
1469,9,tma3_E1,0.0,0.5173766033355829,0.55,0.7952950749783315
1470,9,tma3_E1,0.0,0.46690895842542934,0.7948717948717948,0.8366537945072693
1471,9,tma3_E1,0.0,0.4652210707272916,0.6818181818181818,1.0
1472,9,tma3_E1,0.0,0.2052626723878952,0.6,1.0
1473,9,tma3_E1,0.0,0.23887248163676722,0.7058823529411765,0.8340370859482671
1474,9,tma3_E1,0.12391563323766386,0.10594288303468413,0.4666666666666667,0.7581774712942178
1475,9,tma3_E1,0.0,0.5762160346832601,0.7241379310344828,1.0
1476,9,tma3_E1,0.0,0.5148493085925774,0.7894736842105263,1.0
1477,9,tma3_E1,0.0,0.6700736774331759,0.5949367088607594,1.0
1478,9,tma3_E1,0.0,0.5985764828942752,0.6491228070175439,1.0
1479,9,tma3_E1,0.0,0.4447582994659496,0.95,1.0
1480,9,tma3_E1,0.0,0.03748475531600648,0.5439330543933054,0.8806919041749729
1481,9,tma3_E1,0.0,0.5910808933610823,0.41700404858299595,1.0
1482,9,tma3_E1,0.12843048651311662,0.02661750030037935,0.6153846153846154,1.0
1483,9,tma3_E1,0.0,0.37690727019228676,0.65,1.0
1484,9,tma3_E1,0.0,0.3877360225946045,0.5106382978723404,0.9205646420934406
1485,9,tma3_E1,0.0,0.5104322172611215,0.53125,0.8107883740802428
1486,9,tma3_E1,0.0,0.09626940310328613,0.75,0.7055745905559672
1487,9,tma3_E1,0.0,0.025727585760932703,0.8717948717948718,0.8279432426522705
1488,9,tma3_E1,0.0,0.35851190913801134,0.3642149929278642,1.0
1489,9,tma3_E1,0.0,0.374468653949556,0.918918918918919,1.0
1490,9,tma3_E1,0.0,0.5478669942209495,0.7777777777777778,0.8310311317041006
1491,9,tma3_E1,0.0,0.34811826319260064,0.5,0.7727006858125554
1492,9,tma3_E1,0.0,0.34799797046020275,0.84375,0.7499605409313181
1493,9,tma3_E1,0.0,0.33636762428371636,0.37371134020618557,0.8428287621369207
1494,9,tma3_E1,0.0,0.3784176690077051,0.6296296296296297,1.0
1495,9,tma3_E1,0.0,0.23022081149125673,0.8888888888888888,1.0
1496,9,tma3_E1,0.05935099619169082,0.17200727626781942,0.8545454545454545,0.7359867801800745
1497,9,tma3_E1,0.0,0.5172209607426257,0.8846153846153846,1.0
1498,9,tma3_E1,0.0,0.4135072420898509,0.875,1.0
1499,9,tma3_D2,0.0,0.7062017834168132,0.6896551724137931,0.9273706797151304
1500,9,tma3_D2,0.0,0.7093781973271318,0.7627118644067796,1.0
1501,9,tma3_D2,0.0,0.4746506195822715,0.5,0.9196598576860459
1502,9,tma3_D2,0.0,0.6306332226870925,0.9333333333333333,1.0
1503,9,tma3_D2,0.0,0.4834946454594016,0.7021276595744681,1.0
1504,9,tma3_D2,0.0,0.6819301638083493,0.6538461538461539,1.0
1505,9,tma3_D2,0.0,0.6035075082202488,0.7282608695652174,1.0
1506,9,tma3_D2,0.0,0.4062039068578577,0.75,1.0
1507,9,tma3_D2,0.0,0.34572663071284326,0.8947368421052632,1.0
1508,9,tma3_D2,0.0,0.20300361956897373,0.875,0.7664638912616534
1509,9,tma3_D2,0.0,0.811833890120867,0.391304347826087,1.0
1510,9,tma3_C2,0.0,0.6578115221370953,0.6938775510204082,1.0
1511,9,tma3_C2,0.0,0.6376431639337061,0.5882352941176471,1.0
1512,9,tma3_C2,0.0,0.5448288185742897,0.85,1.0
1513,9,tma3_C2,0.0,0.6002880900086245,0.6785714285714286,1.0
1514,9,tma3_C2,0.0,0.5392612319426131,0.47115384615384615,0.812805983106711
1515,9,tma3_C2,0.0,0.591657085494929,0.6190476190476191,1.0
1516,9,tma3_C2,0.0,0.6743184382290973,0.6,0.9321433388254572
1517,9,tma3_C2,0.0,0.6563015295474695,0.5384615384615384,1.0
1518,9,tma3_C2,0.0,0.4598745362315454,0.7857142857142857,0.8090881512434732
1519,9,tma3_C2,0.0,0.578739268743055,0.6756756756756757,1.0
1520,9,tma3_C2,0.0,0.6127110552346338,0.8,0.8778355226118576
1521,9,tma3_C2,0.0,0.5352185136826266,0.8823529411764706,0.8979752250698657
1522,9,tma3_C2,0.0,0.4263094587839644,0.38557993730407525,1.0
1523,9,tma3_C2,0.0,0.4976492854248149,0.5652173913043478,1.0
1524,9,tma3_C2,0.0,0.2992665807545509,0.5,0.7113711310004228
1525,9,tma3_C2,0.0,0.556939074404815,0.6590909090909091,1.0
1526,9,tma3_C2,0.0,0.0706396580214187,0.6363636363636364,0.7696921770255182
1527,9,tma3_C2,0.0,0.46956271140586514,1.0,1.0
1528,9,tma3_C2,0.0,0.5794356387461891,0.7575757575757576,0.9140569534415866
1529,9,tma3_C2,0.0,0.5961786003770043,0.5319148936170213,0.9490358814628979
1530,9,tma3_D2,0.0,0.15394681003196253,0.4918032786885246,0.840127545701377
1531,9,tma3_D2,0.0,0.29008405839293805,0.45454545454545453,0.8244694690141029
1532,9,tma3_D2,0.0,0.48695986299794747,0.5588235294117647,1.0
1533,9,tma3_D2,0.0,0.2802020591590535,0.45622119815668205,0.781166333698162
1534,9,tma3_D2,0.0,0.7108269024819609,0.7407407407407407,0.8581667712481615
1535,9,tma3_D2,0.0,0.0827160197483795,0.62,0.6980296615389527
1536,9,tma3_D2,0.0,0.2170282512252495,0.6481481481481481,0.6724406272713563
1537,9,tma3_D2,0.0,0.18931308574891292,0.8157894736842105,0.7446625063708774
1538,9,tma3_D2,0.0,0.42224442712334664,0.6097560975609756,0.8077479049098691
1539,9,tma3_D2,0.0,0.3807976290757096,0.5196078431372549,0.7805180943953229
1540,9,tma3_D2,0.0,0.21529157290848033,0.4444444444444444,0.7437243915630803
1541,9,tma3_D2,0.0,0.4533028477227229,0.4,1.0
1542,9,tma3_E2,0.0,0.253931907854544,1.0,0.7271765203260216
1543,9,tma3_D2,0.0,0.6958183866480925,0.5769230769230769,1.0
1544,9,tma3_D2,0.0,0.40483635556671194,0.6842105263157895,0.8204294622267115
1545,9,tma3_D2,0.0,0.7174430925714503,0.3958333333333333,0.9352730046636246
1546,9,tma3_D2,0.0,0.8205997394838996,0.9,1.0
1547,9,tma3_D2,0.0,0.7807902379942422,0.7391304347826086,1.0
1548,9,tma3_D2,0.0,0.678665815306621,0.8333333333333334,1.0
1549,9,tma3_D2,0.0,0.09352706239818576,0.7916666666666666,0.761385489121462
1550,9,tma3_E2,0.0,0.630236653525972,0.6052631578947368,1.0
1551,9,tma3_E2,0.0,0.2896821678207496,0.4340277777777778,1.0
1552,9,tma3_E2,0.0,0.29272087709514827,0.5483870967741935,1.0
1553,9,tma3_E2,0.0,0.5843461636815777,0.6470588235294118,1.0
1554,9,tma3_E2,0.0,0.5569310663776699,0.9032258064516129,1.0
1555,9,tma3_E1,0.0,0.6056395338495222,0.5769230769230769,1.0
1556,9,tma3_E1,0.0,0.6202846623784314,0.45714285714285713,1.0
1557,9,tma3_E1,0.0,0.3966121677835599,0.43107569721115535,0.8431018979715728
1558,9,tma3_E1,0.0,0.5437183274153627,0.6538461538461539,1.0
1559,9,tma3_E1,0.0,0.0312955533609911,0.6428571428571429,0.8425153170048856
1560,9,tma3_E1,0.0,0.23135725486060632,0.6052631578947368,0.7120261923473096
1561,9,tma3_E1,0.0,0.35772591065010284,0.8823529411764706,0.7512263668211605
1562,9,tma3_E1,0.0,0.3759932529108475,0.6111111111111112,1.0
1563,9,tma3_E1,0.0,0.5416136042350523,0.7647058823529411,1.0
1564,9,tma3_E1,0.0,0.5518090235020308,0.546875,0.9333760583675439
1565,9,tma3_E1,0.0,0.6055888457252041,0.75,1.0
1566,9,tma3_E1,0.0,0.2728568276237725,0.7142857142857143,0.7812632612119162
1567,9,tma3_E1,0.0,0.45547637601803315,0.7575757575757576,0.8163979154287762
1568,9,tma3_E1,0.0,0.6717586223826787,0.7540983606557377,1.0
1569,9,tma3_E1,0.0,0.2511846517101962,0.8095238095238095,1.0
1570,9,tma3_E1,0.0,0.5525998963062009,0.3081395348837209,1.0
1571,9,tma3_E1,0.0,0.4600482733265514,0.5454545454545454,0.7946456126793999
1572,9,tma3_E1,0.0,0.4305316404791618,0.45528455284552843,0.7914705914381469
1573,9,tma3_E1,0.0,0.3939619025041615,0.6140350877192983,0.7619950417885721
1574,9,tma3_E1,0.0,0.2503690618793103,0.47126436781609193,0.7999227560454566
1575,9,tma3_E1,0.0,0.4817538150149313,0.7,0.735927561940114
1576,9,tma3_E1,0.0,0.6240036286012762,0.6481481481481481,1.0
1577,9,tma3_E1,0.0,0.7580880455679851,0.6756756756756757,1.0
1578,9,tma3_E1,0.0,0.5209346146285094,0.6727272727272727,0.8095108218467935
1579,9,tma3_E1,0.0,0.5581987741038879,0.6666666666666666,1.0
1580,9,tma3_E1,0.0,0.5067531920584174,0.7796610169491526,1.0
1581,9,tma3_E1,0.0,0.520106102183137,0.72,1.0
1582,9,tma3_E1,0.0,0.4972550887337682,0.5151515151515151,1.0
1583,9,tma3_E1,0.0,0.21828144406030459,0.8666666666666667,0.7485996418101099
1584,9,tma3_E1,0.0,0.342069197501805,0.5540540540540541,0.722678552146692
1585,9,tma3_E1,0.0,0.13891972311671164,0.5402298850574713,0.6993656844783854
1586,9,tma3_E1,0.0,0.4510431880237984,0.40654205607476634,0.816794612981798
1587,9,tma3_E1,0.0,0.4752451172621166,0.95,1.0
1588,9,tma3_E1,0.0,0.7439531350054944,0.76,1.0
1589,9,tma3_E1,0.0,0.5620554071590309,0.8260869565217391,0.9150893607579048
1590,9,tma3_E1,0.0,0.28150827432283654,0.7647058823529411,1.0
1591,9,tma3_E1,0.0,0.6158709148370591,0.5714285714285714,1.0
1592,9,tma3_E1,0.0,0.5424350209870441,0.5,1.0
1593,9,tma3_D1,0.0,0.7114363552134513,0.782608695652174,1.0
1594,9,tma3_D1,0.0,0.5493498932504601,0.8461538461538461,0.810049998696422
1595,9,tma3_D1,0.0,0.4469760056206803,0.44966442953020136,1.0
1596,9,tma3_D1,0.0,0.2635065629641449,0.71,1.0
1597,9,tma3_D1,0.0,0.5887626095224762,0.7254901960784313,0.8984305376612816
1598,9,tma3_D1,0.0,0.5842527100135019,0.4780701754385965,1.0
1599,9,tma3_D1,0.0,0.3693268389368909,0.7692307692307693,0.7288978417109121
1600,9,tma3_D1,0.0,0.5775259172861904,0.8863636363636364,1.0
1601,9,tma3_D1,0.0,0.32810828101344724,0.85,0.8032275010326783
1602,9,tma3_D1,0.0,0.5496783995399942,0.46296296296296297,0.9098056711107386
1603,9,tma3_D1,0.0,0.32996501241692044,0.6486486486486487,0.8855356066154427
1604,9,tma3_D1,0.0,0.34809550120613164,0.5184275184275184,1.0
1605,9,tma3_D1,0.0,0.5839955897347675,0.5324675324675324,1.0
1606,9,tma3_D1,0.0,0.3942115768110933,0.9,1.0
1607,9,tma3_E1,0.0,0.4889956980198559,0.7540983606557377,0.9138682830675166
1608,9,tma3_E1,0.0,0.4317457045923423,1.0,1.0
1609,9,tma3_D1,0.0,0.10599305798017555,0.717948717948718,0.8660812683827028
1610,9,tma3_D1,0.0,0.2780549968118209,0.5724137931034483,0.7351134025929528
1611,9,tma3_D1,0.0,0.42475463774978284,0.45384615384615384,1.0
1612,9,tma3_D1,0.0,0.3504754098224804,0.7894736842105263,0.7549081175523458
1613,9,tma3_E1,0.0,0.22947532688063177,0.5287356321839081,0.7580166752640498
1614,9,tma3_E1,0.0,0.2951368838744626,0.9090909090909091,1.0
1615,9,tma3_F2,0.0,0.6228818283758266,0.8529411764705882,1.0
1616,9,tma3_F2,0.0,0.5964202297154955,0.8148148148148148,1.0
1617,9,tma3_F2,0.0,0.5597500923473484,0.45569620253164556,1.0
1618,9,tma3_F2,0.0,0.3471897500262735,0.7142857142857143,0.8335370390842972
1619,9,tma3_F2,0.0,0.7115167660593272,0.7,1.0
1620,9,tma3_F2,0.0,0.5290903155410251,0.2949640287769784,1.0
1621,9,tma3_F2,0.0,0.007019774925735467,0.4166666666666667,0.7151999974006056
1622,9,tma3_F2,0.0,0.4535780781644577,0.5806451612903226,1.0
1623,9,tma3_F2,0.0,0.13029053017394976,0.5333333333333333,1.0
1624,9,tma3_F2,0.0,0.5377082865877308,0.7037037037037037,0.8728032123849242
1625,9,tma3_F1,0.0,0.3753189187824405,0.5531914893617021,1.0
1626,9,tma3_F1,0.0,0.5333111751000995,0.5416666666666666,1.0
1627,9,tma3_F1,0.0,0.23732557863388948,0.5,0.8206530799190678
1628,9,tma3_F1,0.0,0.34115200952002034,0.6976744186046512,0.7875665783814463
1629,9,tma3_F1,0.0,0.25335575465431326,0.8888888888888888,0.7430225003906522
1630,9,tma3_F1,0.0,0.45047494985209713,0.7575757575757576,1.0
1631,9,tma3_F1,0.0,0.25912454393346007,0.5739644970414202,1.0
1632,9,tma3_F1,0.0,0.7568552150069345,0.7755102040816326,1.0
1633,9,tma3_F1,0.0,0.09984489032493504,0.8297872340425532,0.6909885303048264
1634,9,tma3_F1,0.0,0.5805287878597329,0.6,1.0
1635,9,tma3_F1,0.0,0.22798863763661248,0.6428571428571429,0.8295046244993185
1636,9,tma3_F1,0.017316206630389797,0.07037927661608301,0.5588235294117647,0.6908344593006858
1637,9,tma3_F2,0.0,0.6071810351760875,0.33858267716535434,1.0
1638,9,tma3_E1,0.0,0.5032503264552386,0.9,1.0
1639,9,tma3_F2,0.0,0.8051834010325657,0.6052631578947368,1.0
1640,9,tma3_F2,0.0,0.6442954262799716,0.46153846153846156,0.8540340633580028
1641,9,tma3_F2,0.0,0.7239607603962253,0.7727272727272727,1.0
1642,9,tma3_F2,0.0,0.3711023959325145,0.41333333333333333,0.7784008663931165
1643,9,tma3_F2,0.0,0.3803868787514968,0.7368421052631579,0.8189218076085436
1644,9,tma3_F2,0.0,0.6437398895662898,0.64,1.0
1645,9,tma3_F2,0.0,0.49082017686289003,0.8666666666666667,1.0
1646,9,tma3_F2,0.0,0.43303974935600964,0.6190476190476191,1.0
1647,9,tma3_F2,0.0,0.2384193158377359,0.3974358974358974,0.8120027231732106
1648,9,tma3_F2,0.0,0.576369612037722,0.7205882352941176,1.0
1649,9,tma3_F2,0.0,0.41626958310080264,0.6,0.8003073290624877
1650,9,tma3_F2,0.0,0.3933692577251974,0.4482758620689655,0.8180444459398359
1651,9,tma3_F2,0.0,0.7599530776040071,1.0,1.0
1652,9,tma3_F2,0.0,0.7263018678238556,0.55,0.9038338644407058
1653,9,tma3_C3,0.0,0.4038429850882468,0.5365853658536586,1.0
1654,9,tma3_C3,0.0,0.6516049775859547,0.9111111111111111,1.0
1655,9,tma3_E3,0.0,0.7636035954167092,0.6538461538461539,1.0
1656,9,tma3_E3,0.0,0.6080140773455791,0.4032258064516129,1.0
1657,9,tma3_F2,0.0,0.42944332990303424,0.55,1.0
1658,9,tma3_F2,0.0,0.3148183939905772,0.64,1.0
1659,9,tma3_F2,0.0,0.5696222764088041,0.75,1.0
1660,9,tma3_F2,0.0,0.11187670779455128,0.673469387755102,0.7870014217418004
1661,9,tma3_F2,0.0,0.3221554634684951,0.9411764705882353,0.8215015398572797
1662,9,tma3_F2,0.0,0.3294767370703726,0.6585365853658537,1.0
1663,9,tma3_F2,0.0,0.5709016862411651,0.7169811320754716,1.0
1664,9,tma3_F2,0.0,0.5529796746764251,0.9,1.0
1665,9,tma3_E2,0.0,0.4371976870654005,0.6896551724137931,1.0
1666,9,tma3_E2,0.0,0.70606534757677,0.8490566037735849,1.0
1667,9,tma3_E2,0.0,0.023518764540898185,1.0,0.6883413628063987
1668,9,tma3_E2,0.0,0.49697719042960486,0.9333333333333333,0.7792679965494237
1669,9,tma3_E2,0.0,0.5684065922943633,0.8148148148148148,1.0
1670,9,tma3_E2,0.0,0.5263492868815371,0.5818181818181818,1.0
1671,9,tma3_E2,0.0,0.24909747440411067,0.5495867768595041,0.7280596372575696
1672,9,tma3_E2,0.0,0.5505460318530068,0.5813953488372093,1.0
1673,9,tma3_E2,0.0,0.5773183469199727,0.5128205128205128,1.0
1674,9,tma3_E2,0.0,0.33534549671472047,0.6470588235294118,0.7468751197533472
1675,9,tma3_E2,0.0,0.731562984628553,0.5666666666666667,0.9422499432898651
1676,9,tma3_E2,0.0,0.600848088881534,0.6666666666666666,0.7965626909644464
1677,9,tma3_E2,0.0,0.49506030677202384,0.5686274509803921,0.8232781641998693
1678,9,tma3_E2,0.0,0.6536113434873877,0.8571428571428571,1.0
1679,9,tma3_E2,0.0,0.06126485959639061,0.7346938775510204,0.682858599385341
1680,9,tma3_E2,0.0,0.5244979442342523,0.9375,1.0
1681,9,tma3_F3,0.0,0.3866538263928917,0.5434782608695652,1.0
1682,9,tma3_F3,0.0,0.8343185505089123,0.6216216216216216,1.0
1683,9,tma3_F3,0.0,0.47986599179683653,0.40963855421686746,0.8284143739690919
1684,9,tma3_E3,0.0,0.4419521091708044,0.5564345991561181,1.0
1685,9,tma3_E3,0.0,0.5392244354109315,0.7192982456140351,1.0
1686,9,tma3_E3,0.0,0.33984634172894757,0.4835164835164835,0.8819527258866462
1687,9,tma3_E3,0.0,0.023242100245638997,0.5265700483091788,0.6836707969038618
1688,9,tma3_E3,0.0,0.43408910342670437,0.90625,0.7871275785688997
1689,9,tma3_E3,0.0,0.365610198272284,1.0,1.0
1690,9,tma3_E3,0.0,0.7011654176798707,0.6976744186046512,1.0
1691,9,tma3_E3,0.0,0.1677391312675648,0.5229357798165137,1.0
1692,9,tma3_F3,0.0,0.45204650399529356,0.3880597014925373,0.8166515914351334
1693,9,tma3_E3,0.0,0.6080559017895172,0.5688976377952756,1.0
1694,9,tma3_E3,0.0,0.45665602763388147,0.38529411764705884,0.8427030857220704
1695,9,tma3_E3,0.0,0.5811533703171137,0.7222222222222222,0.8419829169674652
1696,9,tma3_D3,0.0,0.41871632448341756,0.7454545454545455,0.8630057743123563
1697,9,tma3_D3,0.0,0.6033982595393805,0.7407407407407407,0.813905761822147
1698,9,tma3_D3,0.0,0.6240943685350535,0.6511627906976745,1.0
1699,9,tma3_D3,0.0,0.28549733201787897,0.7321428571428571,0.902986428010096
1700,9,tma3_D3,0.0,0.5343559438890755,0.5729166666666666,1.0
1701,9,tma3_D3,0.0,0.1968878568453214,0.9523809523809523,0.7365817274551114
1702,9,tma3_D3,0.0,0.24100142304397887,0.5555555555555556,1.0
1703,9,tma3_D3,0.0,0.07676341615917914,0.473421926910299,0.8208048650828558
1704,9,tma3_D3,0.0,0.6662545860763054,0.8666666666666667,1.0
1705,9,tma3_D3,0.0,0.3971890984405484,0.6060606060606061,0.9281478442479272
1706,9,tma3_D3,0.0,0.2609109333748798,0.9166666666666666,0.6991456882715195
1707,9,tma3_D3,0.0,0.6505276825418518,0.7894736842105263,1.0
1708,9,tma3_D3,0.0,0.6253359998722248,0.825,1.0
1709,9,tma3_D3,0.0,0.4911099543630274,0.6,1.0
1710,9,tma3_D3,0.0,0.32035525691961686,0.5275590551181102,1.0
1711,9,tma3_D3,0.0,0.436946081784348,0.7894736842105263,0.89328303064281
1712,9,tma3_D3,0.0,0.4565043400094566,0.7547169811320755,1.0
1713,9,tma3_D3,0.0,0.04605549333433767,0.9333333333333333,0.7087065272256393
1714,9,tma3_D3,0.0,0.5736196629726009,0.7142857142857143,0.9327721378963509
1715,9,tma3_D3,0.0,0.2249132056401263,0.7681159420289855,1.0
1716,9,tma3_D3,0.0,0.6031681620867437,0.4032059186189889,0.8221356283238617
1717,9,tma3_D3,0.0,0.2762274429330348,0.46153846153846156,0.8365434379541071
1718,9,tma3_D3,0.0,0.027347062910656472,0.5514705882352942,0.7506276824735447
1719,9,tma3_D3,0.0,0.21987520962414742,0.33633633633633636,1.0
1720,9,tma3_D3,0.0,0.06768500552758416,0.825,0.9325397811998473
1721,9,tma3_D3,0.0,0.6009708959628325,0.8235294117647058,0.8289975302615746
1722,9,tma3_D3,0.0,0.4278959221158041,0.47368421052631576,1.0
1723,9,tma3_D3,0.0,0.4465530215993069,0.75,1.0
1724,9,tma3_E3,0.0,0.4038611212116906,0.6615384615384615,0.9271204686058143
1725,9,tma3_E3,0.0,0.6804192276298758,0.41304347826086957,1.0
1726,9,tma3_E3,0.0,0.46095027302467706,0.8235294117647058,0.7860393595288477
1727,9,tma3_E3,0.0,0.3618706399366478,0.4410480349344978,0.7624473054253635
1728,9,tma3_E3,0.0,0.5472475318287695,0.64,1.0
1729,9,tma3_F3,0.0,0.35913545008597214,0.56,1.0
1730,9,tma3_F3,0.015626847882630135,0.07773611099374778,0.6521739130434783,0.9370279888060566
1731,9,tma3_F3,0.0,0.17864733232475105,0.9047619047619048,1.0
1732,9,tma3_F3,0.0,0.620570559541146,0.8620689655172413,1.0
1733,9,tma3_E3,0.0,0.65647481093897,0.6538461538461539,0.8582065846347281
1734,9,tma3_F3,0.0,0.6086750399312276,0.5806451612903226,1.0
1735,9,tma3_F3,0.0,0.08959038305507505,0.95,0.8495872824453922
1736,9,tma3_F3,0.0,0.5470861371149424,0.4714285714285714,0.8055910851511199
1737,9,tma3_F3,0.0,0.8507618063280578,0.8076923076923077,1.0
1738,9,tma3_F3,0.0,0.4459902783476827,0.5555555555555556,1.0
1739,9,tma3_F3,0.0,0.5819964751726632,0.5930232558139535,0.7474909255190699
1740,9,tma3_F3,0.0,0.344113995966819,0.6060606060606061,1.0
1741,9,tma3_F3,0.0,0.27772203099525816,0.5925925925925926,0.7358956811195873
1742,9,tma3_F3,0.0,0.6605852837699803,0.7291666666666666,1.0
1743,9,tma3_E3,0.0,0.43760806326107915,0.5666666666666667,1.0
1744,9,tma3_E3,0.0,0.601672435041364,0.6521739130434783,1.0
1745,9,tma3_E3,0.0,0.6829999677746272,0.6551724137931034,1.0
1746,9,tma3_E3,0.0,0.7323767878125418,0.47058823529411764,1.0
1747,9,tma3_E3,0.0,0.23504662017740707,0.625,0.7235590556729141
1748,9,tma3_E3,0.0,0.3227478093916827,0.7894736842105263,1.0
1749,9,tma3_E3,0.0,0.4202690930002535,0.8571428571428571,1.0
1750,9,tma3_E3,0.0,0.04348382873762091,0.6756756756756757,0.6999142521916284
1751,9,tma3_E3,0.0,0.5624578306664549,0.4090909090909091,0.9443523018510895
1752,9,tma3_E3,0.0,0.6563702874238475,0.4146341463414634,1.0
1753,9,tma3_E3,0.0,0.7779279313354499,0.375,1.0
1754,9,tma3_E3,0.0,0.19103406069862117,0.7619047619047619,0.6839286225081053
1755,9,tma3_D3,0.0,0.3397789182929799,0.5971223021582733,1.0
1756,9,tma3_D3,0.0,0.29663429023259325,0.4574468085106383,0.7483199267241631
1757,9,tma3_D3,0.0,0.2815208945019959,0.6131386861313869,0.8866413179180975
1758,9,tma3_D3,0.0,0.33401908385061374,0.8333333333333334,0.7563788135653823
1759,9,tma3_D3,0.0,0.5377368995149985,0.3894736842105263,1.0
1760,9,tma3_D3,0.0,0.5417476239022786,0.6405228758169934,1.0
1761,9,tma3_D3,0.0,0.702849920735567,0.5833333333333334,1.0
1762,9,tma3_D3,0.0,0.35033718524893664,0.7027027027027027,0.866840690421386
1763,9,tma3_D3,0.0,0.5943868061684776,0.8125,0.8489168402521319
1764,9,tma3_D3,0.0,0.5432259216633586,0.7272727272727273,1.0
1765,9,tma3_C3,0.0,0.20362570690961523,0.6785714285714286,0.57050240055322
1766,9,tma3_C3,0.0,0.511931691114753,0.5634920634920635,1.0
1767,9,tma3_C3,0.0,0.5660190929385518,0.5179856115107914,1.0
1768,9,tma3_C3,0.0,0.7108579524900713,0.5454545454545454,1.0
1769,9,tma3_C3,0.0,0.11609466329215501,0.6216216216216216,0.701583167074964
1770,9,tma3_C3,0.0,0.35913763644600083,0.3484848484848485,1.0
1771,9,tma3_C3,0.0,0.2911419526833511,0.6238532110091743,0.8800194149821189
1772,9,tma3_C3,0.0,0.07560438872138009,0.679144385026738,0.8700249355314071
1773,9,tma3_C3,0.0,0.6945192481343008,0.8148148148148148,1.0
1774,9,tma3_C3,0.0,0.14279158847899964,0.6043956043956044,1.0
1775,9,tma3_C3,0.0,0.3964313078752425,0.6304347826086957,0.8283959231722576
1776,9,tma3_C3,0.0,0.399402376806946,0.6470588235294118,1.0
1777,9,tma3_C3,0.01587692223146253,0.1717015128023418,0.5689655172413793,0.7098412522307715
1778,9,tma3_C3,0.0,0.3872059150821415,0.6222222222222222,0.7620515683608367
1779,9,tma3_C3,0.0,0.5640175940947603,0.5952380952380952,0.9144088259732547
1780,9,tma3_C3,0.0,0.5711996843982539,0.6111111111111112,1.0
1781,9,tma3_C3,0.0,0.42524648454539293,0.6857142857142857,1.0
1782,9,tma3_C3,0.0,0.6183264433996406,0.6619718309859155,0.8914074014791373
1783,9,tma3_C3,0.0,0.551767715643392,0.5416666666666666,1.0
1784,9,tma3_C3,0.0,0.26627213749555834,0.6067415730337079,0.7570446908901266
1785,9,tma3_C3,0.0,0.573772347533724,0.5296803652968036,1.0
1786,9,tma3_C3,0.0,0.6155216788898376,0.5901639344262295,0.8167545379955028
1787,9,tma3_C3,0.0,0.4396464759288059,0.45702592087312416,1.0
1788,9,tma3_C3,0.0,0.1787731317341157,0.8333333333333334,0.7655103159948553
1789,9,tma3_C3,0.0,0.46767803202200287,0.5319148936170213,1.0
1790,9,tma3_C3,0.0,0.5223276177452062,0.7333333333333333,1.0
1791,9,tma3_C3,0.0,0.07750151021522,0.5416666666666666,1.0
1792,9,tma3_C3,0.0,0.11635224807760824,0.6470588235294118,0.9009717203378055
1793,9,tma3_C3,0.0,0.49972060197886803,0.65625,1.0
1794,9,tma3_E3,0.0,0.4101726627260808,0.9333333333333333,0.8479017024542079
1795,9,tma3_D3,0.0,0.2949289819882187,0.6190476190476191,0.7430441959287267
1796,9,tma3_D3,0.0,0.2674740035747587,0.54,0.7814552748078032
1797,9,tma3_D3,0.0,0.03734261734660482,0.7857142857142857,0.7638383750696711
1798,9,tma3_D3,0.0,0.40171707862020944,0.8378378378378378,1.0
1799,9,tma3_D3,0.0,0.48713084909592486,0.4575569358178054,0.9261132365977568
1800,9,tma3_D3,0.0,0.4018650313020663,0.7,1.0
1801,9,tma3_D3,0.0,0.625807369390212,0.5757575757575758,0.9173732448249617
1802,9,tma3_D3,0.0,0.47267167132932153,0.8333333333333334,1.0
1803,9,tma3_E3,0.0,0.6560857303117499,0.6153846153846154,1.0
1804,9,tma3_E3,0.0,0.30950949568372776,0.5384615384615384,1.0
1805,9,tma3_C3,0.0,0.23412117709641422,0.5369649805447471,1.0
1806,9,tma3_C3,0.0,0.4632124786170656,0.6568627450980392,1.0
1807,9,tma3_C3,0.0,0.33409481623494053,0.5069767441860465,1.0
1808,9,tma3_C3,0.0,0.6096244548425658,0.8181818181818182,1.0
1809,9,tma3_C3,0.0,0.5652835249552774,0.6138613861386139,1.0
1810,9,tma3_C3,0.0,0.33537413464571797,0.9285714285714286,0.8606707868596232
1811,9,tma3_D3,0.0,0.6249829217205438,0.5789473684210527,0.8500536954613681
1812,9,tma3_D3,0.0,0.4929221536577003,0.8421052631578947,0.7686054212660718
1813,9,tma3_D3,0.0,0.30987699431645976,0.7619047619047619,0.7786872724843317
1814,9,tma3_D3,0.0,0.4776308739111138,0.6326530612244898,0.8724213106814042
1815,9,tma3_D3,0.0,0.3669420548022727,1.0,0.7930192617286843
1816,9,tma3_D3,0.018079397654284457,0.18449865362452678,0.8,0.7287662472799913
1817,9,tma3_E3,0.0,0.8368586657738275,0.4444444444444444,1.0
1818,9,tma3_F3,0.0,0.7394172378271919,0.7931034482758621,1.0
1819,9,tma3_F3,0.0,0.459098062466621,0.6018518518518519,1.0
1820,9,tma3_F3,0.0,0.5623951799541835,0.5925925925925926,1.0
1821,9,tma3_F3,0.0,0.4638383843706867,0.46547884187082406,1.0
1822,9,tma3_F3,0.0,0.4382252962675218,0.5895196506550219,1.0
1823,9,tma3_F3,0.0,0.3701039061401382,1.0,0.8766372402993702
1824,9,tma3_E3,0.0,0.7141722899138838,0.8387096774193549,1.0
1825,9,tma3_E3,0.0,0.3730151653409036,0.5079365079365079,0.7798559266142733
1826,9,tma3_F3,0.0,0.6644885578270797,0.43,1.0
1827,9,tma3_F3,0.0,0.5745290131889061,0.49640287769784175,1.0
1828,9,tma3_F3,0.0,0.7774204915663441,0.8636363636363636,1.0
1829,9,tma3_F3,0.0,0.3256471319649408,0.7317073170731707,1.0
1830,9,tma3_F3,0.0,0.5524343878674736,0.6,1.0
1831,9,tma3_F3,0.05205966868434486,0.11091407972357192,0.723404255319149,0.7351375174899097
1832,9,tma3_F3,0.0,0.6987457730383344,0.5961538461538461,1.0
1833,9,tma3_F3,0.0,0.25585296916615996,0.5161290322580645,1.0
1834,9,tma3_F3,0.0,0.6263659580950534,0.9056603773584906,1.0
1835,9,tma3_F3,0.0,0.3847906413591662,0.7241379310344828,0.8086530424412932
1836,9,tma3_F3,0.0,0.6067378516981374,0.5303030303030303,1.0
1837,9,tma3_F3,0.0,0.3764555023906183,0.7142857142857143,1.0
1838,9,tma3_F3,0.0,0.6665826124782989,0.7285714285714285,1.0
1839,9,tma3_F3,0.0,0.5936538807564604,0.6956521739130435,0.948780853356129
1840,9,tma3_F3,0.0,0.43725752048608957,0.34146341463414637,0.6822900582032654
1841,9,tma3_F3,0.0,0.4974631286957515,0.6666666666666666,0.9383788921355115
1842,9,tma3_F3,0.0,0.7712873201610557,0.6111111111111112,1.0
1843,9,tma3_F3,0.0,0.512065391184906,0.46774193548387094,1.0
1844,9,tma3_F3,0.0,0.6194045979419687,0.6909090909090909,1.0
1845,9,tma3_F3,0.0,0.4702550440751919,0.7714285714285715,0.8792864008743164
1846,9,tma3_F3,0.0,0.713965006677865,0.8695652173913043,1.0
1847,9,tma3_F3,0.0,0.6696400540595544,0.8666666666666667,1.0
1848,9,tma3_F3,0.0,0.40361626258068883,0.4888888888888889,0.7842356736855607
1849,9,tma3_F3,0.0,0.6217225228277093,0.7307692307692307,0.9483716106001675
1850,9,tma3_F3,0.0,0.2801955970887732,0.5945945945945946,0.6727751954381197
1851,9,tma3_F3,0.0,0.6734627342122523,0.7586206896551724,1.0
1852,9,tma3_F3,0.0,0.4515933541473087,1.0,1.0
1853,9,tma3_F3,0.04464786022863987,0.07266973870511884,0.6818181818181818,0.7743942339545865
1854,9,tma3_D2,0.0,0.4407132694481066,0.4716981132075472,0.9185360186143113
1855,9,tma3_D2,0.0,0.40985643239693426,0.7878787878787878,0.7795668898924814
1856,9,tma3_D2,0.0,0.3467163783282433,0.5925925925925926,0.8358380951363333
1857,9,tma3_D2,0.0,0.4004653029000864,0.8260869565217391,0.8316935057637055
1858,9,tma3_D2,0.0,0.4947683887309574,0.47641509433962265,1.0
1859,9,tma3_D2,0.0,0.5613205850303666,0.5135135135135135,1.0
1860,9,tma3_D2,0.0,0.6567655716357002,0.6190476190476191,1.0
1861,9,tma3_D2,0.0,0.5691410462238047,0.45,0.7903696238719166
1862,9,tma3_D2,0.0,0.2902846020221719,0.6285714285714286,1.0
1863,9,tma3_D2,0.0,0.46657452702787094,0.8125,1.0
1864,9,tma3_D2,0.0,0.6352086568797363,0.4634146341463415,1.0
1865,9,tma3_D2,0.0,0.8006774511623798,0.5529411764705883,0.9388590376214823
1866,9,tma3_D2,0.0,0.4449342783695588,0.5833333333333334,0.8575822491250852
1867,9,tma3_D2,0.0,0.6660383808660346,0.6904761904761905,1.0
1868,9,tma3_D2,0.0,0.4939225697466013,0.44274809160305345,0.8208556487941016
1869,9,tma3_D2,0.0,0.5360911150785646,0.49122807017543857,1.0
1870,9,tma3_D2,0.0,0.365306089767957,0.6470588235294118,0.7754761357877871
1871,9,tma3_D2,0.0,0.4470309553452445,0.45161290322580644,0.7221433595935114
1872,9,tma3_D2,0.0,0.15455315632917477,0.5217391304347826,1.0
1873,9,tma3_D2,0.0,0.28430799619412983,0.9375,0.7028947834282703
1874,9,tma3_D2,0.0,0.5037018857270685,0.4883720930232558,1.0
1875,9,tma3_D2,0.0,0.17749001190065272,0.625,0.7520119855147696
1876,9,tma3_D2,0.0,0.5847063646933978,0.9069767441860465,1.0
1877,9,tma3_D2,0.0,0.42152789944109625,0.55,0.870711786747716
1878,9,tma3_D2,0.04370125615206211,0.28546392776343743,0.4883720930232558,0.7823304221888178
1879,9,tma3_D2,0.0,0.6151157877077034,0.7058823529411765,1.0
1880,9,tma3_D2,0.0,0.6115359755910847,0.5504587155963303,0.8402038962866952
1881,9,tma3_D2,0.0,0.4239932573039725,0.4819277108433735,1.0
1882,9,tma3_D2,0.0,0.5940854434404765,0.6060606060606061,1.0
1883,9,tma3_D2,0.0,0.7658494764067898,0.9375,1.0
1884,9,tma3_D2,0.0,0.28599873377637797,0.4725274725274725,1.0
1885,9,tma3_D2,0.0,0.3785800397977691,0.49122807017543857,1.0
1886,9,tma3_D2,0.0,0.23803147917258927,0.5603448275862069,0.764850543091438
1887,9,tma3_D2,0.0,0.8242877767914162,0.7307692307692307,1.0
1888,9,tma3_D2,0.0,0.2906320325933479,0.625,1.0
1889,9,tma3_D2,0.0,0.5625859528957262,0.5391304347826087,1.0
1890,9,tma3_D2,0.0,0.4382623254348462,0.6153846153846154,1.0
1891,9,tma3_D2,0.0,0.37572067946137866,0.44642857142857145,0.7240612391880445
1892,9,tma3_D2,0.0,0.61348205303861,0.6111111111111112,1.0
1893,9,tma3_D2,0.0,0.6831491148971145,0.41304347826086957,1.0
1894,9,tma3_D2,0.0,0.3431635793254354,0.5945945945945946,0.8157024067241538
1895,9,tma3_D2,0.0,0.29750780511339403,0.4188034188034188,0.7232214782026355
1896,9,tma3_D2,0.0,0.11552066750265977,0.5606060606060606,0.6881473091735264
1897,9,tma3_D2,0.0,0.17948392482943942,0.5102040816326531,1.0
1898,9,tma3_D2,0.036121079246663745,0.12834080056003416,0.5714285714285714,0.9353100377343684
1899,9,tma3_D2,0.0,0.6406268788936326,0.6744186046511628,1.0
1900,9,tma3_D2,0.0,0.7718894332738098,0.8888888888888888,1.0
1901,9,tma3_D2,0.0,0.5889879008879394,0.625,1.0
1902,9,tma3_D2,0.0,0.5007776450869046,0.8181818181818182,0.7877340884538453
1903,9,tma3_D2,0.0,0.17170739487198283,0.5483870967741935,0.7345201167461618
1904,9,tma3_D2,0.0,0.11504651881980299,0.5,0.7006933257648172
1905,9,tma3_D2,0.0,0.03457326600050348,0.5,0.8252888444958653
1906,9,tma3_D2,0.0,0.7479154060192379,0.5230769230769231,1.0
1907,9,tma3_D2,0.0,0.6777514750856597,0.7083333333333334,1.0
1908,9,tma3_D2,0.0,0.8873823269120773,0.7307692307692307,0.94492314025304
1909,9,tma3_D2,0.0,0.8025331993850144,0.6296296296296297,1.0
1910,9,tma3_D2,0.0,0.4712360957878047,0.85,1.0
1911,9,tma3_D2,0.0,0.1412610574509049,0.6428571428571429,0.9124924528475551
1912,9,tma3_D2,0.0,0.7672606133434655,0.5588235294117647,1.0
1913,9,tma3_D2,0.0,0.3991040671351268,0.4731182795698925,0.7674017910248155
1914,9,tma3_D2,0.0,0.6744175883887042,0.3115201090661213,1.0
1915,9,tma3_D2,0.0,0.4737706889719592,0.5697674418604651,0.805709426308804
1916,9,tma3_D2,0.0,0.23060259514025316,1.0,0.8759684050469436
1917,9,tma3_D2,0.0,0.7094756491551919,0.4790697674418605,1.0
1918,9,tma3_D2,0.0,0.591909916250818,0.5714285714285714,1.0
1919,9,tma3_D2,0.0,0.5513940888770248,0.7941176470588235,0.8160762850616005
1920,9,tma3_D2,0.0,0.6064976282087368,0.625,1.0
1921,9,tma3_D2,0.0,0.6222098894382855,0.6285714285714286,1.0
1922,9,tma3_D2,0.0,0.25553718940514214,0.7142857142857143,0.7919527666269185
1923,9,tma3_D2,0.0,0.5484198476659464,0.8235294117647058,1.0
1924,9,tma3_D2,0.0,0.6123922769299723,0.6545454545454545,1.0
1925,9,tma3_D2,0.0,0.2027365775032688,0.4943820224719101,0.7841633289037323
1926,9,tma3_D2,0.0,0.526227904436354,0.4642857142857143,1.0
1927,9,tma3_D2,0.0,0.18636522558713053,0.9375,0.762393546423009
1928,9,tma3_D2,0.0,0.5458663978200136,0.6666666666666666,1.0
1929,9,tma3_D2,0.0,0.6873536809759706,0.8360655737704918,1.0
1930,9,tma3_D2,0.0,0.45478931191332106,0.9090909090909091,0.9158594225088712
1931,9,tma3_D2,0.0,0.5880615650504692,0.5650969529085873,1.0
1932,9,tma3_D2,0.0,0.29747964629834056,0.5909090909090909,1.0
1933,9,tma3_D2,0.0,0.3253904346671319,0.5375,0.7327081830033836
1934,9,tma3_D2,0.0,0.48954729457694246,0.7142857142857143,1.0
1935,9,tma3_D2,0.0,0.22081645304307962,0.5769230769230769,0.8367864204307138
1936,9,tma3_D2,0.0,0.06432534604947171,0.4437869822485207,1.0
1937,9,tma3_D2,0.0,0.1080454925513944,0.5882352941176471,0.8469569454987402
1938,9,tma3_D2,0.0,0.6209260301698389,0.5740740740740741,0.8725939660939392
1939,9,tma3_D2,0.0,0.33949856412550694,0.4126984126984127,0.8221091600770903
1940,9,tma3_D2,0.0,0.41943510100755,0.6486486486486487,1.0
1941,9,tma3_D2,0.0,0.39421314046841816,0.527027027027027,0.8266622366568451
1942,9,tma3_D2,0.0,0.46337333798682667,0.6052631578947368,0.9396214282458877
1943,9,tma3_D2,0.0,0.5240931423022828,0.5833333333333334,1.0
1944,9,tma3_D2,0.0,0.12933292094242843,0.6363636363636364,0.6830424270876782
1945,9,tma3_D2,0.0,0.3760037647641089,0.6590909090909091,1.0
1946,9,tma3_D2,0.0,0.30002444045306687,0.75,0.8538358980851065
1947,9,tma3_D2,0.0,0.29872670629199904,0.7647058823529411,0.7351024126335121
1948,9,tma3_C1,0.0,0.406351930287285,0.7,0.8541032460360538
1949,9,tma3_C1,0.0,0.6257919094033777,0.7142857142857143,1.0
1950,9,tma3_C1,0.0,0.6101284872610613,0.6923076923076923,1.0
1951,9,tma3_C1,0.0,0.2063699666427099,0.46953405017921146,0.7363094854787622
1952,9,tma3_C1,0.0,0.7371346729335391,0.896551724137931,1.0
1953,9,tma3_C1,0.0,0.30990780641972315,0.6336633663366337,0.880344143910022
1954,9,tma3_C1,0.0,0.6638690758177104,0.7727272727272727,1.0
1955,9,tma3_C1,0.0,0.47111849059469524,0.6455696202531646,1.0
1956,9,tma3_C1,0.0,0.3937849896552891,0.7674418604651163,0.9360201435417126
1957,9,tma3_C1,0.0,0.4823155487822499,0.8,1.0
1958,9,tma3_C1,0.0,0.35504376633124035,0.8095238095238095,0.7418358499209529
1959,9,tma3_C1,0.0,0.4736253193420157,0.48936170212765956,1.0
1960,9,tma3_C1,0.0,0.7477924711192796,0.8333333333333334,1.0
1961,9,tma3_C1,0.0,0.04465125585695595,0.6103448275862069,0.8574231861451416
1962,9,tma3_C1,0.0,0.374003554880994,0.9523809523809523,0.7405531905849716
1963,9,tma3_C1,0.0,0.7260911024058858,0.4742268041237113,1.0
1964,9,tma3_C1,0.0,0.33778146848329993,0.75,1.0
1965,9,tma3_C1,0.0,0.599863801050232,0.5135135135135135,1.0
1966,9,tma3_C1,0.0,0.5771313877273363,0.47058823529411764,0.9273210581876423
1967,9,tma3_C1,0.0,0.28178321938960416,1.0,0.6056717527837141
1968,9,tma3_C1,0.0,0.5093710092559252,0.5555555555555556,1.0
1969,9,tma3_C1,0.0,0.25157140193507177,0.5727699530516432,1.0
1970,9,tma3_C1,0.0,0.347651705225529,0.9047619047619048,0.8073087877564429
1971,9,tma3_C1,0.0,0.5926961803447779,0.7037037037037037,1.0
1972,9,tma3_C1,0.0,0.5982518356432205,0.5306122448979592,0.9144988358385806
1973,9,tma3_C1,0.0,0.6156670254068127,0.5730337078651685,1.0
1974,9,tma3_D2,0.0,0.2609169382756823,0.6744186046511628,0.7663376623698978
1975,9,tma3_D2,0.0,0.6798652252519337,0.4897959183673469,1.0
1976,9,tma3_D2,0.0,0.5636506311748519,0.6417910447761194,1.0
1977,9,tma3_D2,0.0,0.27410000605817353,0.6216216216216216,0.7708591635874518
1978,9,tma3_D2,0.0,0.5900516935749744,0.41904761904761906,1.0
1979,9,tma3_D2,0.0,0.5099275702429974,0.5555555555555556,1.0
1980,9,tma3_D2,0.0,0.5040825439907268,0.875,1.0
1981,9,tma3_D2,0.0,0.25873921047353743,0.6455696202531646,1.0
1982,9,tma3_A3,0.040130704110962534,0.16933002492785876,0.4293785310734463,0.7398816489119138
1983,9,tma3_A3,0.0,0.5178383400364385,0.6666666666666666,1.0
1984,9,tma3_A3,0.0,0.6835067613933049,0.42138364779874216,0.9418265480664422
1985,9,tma3_A3,0.0,0.4840507340663759,0.6078431372549019,1.0
1986,9,tma3_A3,0.0,0.2726221444587468,0.6206896551724138,0.6082276921759341
1987,9,tma3_A3,0.0,0.14159537348558426,0.64,0.8761848685833273
1988,9,tma3_A3,0.0,0.47214279568491346,0.4666666666666667,1.0
1989,9,tma3_A3,0.0,0.22282034653779725,0.6206896551724138,0.7629989358637024
1990,9,tma3_A3,0.045638292456353646,0.2948747115498006,0.6115702479338843,0.7430418606102559
1991,9,tma3_A3,0.0,0.5119561019981131,0.4797687861271676,0.9387946968616762
1992,9,tma3_A3,0.0,0.1911493916173692,0.6216216216216216,0.6806170096092236
1993,9,tma3_A3,0.0,0.027641826979915796,0.46885245901639344,1.0
1994,9,tma3_A3,0.0,0.4651599513248018,0.7,0.7671340629705413
1995,9,tma3_A3,0.0,0.4402563394483784,0.85,1.0
1996,9,tma3_A3,0.0,0.1583704118081991,0.7777777777777778,0.71370288336051
1997,9,tma3_A3,0.0,0.5172001767162855,0.4240506329113924,1.0
1998,9,tma3_A3,0.0,0.4922693204877231,0.31210191082802546,0.9450814875350745
1999,9,tma3_A3,0.0,0.7649666974598905,0.8421052631578947,1.0
2000,9,tma3_A3,0.0,0.6293027072165039,0.6,1.0
2001,9,tma3_A3,0.0,0.8078371885477353,0.6078431372549019,1.0
2002,9,tma3_A3,0.0,0.13892958973462533,0.7142857142857143,0.9377743472139606
2003,9,tma3_A3,0.0,0.5083673144874695,0.7407407407407407,1.0
2004,9,tma3_A3,0.0,0.7723561939688167,0.6176470588235294,1.0
2005,9,tma3_A3,0.0,0.5608292922714815,0.39622641509433965,1.0
2006,9,tma3_A3,0.0,0.39089668885496653,0.3841059602649007,0.8196713072024232
2007,9,tma3_A3,0.0,0.0268677038337789,0.8,1.0
2008,9,tma3_A3,0.0,0.22566604758625386,0.8,0.7050411407069439
2009,9,tma3_A3,0.0,0.27449031396659673,0.5882352941176471,0.8468898043337635
2010,9,tma3_A3,0.0,0.5234267408656611,0.6440677966101694,1.0
2011,9,tma3_A3,0.0,0.7755956079340743,0.6666666666666666,0.9104614855721446
2012,9,tma3_A3,0.0,0.49560241880218125,0.6,1.0
2013,9,tma3_A3,0.0,0.4632713038913122,0.5217391304347826,0.8924059823721121
2014,9,tma3_A3,0.0,0.4728037926714831,0.7058823529411765,1.0
2015,9,tma3_A3,0.0,0.5488589529707956,0.5925925925925926,1.0
2016,9,tma3_A3,0.0,0.5899705467459861,0.8846153846153846,0.8376951013513789
2017,9,tma3_A3,0.0,0.6181742517929258,0.6341463414634146,1.0
2018,9,tma3_C2,0.0,0.4855088529993734,0.6,0.8943308567447906
2019,9,tma3_C2,0.0,0.5761918851059404,0.38018433179723504,1.0
2020,9,tma3_C2,0.0,0.0007419020571226564,0.782608695652174,1.0
2021,9,tma3_C2,0.0,0.7052282143289726,0.34408602150537637,1.0
2022,9,tma3_C2,0.0,0.5487429808564509,0.6078431372549019,0.8831830201401762
2023,9,tma3_C2,0.0,0.308693730971519,0.6037735849056604,0.8782780216320953
2024,9,tma3_C2,0.0,0.7861862297342852,0.42592592592592593,1.0
2025,9,tma3_C2,0.0,0.36445892747234354,0.64,0.8753717378644584
2026,9,tma3_C2,0.0,0.729724337304293,0.875,0.9381131660318314
2027,9,tma3_A3,0.0,0.8187997466830413,0.3898305084745763,1.0
2028,9,tma3_C2,0.0,0.5298642483865144,0.65,0.8131591329113822
2029,9,tma3_C2,0.0,0.06381127032595513,0.95,0.8297281915659191
2030,9,tma3_C2,0.0,0.6008245486178262,0.4666666666666667,1.0
2031,9,tma3_C2,0.0,0.47765566135201454,0.4479638009049774,0.791439692749046
2032,9,tma3_C2,0.0,0.11705845190156183,0.5555555555555556,0.8902829658868106
2033,9,tma3_C2,0.0,0.3541804734685684,0.5,0.8984052816588092
2034,9,tma3_C2,0.0,0.4594929124144933,0.4473684210526316,0.6366628805394909
2035,9,tma3_C2,0.0,0.514111025659426,0.6896551724137931,1.0
2036,9,tma3_C2,0.0,0.024160650723013988,0.7941176470588235,0.6887678961133497
2037,9,tma3_C2,0.0,0.5175676228525129,0.4534412955465587,1.0
2038,9,tma3_C2,0.0,0.05042812915231898,0.7,0.9490304146003478
2039,9,tma3_C2,0.028150951418421832,0.2910077914999988,0.3787878787878788,0.7834671923515953
2040,9,tma3_C2,0.0,0.6287191494227389,0.7083333333333334,1.0
2041,9,tma3_C2,0.0,0.57298326103955,0.5256410256410257,1.0
2042,9,tma3_C2,0.0,0.7004803638409107,0.33098591549295775,1.0
2043,9,tma3_C2,0.0,0.37079329485271906,0.4675324675324675,1.0
2044,9,tma3_C2,0.0,0.5319840890734813,0.5064935064935064,1.0
2045,9,tma3_C2,0.0,0.5403629279316351,0.8,1.0
2046,9,tma3_C2,0.0,0.7629635555930976,0.527027027027027,1.0
2047,9,tma3_C2,0.0,0.7623559291796632,0.5333333333333333,0.9168070335389931
2048,9,tma3_C2,0.0,0.45774643550373884,0.5217391304347826,1.0
2049,9,tma3_C2,0.0,0.6845979347473312,0.4177215189873418,1.0
2050,9,tma3_C2,0.09562495729025822,0.0389715048039857,0.4946236559139785,1.0
2051,9,tma3_C2,0.0,0.6079819697532609,0.42028985507246375,0.9249444805745412
2052,9,tma3_C2,0.0,0.4339686908536359,0.7021276595744681,0.7564348266345076
2053,9,tma3_C2,0.0,0.5078011331389742,0.7647058823529411,0.9244994345906684
2054,9,tma3_C2,0.0,0.2385054930486804,0.5833333333333334,1.0
2055,9,tma3_C2,0.0,0.6206649229780217,0.6274509803921569,0.8420415242588452
2056,9,tma3_C2,0.0,0.26884411642179795,0.9444444444444444,0.7739109820182013
2057,9,tma3_C2,0.0,0.6861992841660398,0.8695652173913043,1.0
2058,9,tma3_C2,0.024184557410371288,0.07139475885777169,0.8125,0.7595469074034347
2059,9,tma3_C2,0.14603969067642708,0.007379280587019754,0.5952380952380952,1.0
2060,9,tma3_C2,0.0,0.4324091809161038,0.7647058823529411,1.0
2061,9,tma3_C2,0.0,0.44420192587970453,0.6538461538461539,1.0
2062,9,tma3_E2,0.0,0.7277788698983594,1.0,1.0
2063,9,tma3_D3,0.0,0.5695044367750106,0.8636363636363636,1.0
2064,9,tma2_D1,0.0,0.4121004113984067,0.875,0.9235718025683224
2065,9,tma2_E1,0.0,0.7938633078489157,0.7142857142857143,0.9477059208743195
2066,9,tma2_D1,0.0,0.45368045319452033,0.5882352941176471,0.7936295377155329
2067,9,tma2_D1,0.0,0.5672589017154283,0.6538461538461539,1.0
2068,9,tma2_D1,0.0,0.44340294515411693,0.7619047619047619,1.0
2069,9,tma2_D1,0.0,0.015505593896989023,0.8235294117647058,0.6843187990340585
2070,9,tma2_D1,0.0,0.5396119572005305,0.3697478991596639,0.8016806333615175
2071,9,tma2_D1,0.0,0.5881260101987991,0.6538461538461539,1.0
2072,9,tma2_D1,0.0,0.46664868371124557,0.39215686274509803,0.7964377008865403
2073,9,tma2_D1,0.0,0.25172614552086725,0.8695652173913043,0.7272219346539057
2074,9,tma2_D1,0.0,0.6668860554735334,1.0,0.9448439353352112
2075,9,tma2_F1,0.0,0.6873525775320337,0.9130434782608695,1.0
2076,9,tma2_F1,0.0,0.612379016128515,0.7407407407407407,1.0
2077,9,tma2_F1,0.0,0.4173109062064687,0.8823529411764706,1.0
2078,9,tma2_F1,0.0,0.4069525924933851,0.8095238095238095,1.0
2079,9,tma2_E1,0.0,0.8105441726170377,0.47368421052631576,1.0
2080,9,tma2_E1,0.0,0.29831238672151583,0.4878048780487805,0.821120843953798
2081,9,tma2_E1,0.0,0.5728218716185898,0.3888888888888889,1.0
2082,9,tma2_E1,0.0,0.5865849843045015,0.8108108108108109,1.0
2083,9,tma2_E1,0.0,0.5474721580659556,0.5793901156677181,1.0
2084,9,tma2_F1,0.0,0.767625548284154,0.8333333333333334,1.0
2085,9,tma2_F1,0.0,0.742018733500735,0.7714285714285715,1.0
2086,9,tma2_F1,0.0,0.5101238458995341,0.9090909090909091,0.8283886005902147
2087,9,tma2_E1,0.0,0.29413106268755673,0.673469387755102,0.8274279470278108
2088,9,tma2_E1,0.0,0.5386621301744074,0.8367346938775511,0.9195499328498554
2089,9,tma2_D1,0.006385986254547449,0.29319353918742985,0.6764705882352942,0.7433331905439464
2090,9,tma2_D1,0.0,0.6362975198862819,0.4714285714285714,1.0
2091,9,tma2_D1,0.0,0.2710463918814351,0.5298507462686567,0.7796872621863323
2092,9,tma2_D1,0.0,0.6935683155692445,0.7045454545454546,1.0
2093,9,tma2_E1,0.0,0.6182944191067,0.6111111111111112,1.0
2094,9,tma2_D1,0.0,0.34128384173549764,0.5263157894736842,0.8513710313707639
2095,9,tma2_D1,0.0,0.12397746515394603,0.5238095238095238,0.8640956648595873
2096,9,tma2_D1,0.0,0.6368744968128937,0.5789473684210527,1.0
2097,9,tma2_D1,0.0,0.44780834623330845,0.5254237288135594,0.9022028868688904
2098,9,tma2_E1,0.0,0.5295350762285558,0.5294117647058824,1.0
2099,9,tma2_B2,0.0,0.6791178962332407,0.6285714285714286,1.0
2100,9,tma2_B2,0.0,0.41107315564619284,0.6756756756756757,0.9452434651835572
2101,9,tma2_B2,0.0,0.7813695990254796,0.4727272727272727,1.0
2102,9,tma2_B2,0.01834183206080242,0.1607716361301662,0.5151515151515151,0.7411308776562116
2103,9,tma2_B2,0.0,0.47518701393867613,0.5405405405405406,1.0
2104,9,tma2_B2,0.0,0.7064712715996211,0.7213114754098361,1.0
2105,9,tma2_B2,0.0,0.694408755541091,0.5365853658536586,1.0
2106,9,tma2_B2,0.0,0.5226272782128119,0.6216216216216216,0.8169257651456966
2107,9,tma2_B2,0.0,0.5331813215080263,0.4772727272727273,0.8527828553687035
2108,9,tma2_B2,0.0,0.45242604021294475,0.46551724137931033,1.0
2109,9,tma2_B2,0.0,0.7742180318947077,0.543859649122807,1.0
2110,9,tma2_B2,0.0,0.7746389137439725,0.8333333333333334,1.0
2111,9,tma2_B2,0.0,0.4308110318756466,0.7083333333333334,0.7820541268858836
2112,9,tma2_B2,0.023356862191364125,0.2722419748315942,0.6,0.7300344329172547
2113,9,tma2_B2,0.0,0.12962570560041353,0.6,0.7016556158682833
2114,9,tma2_B2,0.0,0.3350852503685834,0.625,0.8646161154098616
2115,9,tma2_B2,0.0,0.5511560300888656,0.5652173913043478,0.8743541467393933
2116,9,tma2_B2,0.0,0.5408090792548861,0.6521739130434783,0.7896097058573893
2117,9,tma2_B2,0.0,0.5541232021738097,0.6274509803921569,1.0
2118,9,tma2_B2,0.0,0.45434429930845344,0.6346153846153846,1.0
2119,9,tma2_B2,0.0,0.5956949054347165,0.55,0.8615690192313958
2120,9,tma2_B2,0.0,0.7110659806956066,0.7,1.0
2121,9,tma2_B2,0.0,0.5520763594941915,0.4533333333333333,1.0
2122,9,tma2_B2,0.0,0.051635474677399484,0.41935483870967744,0.8349624106840721
2123,9,tma2_B2,0.0,0.39258305004098404,0.9285714285714286,1.0
2124,9,tma2_B2,0.057361763828435164,0.10705053408270793,0.543859649122807,0.598287908573673
2125,9,tma2_B2,0.0,0.5071148010661531,0.6506024096385542,1.0
2126,9,tma2_B2,0.0,0.3108808006836118,0.7727272727272727,0.8629036561851638
2127,9,tma2_B2,0.0,0.6568587843256841,0.5862068965517241,1.0
2128,9,tma2_B3,0.0,0.4524007682473521,0.7843137254901961,0.9293752538876324
2129,9,tma2_B3,0.0,0.5886229762776923,0.6590909090909091,1.0
2130,9,tma2_B3,0.0,0.3981845337925546,0.6774193548387096,0.8128022493344739
2131,9,tma2_B3,0.0,0.4540727245607137,0.8421052631578947,1.0
2132,9,tma2_B3,0.0,0.5046383089870602,0.7727272727272727,0.7826908860577781
2133,9,tma2_B3,0.0,0.3399258120903462,0.9047619047619048,0.7198101240616654
2134,9,tma2_B3,0.0,0.6344587975428768,0.85,1.0
2135,9,tma2_B3,0.0,0.5332258187428347,0.575,0.8165448593461794
2136,9,tma2_B3,0.0,0.4563611735451083,0.7391304347826086,0.8501778089839226
2137,9,tma2_B3,0.0,0.32118434034805987,0.49736842105263157,0.9401722731178651
2138,9,tma2_B3,0.0,0.5904184451217993,0.6296296296296297,0.8354828410714594
2139,9,tma2_B3,0.0,0.5602732981732373,0.7272727272727273,1.0
2140,9,tma2_B3,0.0,0.7093155885465778,0.65,1.0
2141,9,tma2_B3,0.0,0.11512477640532515,0.92,0.724876890337862
2142,9,tma2_B3,0.0,0.30311636630517924,0.4918032786885246,1.0
2143,9,tma2_B3,0.0,0.5291226608821253,0.47058823529411764,1.0
2144,9,tma2_B3,0.0,0.4810517010180989,0.39622641509433965,1.0
2145,9,tma2_B3,0.0,0.33748700038940294,0.631578947368421,1.0
2146,9,tma2_A3,0.0,0.30735309867482796,0.6304347826086957,0.9087749205400678
2147,9,tma2_D3,0.0,0.4368817487560085,0.5921052631578947,0.7042467087836665
2148,9,tma2_D3,0.0,0.5385585740023415,0.5714285714285714,0.9061534301908518
2149,9,tma2_D3,0.0,0.37799881239741684,0.7,0.7411922207097293
2150,9,tma2_D3,0.0,0.5936336755708085,0.6271186440677966,1.0
2151,9,tma2_A3,0.0,0.550746516089131,0.7105263157894737,1.0
2152,9,tma2_A3,0.0,0.28740104803681565,0.7391304347826086,0.8370971646392219
2153,9,tma2_A3,0.0,0.5014477518945919,0.7894736842105263,0.7971105982879642
2154,9,tma2_A3,0.0,0.5777921425568963,0.6585365853658537,1.0
2155,9,tma2_A3,0.0,0.48692303772972145,0.37362637362637363,1.0
2156,9,tma2_A3,0.0,0.3527213601826126,0.5882352941176471,1.0
2157,9,tma2_A3,0.0,0.30462387767884735,0.8695652173913043,0.7485754888880147
2158,9,tma2_A3,0.0,0.6568477458253558,0.5862068965517241,1.0
2159,9,tma2_B3,0.0,0.3928016010457783,0.625,1.0
2160,9,tma2_B3,0.0019959121919654876,0.39206106829144527,0.5333333333333333,0.8253984364015227
2161,9,tma2_A3,0.0,0.5674432216344106,0.7619047619047619,0.894588700216944
2162,9,tma2_A3,0.0,0.241056109131626,0.5398230088495575,0.8694058778132938
2163,9,tma2_A3,0.0,0.5842801455111093,0.5471698113207547,1.0
2164,9,tma2_A3,0.0,0.27728292533950716,0.65625,0.7108454833922537
2165,9,tma2_A3,0.0,0.6334094612837095,0.8235294117647058,1.0
2166,9,tma2_A3,0.0,0.5125967687962916,0.85,0.8123270548615109
2167,9,tma2_A3,0.0,0.6322092246567168,0.6857142857142857,1.0
2168,9,tma2_A3,0.0,0.34163142610742236,0.7894736842105263,0.7343676597408748
2169,9,tma2_A3,0.0,0.0382376998532572,0.7407407407407407,0.6952975209960351
2170,9,tma2_A3,0.0,0.6095650123517554,0.65625,1.0
2171,9,tma2_A3,0.0,0.4294978044535136,0.5384615384615384,1.0
2172,9,tma2_A3,0.0,0.35414520022816787,0.37894736842105264,1.0
2173,9,tma2_A3,0.0,0.3233843125912562,0.4805194805194805,0.8659144513261784
2174,9,tma2_A3,0.0,0.015801878675616332,0.6129032258064516,0.8218751018925574
2175,9,tma2_A3,0.0,0.6194703305448241,0.4444444444444444,1.0
2176,9,tma2_A3,0.0,0.5663368296835358,0.8181818181818182,1.0
2177,9,tma2_A3,0.0,0.6023894897125108,0.6153846153846154,1.0
2178,9,tma2_A3,0.07734662028000205,0.13981946426731562,0.6538461538461539,0.7669594964453473
2179,9,tma2_A3,0.0,0.5497223106009652,0.6904761904761905,0.938587183313974
2180,9,tma2_B2,0.0,0.19156149993503524,0.56,0.5771239685539805
2181,9,tma2_B2,0.0,0.38274598484865674,0.546875,1.0
2182,9,tma2_B2,0.0,0.5716687521234138,0.6097560975609756,1.0
2183,9,tma2_B2,0.0,0.6379775005122095,0.64,1.0
2184,9,tma2_B2,0.0,0.4682858997322923,0.7894736842105263,1.0
2185,9,tma2_B2,0.0,0.6333080310748321,0.4444444444444444,1.0
2186,9,tma2_B2,0.0,0.7169357232115134,0.5609756097560976,1.0
2187,9,tma2_B2,0.0,0.5091692454826721,0.7575757575757576,0.7772523813656675
2188,9,tma2_B2,0.0,0.49292447702700404,0.42045454545454547,0.8785344315262037
2189,9,tma2_B2,0.0,0.5032905723592102,0.4266666666666667,1.0
2190,9,tma2_B2,0.0,0.7186448575162605,0.5555555555555556,1.0
2191,9,tma2_B2,0.0,0.5332254371154654,0.4253731343283582,1.0
2192,9,tma2_B2,0.0,0.5535481772724475,0.7586206896551724,0.8404629254572494
2193,9,tma2_A3,0.0,0.6380334090101882,0.7407407407407407,1.0
2194,9,tma2_A3,0.0,0.7057243712536386,0.7142857142857143,1.0
2195,9,tma2_A3,0.015531349908235015,0.08122912598292065,0.4016393442622951,0.7400624977699343
2196,9,tma2_A3,0.0,0.5894425755413559,0.631578947368421,1.0
2197,9,tma2_A3,0.0,0.5270382507463731,0.6842105263157895,1.0
2198,9,tma2_A3,0.0,0.34683836873764906,0.36486486486486486,1.0
2199,9,tma2_A3,0.0,0.43615671644324727,0.4857142857142857,1.0
2200,9,tma2_A3,0.0,0.009156891521441946,0.6333333333333333,0.6697983716802269
2201,9,tma2_A3,0.0,0.1395462410885514,0.7037037037037037,1.0
2202,9,tma2_A3,0.0,0.5668571847662212,0.5925925925925926,1.0
2203,9,tma2_A3,0.0,0.7041933890748058,0.8421052631578947,0.8448691779399885
2204,9,tma2_D3,0.0,0.28592768570381644,0.8421052631578947,1.0
2205,9,tma2_D3,0.0,0.16398913098648027,0.4919093851132686,0.7098729847491353
2206,9,tma2_D3,0.0,0.7194898845849372,0.75,1.0
2207,9,tma2_D3,0.0,0.43092171581427363,0.625,1.0
2208,9,tma2_B3,0.0,0.5695621509408246,0.9444444444444444,1.0
2209,9,tma2_B3,0.0,0.07749141741510068,0.6211180124223602,0.7332275006853347
2210,9,tma2_B3,0.0,0.46637129050814297,0.8666666666666667,1.0
2211,9,tma2_B3,0.0,0.43612086947796314,0.6351351351351351,1.0
2212,9,tma2_B3,0.0,0.2555201294173677,0.76,0.8878730349949324
2213,9,tma2_B3,0.0,0.24309719544815755,0.8260869565217391,0.6227650731128287
2214,9,tma2_B3,0.0,0.14156606031827368,0.4857142857142857,0.7060931484195944
2215,9,tma2_B2,0.0,0.42174800914024835,0.6363636363636364,1.0
2216,9,tma2_F1,0.0,0.1436861701451594,0.8461538461538461,0.8628815770642014
2217,9,tma2_F1,0.0,0.5474963900936552,0.45098039215686275,0.9311853661823666
2218,9,tma2_F1,0.0,0.6795606971869701,0.3333333333333333,1.0
2219,9,tma2_F1,0.0,0.21369188868426325,0.7551020408163265,0.8232654223056093
2220,9,tma2_F1,0.0,0.5282979166505347,0.4418604651162791,1.0
2221,9,tma2_F1,0.0,0.6801189096930519,0.8421052631578947,1.0
2222,9,tma2_F1,0.0,0.28134914931935606,0.5434782608695652,0.6518626268186914
2223,9,tma2_F1,0.0,0.42564512368919105,0.6666666666666666,0.9160999053152816
2224,9,tma2_F1,0.0,0.12123176199948926,0.6666666666666666,0.9040562309223755
2225,9,tma2_F1,0.0,0.5353402546316408,0.7894736842105263,0.8078191552160601
2226,9,tma2_F1,0.0,0.7066005686540691,0.9302325581395349,1.0
2227,9,tma2_F1,0.0,0.7313824131542301,0.6896551724137931,1.0
2228,9,tma2_F1,0.0,0.3182797743872754,0.9,0.7676300013270837
2229,9,tma2_F1,0.0,0.6459541761461358,0.6818181818181818,1.0
2230,9,tma2_F1,0.0,0.6842590629976304,0.8214285714285714,1.0
2231,9,tma2_F1,0.0,0.6143037855755331,0.7407407407407407,1.0
2232,9,tma2_F1,0.0,0.20494536250037032,0.7283950617283951,0.845665799592878
2233,9,tma2_F1,0.0,0.5823850838405334,0.7,1.0
2234,9,tma2_F1,0.0,0.4409713731665006,0.5137614678899083,0.8393581295942526
2235,9,tma2_F1,0.0,0.5386776434491742,0.7209302325581395,0.8117563122669267
2236,9,tma2_F1,0.0,0.012126253208712634,1.0,0.8469137468839552
2237,9,tma2_F1,0.0,0.4472420160719832,0.84,0.8151932052351339
2238,9,tma2_F1,0.0,0.7435052122760666,0.6774193548387096,1.0
2239,9,tma2_F1,0.0,0.6940465839286147,0.6333333333333333,1.0
2240,9,tma2_F1,0.0,0.2450454617789547,0.9354838709677419,0.8110242943854268
2241,9,tma2_F1,0.0,0.4422519586733459,0.6756756756756757,0.7089731203437423
2242,9,tma2_F1,0.0,0.03015803967518682,0.8235294117647058,0.7641000189902664
2243,9,tma2_F1,0.0,0.2353426753286001,0.9375,0.7549844193274412
2244,9,tma2_F1,0.0,0.685851305437484,0.6896551724137931,1.0
2245,9,tma2_F1,0.0,0.4692849270541781,0.7333333333333333,0.7569051459004101
2246,9,tma2_E2,0.0,0.47654086317547517,0.8333333333333334,0.7899308323406157
2247,9,tma2_E3,0.0,0.7148912213679436,0.4367816091954023,0.8757959577193919
2248,9,tma2_D3,0.0,0.43721245403515574,0.9375,0.7652749307720541
2249,9,tma2_D3,0.0,0.33188790806540813,0.5887096774193549,1.0
2250,9,tma2_D3,0.0,0.560758189764249,0.5431034482758621,1.0
2251,9,tma2_D3,0.0,0.27847854538523553,0.6268656716417911,0.8820843463739018
2252,9,tma2_D3,0.0,0.24636675893162863,0.6666666666666666,1.0
2253,9,tma2_D3,0.0,0.5406280887105611,0.7619047619047619,1.0
2254,9,tma2_D3,0.0,0.5671156256649729,0.7586206896551724,1.0
2255,9,tma2_D3,0.0,0.40175713015360626,0.8095238095238095,1.0
2256,9,tma2_D3,0.019183903990826257,0.3060272775789039,0.8214285714285714,0.7543108942894758
2257,9,tma2_D3,0.0,0.46650729571459915,0.5897435897435898,0.8033837761056688
2258,9,tma2_D3,0.0,0.18375969865118702,0.5333333333333333,0.7475332784244445
2259,9,tma2_D3,0.0,0.4318816540705305,0.8888888888888888,0.8216284028636428
2260,9,tma2_D3,0.0,0.5880085572109586,0.7222222222222222,1.0
2261,9,tma2_D3,0.0,0.3522191633258488,0.6666666666666666,0.8826529405067941
2262,9,tma2_D3,0.0,0.28884785730584506,0.5072463768115942,0.7662039142394729
2263,9,tma2_D3,0.0,0.3820735431871334,0.7105263157894737,1.0
2264,9,tma2_D3,0.0,0.7203927265763623,0.8181818181818182,1.0
2265,9,tma2_D3,0.0,0.6190726021551429,0.48148148148148145,0.853338161469139
2266,9,tma2_D3,0.0,0.5063708427972222,0.31842818428184283,0.8725121775650091
2267,9,tma2_D3,0.0,0.3530324675629396,0.6538461538461539,1.0
2268,9,tma2_D3,0.0,0.47768208517938593,0.7619047619047619,1.0
2269,9,tma2_D3,0.0,0.48065740701130455,0.7647058823529411,1.0
2270,9,tma2_D3,0.0,0.4257073143021747,0.8125,0.9320398226259246
2271,9,tma2_D3,0.0,0.5088507441018346,0.7142857142857143,0.7590285356908075
2272,9,tma2_D3,0.0,0.20980032427789974,0.5740740740740741,0.8962128419940922
2273,9,tma2_D3,0.0,0.3898747928397003,0.6029411764705882,0.763396529725989
2274,9,tma2_D3,0.0,0.3668730627125486,0.6538461538461539,1.0
2275,9,tma2_D3,0.0,0.502681513142864,0.5813953488372093,1.0
2276,9,tma2_D3,0.0,0.20041908901999694,0.9444444444444444,0.6733455870682581
2277,9,tma2_D3,0.0,0.6387442867276512,0.6451612903225806,0.836497932180371
2278,9,tma2_D3,0.0,0.37720065401325387,0.5952380952380952,0.8418146166712152
2279,9,tma2_D3,0.0,0.5828295128429645,0.6744186046511628,0.9104398205620028
2280,9,tma2_E3,0.0,0.27322831264431124,0.4830508474576271,1.0
2281,9,tma2_E3,0.0,0.2039992323677723,0.7333333333333333,1.0
2282,9,tma2_E3,0.0,0.5470408394585613,0.48501362397820164,1.0
2283,9,tma2_E3,0.0,0.7296405384467792,0.7916666666666666,1.0
2284,9,tma2_E3,0.0,0.5178514250234507,0.4915254237288136,1.0
2285,9,tma2_D3,0.0,0.1193652653876992,0.8181818181818182,1.0
2286,9,tma2_E3,0.0,0.025371453197759797,1.0,0.7848022170626322
2287,9,tma2_E2,0.0,0.18766922582760737,0.8,0.8858583990254497
2288,9,tma2_E2,0.0,0.18501004706153268,0.5111111111111111,0.8044503215060101
2289,9,tma2_E2,0.0,0.6166907943579675,0.5192307692307693,1.0
2290,9,tma2_E2,0.03811718883426107,0.009333287432200077,0.7142857142857143,0.7527658886169736
2291,9,tma2_E2,0.005027098049123269,0.05178906154454854,0.5526315789473685,0.7510709313263249
2292,9,tma2_E2,0.0,0.08080598253663274,0.6382978723404256,0.6769406082946678
2293,9,tma2_E2,0.0,0.41582399671294223,0.6363636363636364,1.0
2294,9,tma2_E2,0.0,0.4705399834226467,0.5384615384615384,0.7492828159392894
2295,9,tma2_E1,0.0,0.2485126759405054,0.5517241379310345,0.8551667398542783
2296,9,tma2_E1,0.0,0.7846650421195316,0.7142857142857143,1.0
2297,9,tma2_E1,0.0,0.3111169900716686,0.4943820224719101,0.6857389457872378
2298,9,tma2_E1,0.0,0.2553371628399488,0.9130434782608695,0.6181629781615348
2299,9,tma2_E1,0.0,0.4611076339485962,0.75,1.0
2300,9,tma2_E1,0.0,0.3848075593373361,0.7916666666666666,0.9011309099688606
2301,9,tma2_E1,0.000709803417020094,0.22995147608161493,0.6785714285714286,0.642471353612123
2302,9,tma2_E1,0.0,0.8066759452537984,0.7272727272727273,1.0
2303,9,tma2_E2,0.0,0.5338160902533609,0.75,1.0
2304,9,tma2_E2,0.0,0.6286779020375262,0.7777777777777778,0.8954431286508381
2305,9,tma2_E2,0.0,0.7573012938695353,0.8235294117647058,1.0
2306,9,tma2_E2,0.0,0.04047497272984335,0.4847161572052402,0.7429303412778283
2307,9,tma2_E2,0.0,0.12220484650963004,0.4838709677419355,0.8836629442007321
2308,9,tma2_E2,0.0,0.42105182148581144,0.6956521739130435,0.9239590782226818
2309,9,tma2_E2,0.0,0.4077707158844077,0.5641025641025641,0.7678780746127664
2310,9,tma2_E2,0.0,0.5348694322289824,0.5333333333333333,0.8596515315418484
2311,9,tma2_E2,0.0,0.4729586539152222,0.59375,0.8205431515055934
2312,9,tma2_E1,0.0,0.7488604590509007,0.6666666666666666,1.0
2313,9,tma2_E2,0.0,0.18437807434500075,0.7777777777777778,0.7427134796414557
2314,9,tma2_E2,0.0,0.1706244033552956,0.64,0.6853014916336976
2315,9,tma2_E1,0.0,0.729922493728667,0.56,1.0
2316,9,tma2_E1,0.0,0.36788323420391245,0.9090909090909091,1.0
2317,9,tma2_E2,0.0,0.4408469693419311,0.8387096774193549,1.0
2318,9,tma2_E2,0.07723456823201191,0.11122430417546714,0.7619047619047619,0.6907294643992953
2319,9,tma2_E2,0.0,0.7848582691605814,0.6071428571428571,1.0
2320,9,tma2_E2,0.0,0.674803353650385,0.9375,1.0
2321,9,tma2_E2,0.0,0.6529464038883468,0.75,0.8205605218284275
2322,9,tma2_E2,0.0,0.6554376453310979,0.6172839506172839,1.0
2323,9,tma2_E2,0.0,0.3979756103006461,0.7777777777777778,1.0
2324,9,tma2_E2,0.0,0.4840415141493707,0.75,0.8123797836257013
2325,9,tma2_E2,0.0,0.22706380098943457,0.6153846153846154,0.7603308190943232
2326,9,tma2_E2,0.0,0.11667233623956774,0.48905109489051096,0.8210323271447204
2327,9,tma2_E2,0.0,0.01116730987936243,0.625,0.7607066081459678
2328,9,tma2_E2,0.0,0.24731699559689047,0.75,0.7283743543533147
2329,9,tma2_E2,0.0,0.4086474928034973,0.7142857142857143,0.7588078562492109
2330,9,tma2_E2,0.021626474829115838,0.23231500273890082,0.6590909090909091,0.739823459345555
2331,9,tma2_E2,0.0,0.3138219331513942,0.37997256515775035,0.843012398866786
2332,9,tma2_E2,0.0,0.639536023421793,0.6153846153846154,1.0
2333,9,tma2_E2,0.0,0.660599650952826,0.6712328767123288,1.0
2334,9,tma2_E2,0.0,0.5737589848311953,0.6904761904761905,0.8155876407837852
2335,9,tma2_E2,0.0,0.5819378680767904,0.5362318840579711,1.0
2336,9,tma2_E2,0.0,0.6698740447221281,0.5517241379310345,1.0
2337,9,tma2_E2,0.0,0.07787054298271534,0.5813953488372093,0.6869016938567132
2338,9,tma2_E2,0.0,0.3734194819872134,0.625,0.7630256912731049
2339,9,tma2_E2,0.0,0.49828617349990734,0.49523809523809526,1.0
2340,9,tma2_E2,0.0,0.3284884393357155,0.8947368421052632,0.7391010246946588
2341,9,tma2_E2,0.0,0.4097075064331288,0.7727272727272727,0.8420187743470862
2342,9,tma2_E2,0.0,0.6522784919855757,0.42424242424242425,1.0
2343,9,tma2_E2,0.0,0.18597899601698953,0.9615384615384616,0.7098486271052538
2344,9,tma2_F1,0.0,0.4594720079543111,0.5428571428571428,1.0
2345,9,tma2_F1,0.0,0.8230565485268524,0.7560975609756098,1.0
2346,9,tma2_F1,0.0,0.6717820666567967,0.75,1.0
2347,9,tma2_F3,0.0,0.7095127965392569,0.7894736842105263,1.0
2348,9,tma2_F3,0.0,0.21465116037879883,0.5428571428571428,0.7540982101945506
2349,9,tma2_F3,0.0,0.12117011762543173,0.8421052631578947,0.750391380212379
2350,9,tma2_F3,0.0,0.31140169224832004,0.48125,1.0
2351,9,tma2_F3,0.0,0.12257338860659606,0.5596707818930041,0.7669246604545695
2352,9,tma2_F3,0.0,0.6667589849042211,0.7889908256880734,1.0
2353,9,tma2_F3,0.0,0.7887435926266899,0.631578947368421,1.0
2354,9,tma2_F3,0.0,0.6830953016714698,0.5076923076923077,1.0
2355,9,tma2_F3,0.0,0.38392833731474396,0.8108108108108109,0.6936186680431979
2356,9,tma2_F3,0.0,0.7777331084981366,1.0,1.0
2357,9,tma2_F3,0.0,0.2484866622305012,0.5777777777777777,0.9454265524886148
2358,9,tma2_F3,0.0,0.5987835336214986,0.76,0.9377482366099982
2359,9,tma2_F3,0.0,0.12818316759617976,1.0,0.739103276418962
2360,9,tma2_F3,0.0,0.7142054515284619,0.4810126582278481,1.0
2361,9,tma2_F3,0.0,0.8714642795758366,0.9230769230769231,1.0
2362,9,tma2_F3,0.0,0.872291300909189,0.7567567567567568,1.0
2363,9,tma2_F3,0.0,0.6425823756144525,0.5909090909090909,1.0
2364,9,tma2_F3,0.0,0.3905997805761776,0.6951219512195121,1.0
2365,9,tma2_F3,0.0,0.568035295099016,0.6153846153846154,1.0
2366,9,tma2_F3,0.0,0.4507971855697944,0.36585365853658536,1.0
2367,9,tma2_F3,0.0,0.3929561198809953,0.31805157593123207,1.0
2368,9,tma2_F3,0.0,0.7715693134631895,0.9375,1.0
2369,9,tma2_F3,0.0,0.4835112076626624,0.5454545454545454,1.0
2370,9,tma2_F3,0.0,0.08239096984509486,0.7272727272727273,0.8431617355192104
2371,9,tma2_F3,0.0,0.42505884337535293,0.7222222222222222,1.0
2372,9,tma2_F3,0.0,0.6588175185442445,1.0,0.8888153009981039
2373,9,tma2_F3,0.0,0.4624594045917271,0.5714285714285714,0.8356244042956483
2374,9,tma2_F3,0.0,0.12674502614728023,0.4380952380952381,0.7410639417046816
2375,9,tma2_F3,0.0,0.6589699384529464,0.3898305084745763,1.0
2376,9,tma2_F1,0.0,0.40808779738791845,0.8648648648648649,1.0
2377,9,tma2_F1,0.0,0.7507463847622512,0.5714285714285714,1.0
2378,9,tma2_D1,0.0,0.553658189444493,0.5128205128205128,1.0
2379,9,tma2_D1,0.0,0.6030280958037927,0.8636363636363636,0.8186527171648665
2380,9,tma4_C1,0.0,0.6642424047094597,0.5517241379310345,1.0
2381,9,tma4_C1,0.0,0.398661109887258,0.5333333333333333,0.938571353560768
2382,9,tma4_C1,0.0,0.5665384202617446,0.3983739837398374,1.0
2383,9,tma4_C1,0.0,0.37403871390498167,0.6444444444444445,0.9115602585879845
2384,9,tma4_C1,0.0,0.4072330648840681,0.5862068965517241,0.696499238251851
2385,9,tma4_C1,0.0,0.2899202737934712,0.625,1.0
2386,9,tma4_C1,0.0,0.27388717928861117,0.7,1.0
2387,9,tma4_C1,0.0,0.5576879528018952,0.42028985507246375,0.8732339744401297
2388,9,tma4_C1,0.0,0.5707896748366503,0.5384615384615384,1.0
2389,9,tma4_C1,0.0,0.08906536512681495,0.475,0.7120140295180376
2390,9,tma4_C1,0.05056108417164096,0.02533762095340475,0.6,0.7259894960466358
2391,9,tma4_C1,0.004617995813762987,0.4950334284131368,0.6666666666666666,0.7915019607066885
2392,9,tma4_C1,0.0,0.4451730385569874,0.5714285714285714,0.8202550233344877
2393,9,tma4_C1,0.0,0.10644292194582405,0.8269230769230769,0.7069728722953458
2394,9,tma4_C1,0.0,0.5916310457706198,0.5,1.0
2395,9,tma4_C1,0.0,0.40652824518189545,0.5869565217391305,0.9452280985237104
2396,9,tma4_C1,0.0,0.5646259658976098,0.875,1.0
2397,9,tma4_C1,0.0,0.21345153874233946,0.6954314720812182,0.822971058785357
2398,9,tma4_C1,0.0,0.3647664884215229,0.3939393939393939,1.0
2399,9,tma4_C1,0.0,0.7045807076430749,0.8095238095238095,1.0
2400,9,tma4_C1,0.0,0.3160022435958689,0.7727272727272727,0.7498001673805756
2401,9,tma4_C1,0.0,0.0933267293501705,0.64,0.6325643594922662
2402,9,tma4_C1,0.0,0.5778367909629912,0.7894736842105263,1.0
2403,9,tma4_C1,0.0,0.37725953246430677,0.41424418604651164,0.94043385981311
2404,9,tma4_C1,0.0,0.38098019842339803,0.5064935064935064,0.7312475809656614
2405,9,tma4_C1,0.0,0.3685000064779512,0.5652173913043478,0.7644326717130328
2406,9,tma4_C1,0.0,0.7382727030592727,0.8571428571428571,1.0
2407,9,tma4_C1,0.0,0.054522639580536825,0.8947368421052632,0.769191892163994
2408,9,tma4_C1,0.0,0.42182636805442997,0.47643979057591623,1.0
2409,9,tma4_C1,0.0,0.7049729186198095,0.5918367346938775,1.0
2410,9,tma4_C1,0.0,0.3652507622456994,0.5182926829268293,0.7663622384648326
2411,9,tma4_C1,0.0944737013004644,0.031187933261649148,0.7894736842105263,0.6964076557044683
2412,9,tma4_C1,0.0,0.524051632934938,0.5555555555555556,1.0
2413,9,tma4_C1,0.0,0.4232368968463993,0.4583333333333333,1.0
2414,9,tma4_C1,0.0,0.6453147134003063,0.6136363636363636,1.0
2415,9,tma4_C1,0.0,0.5403551875511365,0.3695652173913043,0.9066810081508424
2416,9,tma4_C1,0.0,0.6759134603930912,1.0,1.0
2417,9,tma4_C1,0.0,0.6085414182499727,0.8108108108108109,1.0
2418,9,tma4_C1,0.0,0.44376756947447604,1.0,1.0
2419,9,tma4_C1,0.0,0.26274805204670126,0.7647058823529411,0.8789416866502829
2420,9,tma4_A3,0.0,0.4259921686395869,0.514018691588785,1.0
2421,9,tma4_A3,0.0,0.4869199243269401,0.7741935483870968,1.0
2422,9,tma4_A3,0.0,0.3071092036988249,0.9565217391304348,1.0
2423,9,tma4_B3,0.0,0.43308675356845583,0.8095238095238095,1.0
2424,9,tma4_B3,0.0,0.5565541682299977,0.5294117647058824,1.0
2425,9,tma4_B3,0.0,0.7161646665741555,0.7272727272727273,1.0
2426,9,tma4_B3,0.0,0.521545553596338,0.7948717948717948,1.0
2427,9,tma4_B3,0.0,0.7367696306145126,0.5172413793103449,0.9344361352009465
2428,9,tma4_B3,0.0,0.34881629316743334,0.5491803278688525,0.6885326448551254
2429,9,tma4_A3,0.0,0.05691496364164372,0.6,1.0
2430,9,tma4_B3,0.0,0.24909097007651992,0.7028985507246377,1.0
2431,9,tma4_B3,0.0,0.2190514035123391,0.5159235668789809,1.0
2432,9,tma4_B3,0.0,0.3437544862943749,0.95,0.9397493446385273
2433,9,tma4_B3,0.0,0.402613933298242,0.7540983606557377,1.0
2434,9,tma4_B3,0.0,0.475456004424923,0.26436781609195403,1.0
2435,9,tma4_B3,0.0,0.6854324373663032,0.8571428571428571,1.0
2436,9,tma4_B3,0.0,0.513888535685503,0.6129032258064516,0.807444280498658
2437,9,tma4_B3,0.0,0.6238408073342028,0.3219178082191781,1.0
2438,9,tma4_B3,0.0,0.499744150048575,0.7142857142857143,1.0
2439,9,tma4_B3,0.0,0.2048762613169378,0.3269565217391304,0.7330064139513067
2440,9,tma4_B3,0.0,0.6618843196134436,0.7391304347826086,1.0
2441,9,tma4_B3,0.0,0.34521522078080247,0.88,0.7661011190667405
2442,9,tma4_B3,0.0,0.2979285978572592,0.734375,0.7763797250134229
2443,9,tma4_B3,0.0,0.5279598886847583,0.7666666666666667,1.0
2444,9,tma4_B3,0.0,0.5187144655191809,0.5454545454545454,1.0
2445,9,tma4_B3,0.0,0.6509178851325708,0.64,1.0
2446,9,tma4_B3,0.0,0.37543707008363425,0.48484848484848486,0.8285393964337318
2447,9,tma4_B3,0.0,0.7808752461347199,0.5353535353535354,1.0
2448,9,tma4_B3,0.0,0.7101672074443107,1.0,1.0
2449,9,tma4_B3,0.1364867219250807,0.07805842601165236,1.0,0.7585405277435242
2450,9,tma4_B3,0.0,0.5983779814869252,1.0,1.0
2451,9,tma4_A3,0.0,0.5663126458390906,0.5555555555555556,1.0
2452,9,tma4_A3,0.0,0.43655462350775887,0.5737704918032787,1.0
2453,9,tma4_A3,0.0,0.8362298010753746,0.9523809523809523,1.0
2454,9,tma4_A3,0.0,0.5058945828544885,0.6666666666666666,1.0
2455,9,tma4_A3,0.0,0.5467953352929434,0.4025157232704403,1.0
2456,9,tma4_A3,0.0,0.30083515272019234,0.9642857142857143,0.7426387085652832
2457,9,tma4_A3,0.0,0.27201663413033894,0.5,0.7421402241211414
2458,9,tma4_A3,0.0,0.6377164576266626,0.8571428571428571,1.0
2459,9,tma4_A3,0.0,0.4522200784554853,1.0,0.9443656605718227
2460,9,tma4_A3,0.0,0.6717813046745627,0.7555555555555555,1.0
2461,9,tma4_B3,0.0,0.417667461629445,0.3089430894308943,1.0
2462,9,tma4_B3,0.0,0.49270298121149814,0.7142857142857143,0.8404441982291744
2463,9,tma4_B3,0.0,0.42213933364331413,0.9,0.8204823295134613
2464,9,tma4_B3,0.0,0.4239338332896382,0.45348837209302323,0.823094188135554
2465,9,tma4_B3,0.0,0.42070713659465997,0.6091954022988506,1.0
2466,9,tma4_B3,0.0,0.4356246617549244,0.2517241379310345,0.8693017639545004
2467,9,tma4_B3,0.0,0.5344735137938429,0.5328947368421053,1.0
2468,9,tma4_C2,0.0,0.4524958189286702,0.43,1.0
2469,9,tma4_C2,0.0,0.5446767849761904,0.6428571428571429,0.8462856486714673
2470,9,tma4_C1,0.0,0.6469849761437337,0.35359116022099446,0.8355920493274164
2471,9,tma4_C1,0.0,0.6104951485284676,0.4186046511627907,1.0
2472,9,tma4_C1,0.0,0.46244781601196605,0.8260869565217391,1.0
2473,9,tma4_C2,0.0,0.4556137635288029,0.3181818181818182,0.8715200008542292
2474,9,tma4_C2,0.0,0.5698846391427004,0.7307692307692307,0.8863904787251287
2475,9,tma4_C2,0.0,0.5325758567212874,0.5801886792452831,1.0
2476,9,tma4_C2,0.0,0.5201654570735947,0.7777777777777778,0.872438417600351
2477,9,tma4_C2,0.0,0.468369138265352,0.4,1.0
2478,9,tma4_C2,0.0,0.0923858570133238,0.6,0.9448966107132225
2479,9,tma4_C2,0.10556757783544068,0.12123256371584479,0.7894736842105263,0.744640158007833
2480,9,tma4_C2,0.0,0.6430903823179657,0.6818181818181818,0.8761847841892845
2481,9,tma4_C2,0.0,0.629732352942505,0.875,1.0
2482,9,tma4_C2,0.0,0.6439852261455592,0.7419354838709677,1.0
2483,9,tma4_B3,0.0,0.5094053335686357,0.3300970873786408,1.0
2484,9,tma4_B3,0.0,0.3321986468114386,0.7619047619047619,1.0
2485,9,tma4_B3,0.0,0.6075755495801256,0.7428571428571429,1.0
2486,9,tma4_C2,0.0,0.6825247908330475,0.84,1.0
2487,9,tma4_C2,0.0,0.3384230418719535,0.4011627906976744,0.8195569439954473
2488,9,tma4_C2,0.0,0.06322090441926431,0.5575221238938053,0.7371403723850952
2489,9,tma4_C2,0.0,0.678132847557096,0.5217391304347826,1.0
2490,9,tma4_C2,0.0,0.578910127041481,0.6052631578947368,0.8305159255114503
2491,9,tma4_C2,0.0,0.5210935094064226,0.4206008583690987,1.0
2492,9,tma4_C2,0.09568013509700846,0.13974680903467462,0.6290322580645161,0.7513634120583261
2493,9,tma4_C2,0.0,0.5623371189037191,1.0,1.0
2494,9,tma4_C3,0.0,0.7728641541244824,0.9333333333333333,1.0
2495,9,tma4_C3,0.0,0.39589856476469565,0.5882352941176471,1.0
2496,9,tma4_C3,0.0,0.19055143061414848,0.6363636363636364,0.7476347354426828
2497,9,tma4_C3,0.0,0.3458105184332031,0.8260869565217391,1.0
2498,9,tma4_C3,0.0,0.37633596121587254,0.7727272727272727,0.7373053282933801
2499,9,tma4_C3,0.0,0.6917100358641638,0.5757575757575758,1.0
2500,9,tma4_C3,0.0,0.33159263141422357,0.6148148148148148,1.0
2501,9,tma4_C3,0.0,0.02237500352309829,0.75,0.6905977442032452
2502,9,tma4_C3,0.0,0.7793012151747272,0.8260869565217391,1.0
2503,9,tma4_C3,0.0,0.26676128687545675,0.664,1.0
2504,9,tma4_C3,0.0,0.06597301795133981,0.8,0.6973555435317854
2505,9,tma4_C3,0.0,0.40569367713143656,0.5,1.0
2506,9,tma4_C3,0.0,0.5335644063425635,0.5477707006369427,1.0
2507,9,tma4_C3,0.0,0.015297437315034856,0.5925925925925926,1.0
2508,9,tma4_B3,0.0,0.0914287475017127,0.32524271844660196,0.7166773628781453
2509,9,tma4_B3,0.0,0.4413905441859308,0.52,1.0
2510,9,tma4_B3,0.10408333518099411,0.012504239876231393,0.3305084745762712,0.6848671816254354
2511,9,tma4_C3,0.0,0.444075538735888,0.5483870967741935,1.0
2512,9,tma4_C1,0.0,0.7614229051373669,0.5675675675675675,1.0
2513,9,tma4_C1,0.0,0.6802540338408157,0.7391304347826086,0.9380224930007185
2514,9,tma4_C1,0.0,0.44982857950225996,0.6071428571428571,0.9425416061942252
2515,9,tma4_C1,0.0,0.34390327387401176,0.35555555555555557,0.765449387601849
2516,9,tma4_C1,0.0,0.5581861913620949,0.7894736842105263,1.0
2517,9,tma4_C1,0.0,0.2870671354229094,0.5272727272727272,0.8387468502787857
2518,9,tma4_C1,0.0,0.5649258013257583,0.6451612903225806,1.0
2519,9,tma4_D1,0.0,0.0761531060547328,0.47674418604651164,0.8188551852651549
2520,9,tma4_D1,0.0,0.034703998378315615,0.6851851851851852,1.0
2521,9,tma4_D1,0.0,0.6814382671191912,1.0,1.0
2522,9,tma4_D1,0.0,0.004692968614389614,0.7547169811320755,0.8636222816473749
2523,9,tma4_D1,0.0,0.6398561633056581,0.8529411764705882,1.0
2524,9,tma4_D1,0.0,0.10740008281420566,0.6363636363636364,0.7213850505681836
2525,9,tma4_D1,0.0,0.15984958074941424,0.4461538461538462,0.9142108490132081
2526,9,tma4_C1,0.0,0.07714919369103101,0.5757575757575758,0.7191500213430505
2527,9,tma4_C1,0.0,0.5208135028420334,0.556,1.0
2528,9,tma4_C1,0.0,0.5757263772941401,0.7894736842105263,1.0
2529,9,tma4_C1,0.0,0.2346468270771752,0.5130434782608696,0.7222791793322166
2530,9,tma4_D1,0.0,0.5379975904975185,0.8636363636363636,0.9249630668588928
2531,9,tma4_D1,0.0,0.143924876247695,0.6666666666666666,0.7033372400399983
2532,9,tma4_D1,0.0,0.6552543435602982,0.3476190476190476,1.0
2533,9,tma4_D1,0.0,0.6007275611848917,0.85,1.0
2534,9,tma4_D1,0.0,0.38314341118165995,0.8947368421052632,0.7854675569665014
2535,9,tma4_D1,0.0,0.5669522454060764,0.6666666666666666,0.8206628478148352
2536,9,tma4_D1,0.0,0.763761851249818,0.6129032258064516,1.0
2537,9,tma4_D1,0.0,0.4721756855939434,0.9666666666666667,1.0
2538,9,tma4_D1,0.0,0.4521597461292366,0.37254901960784315,0.6895503260461852
2539,9,tma4_C1,0.0,0.2863909023720016,0.6451612903225806,0.9329955855904623
2540,9,tma4_C1,0.0,0.46820055776574787,0.6447368421052632,1.0
2541,9,tma4_C1,0.0,0.21332953060701398,0.9,0.5803290921875598
2542,9,tma4_C1,0.0,0.5323967001406316,0.4725274725274725,1.0
2543,9,tma4_C1,0.0,0.4079506030810537,0.4503311258278146,0.7878184357104395
2544,9,tma4_C1,0.0,0.7211527255593698,0.8421052631578947,1.0
2545,9,tma4_C1,0.0,0.5363482443312193,0.5454545454545454,1.0
2546,9,tma4_C1,0.0,0.6760326083144236,0.7619047619047619,1.0
2547,9,tma4_E1,0.0,0.7736297227211696,0.9285714285714286,1.0
2548,9,tma4_E1,0.0,0.4942922433068009,0.8095238095238095,0.8921757154838139
2549,9,tma4_E1,0.0,0.768598167405373,0.33650793650793653,1.0
2550,9,tma4_F1,0.0,0.014772935845376312,0.6415094339622641,0.6200107743349332
2551,9,tma4_F1,0.0,0.690279596896419,0.868421052631579,1.0
2552,9,tma4_F1,0.0,0.4515437644772472,0.7368421052631579,1.0
2553,9,tma4_F1,0.0,0.3343168633149459,0.5625,0.8535978502936595
2554,9,tma4_F1,0.0,0.5208116808961389,0.875,1.0
2555,9,tma4_F1,0.0,0.5420436069311637,0.7096774193548387,1.0
2556,9,tma4_E1,0.0,0.055058506215986625,0.5459183673469388,0.8532976163828112
2557,9,tma4_E1,0.0,0.46205216459417364,0.6984126984126984,0.7800242852151906
2558,9,tma4_E1,0.0,0.7681831658389651,0.44140625,0.9167961266425583
2559,9,tma4_E1,0.0,0.5051610420478228,0.5348837209302325,1.0
2560,9,tma4_E1,0.0,0.04866267029408,0.5652173913043478,1.0
2561,9,tma4_E1,0.0,0.7785196733817588,0.5141242937853108,1.0
2562,9,tma4_E1,0.0,0.5298633522189604,0.75,0.85180086395983
2563,9,tma4_F1,0.0,0.5823114218519334,0.6111111111111112,1.0
2564,9,tma4_E1,0.0,0.18917955324342428,0.7333333333333333,0.7371133178256711
2565,9,tma4_E1,0.0,0.0634269707357461,0.7,0.8498935934577335
2566,9,tma4_E1,0.0,0.6300666460374897,1.0,1.0
2567,9,tma4_D1,0.0,0.5846641694628525,0.6410256410256411,1.0
2568,9,tma4_E1,0.0,0.2222686131838112,0.8,0.7797566665987105
2569,9,tma4_D1,0.0,0.549809962871368,1.0,1.0
2570,9,tma4_F1,0.0,0.7282049717564727,0.8235294117647058,1.0
2571,9,tma4_F1,0.0,0.4714500704041662,0.9444444444444444,1.0
2572,9,tma4_F1,0.0,0.7151467595680281,0.6086956521739131,0.8784792033961025
2573,9,tma4_F1,0.0,0.456431093120905,0.6031746031746031,0.6189947715307363
2574,9,tma4_F1,0.04434463567632041,0.21751686609543897,0.8571428571428571,0.7154098273287102
2575,9,tma4_F1,0.0,0.5934614910961782,0.6153846153846154,0.9202325184185978
2576,9,tma4_F1,0.0,0.3558705178633167,0.8055555555555556,0.7838973953987104
2577,9,tma4_F1,0.0,0.4152623297608421,0.6388888888888888,0.6585664896074748
2578,9,tma4_F1,0.0,0.40873899576621286,0.6428571428571429,0.8786811568509201
2579,9,tma4_F1,0.0,0.5206543416929998,0.75,0.6933897538758799
2580,9,tma4_F1,0.0,0.4325687512747557,0.6105263157894737,1.0
2581,9,tma4_F1,0.0,0.6593098656154989,0.5116279069767442,0.9487997401955929
2582,9,tma4_F1,0.0,0.5125297150022434,0.9,0.8315114015904297
2583,9,tma4_F1,0.0,0.5347808357061234,0.4157303370786517,0.9193242642392632
2584,9,tma4_G1,0.0,0.6818502303605558,0.43333333333333335,1.0
2585,9,tma4_G1,0.0,0.8260390866687707,0.6470588235294118,1.0
2586,9,tma4_G1,0.14480548693905004,0.011343867294145493,0.8928571428571429,0.7511821954478202
2587,9,tma4_G1,0.0,0.3132328603880473,0.6756756756756757,0.7642637508258984
2588,9,tma4_F1,0.0,0.5981252139650629,0.7647058823529411,1.0
2589,9,tma4_G1,0.0,0.6114622321006029,0.5051546391752577,1.0
2590,9,tma4_G1,0.0,0.0010476930350090674,0.4965986394557823,1.0
2591,9,tma4_G1,0.0,0.10493397133091165,0.5076923076923077,0.7993979956554568
2592,9,tma4_G1,0.0,0.4762696322128721,0.4074074074074074,0.8304626140340211
2593,9,tma4_G1,0.0,0.6037903319390467,0.5862068965517241,1.0
2594,9,tma4_G1,0.0,0.5526584193365189,0.6037735849056604,1.0
2595,9,tma4_G1,0.0,0.5185125171108969,0.6944444444444444,1.0
2596,9,tma4_G1,0.0,0.2888395397708151,0.7083333333333334,0.7191382740318129
2597,9,tma4_E1,0.0,0.49326295280168453,0.4041095890410959,1.0
2598,9,tma4_E1,0.0,0.6701248165607938,0.47368421052631576,1.0
2599,9,tma4_F1,0.0,0.5351173913865713,0.4666666666666667,0.8251327846295078
2600,9,tma4_F1,0.0,0.6341870823888307,0.7586206896551724,0.9447357553676463
2601,9,tma4_F1,0.0,0.6383322364889532,0.5833333333333334,1.0
2602,9,tma4_F1,0.0,0.4442563728449942,0.85,0.7200130712142552
2603,9,tma4_E1,0.0,0.3481897769258161,1.0,1.0
2604,9,tma4_E1,0.0,0.5145193591505716,0.9523809523809523,1.0
2605,9,tma4_E1,0.0,0.5479048064268139,0.896551724137931,0.9453162978319396
2606,9,tma4_D1,0.0,0.4926590518551571,0.696969696969697,1.0
2607,9,tma4_D1,0.0,0.7358191016827136,0.875,1.0
2608,9,tma4_D1,0.0,0.5624713078967631,0.6341463414634146,1.0
2609,9,tma4_D1,0.0,0.7531986194541397,0.53125,1.0
2610,9,tma4_D1,0.0,0.6444818209405061,0.49411764705882355,1.0
2611,9,tma4_D1,0.0,0.5771098882302097,0.45454545454545453,1.0
2612,9,tma4_D1,0.0,0.37511787448121936,0.6190476190476191,0.9351914793737394
2613,9,tma4_D1,0.0,0.5279873124366896,0.8095238095238095,0.7722014783254244
2614,9,tma4_D1,0.0,0.7324715031012923,0.7586206896551724,0.89660180970061
2615,9,tma4_D1,0.0,0.7637043093781075,0.6274509803921569,1.0
2616,9,tma4_D1,0.0,0.6096415748645525,0.6296296296296297,1.0
2617,9,tma4_D1,0.0,0.4711728448303517,0.5725190839694656,1.0
2618,9,tma4_D1,0.0,0.7742064068360002,0.8666666666666667,0.9234611470889745
2619,9,tma4_D1,0.0,0.6160657674338849,0.6608695652173913,1.0
2620,9,tma4_D1,0.0,0.40415929503977777,0.7692307692307693,0.7716285377493305
2621,9,tma4_D1,0.0,0.39053210762812995,0.41605839416058393,0.7098460268083635
2622,9,tma4_E3,0.0,0.2438820906546355,0.7777777777777778,1.0
2623,9,tma4_E3,0.0,0.022777587178248404,0.5714285714285714,0.747964672826988
2624,9,tma4_E3,0.0,0.38428667130777105,0.4531645569620253,1.0
2625,9,tma4_E3,0.0,0.4261812321013716,0.6956521739130435,1.0
2626,9,tma4_E3,0.0,0.6158296578992043,0.9,1.0
2627,9,tma4_F3,0.0,0.41119616715437335,0.85,1.0
2628,9,tma4_F3,0.0,0.28127326915674833,0.625,0.7474445497176772
2629,9,tma4_F3,0.0,0.03439122009225393,0.578125,0.7671378448352408
2630,9,tma4_F3,0.0,0.21371418361157124,0.6785714285714286,1.0
2631,9,tma4_E3,0.0,0.4875260456711654,0.49473684210526314,0.7629041573590913
2632,9,tma4_F3,0.0,0.3202907439788161,0.7419354838709677,0.8383859343711715
2633,9,tma4_F3,0.0,0.0804752717427305,0.5526315789473685,0.6940446855051277
2634,9,tma4_F3,0.0,0.38099723036577104,0.8055555555555556,0.894001914807699
2635,9,tma4_F3,0.0,0.35364375339231224,0.875,0.728289659450448
2636,9,tma4_E3,0.0,0.7549274018872933,0.6509433962264151,1.0
2637,9,tma4_E3,0.0,0.5444981129208021,0.8392857142857143,0.8022206383313368
2638,9,tma4_E3,0.0,0.49774060677325915,0.6323529411764706,1.0
2639,9,tma4_E3,0.0,0.2262023599067805,0.7647058823529411,1.0
2640,9,tma4_E3,0.0,0.011116410760535267,0.5925925925925926,0.7044089895096367
2641,9,tma4_E3,0.0,0.7312715670839713,0.5365853658536586,1.0
2642,9,tma4_E3,0.0,0.7323311285278193,0.6341463414634146,1.0
2643,9,tma4_E3,0.0,0.6082666204955811,0.48717948717948717,0.6976120944000924
2644,9,tma4_E3,0.0,0.6287489193681515,0.6521739130434783,1.0
2645,9,tma4_E3,0.0,0.47592206860081343,0.4652777777777778,1.0
2646,9,tma4_E3,0.0,0.46578242562440286,0.851063829787234,1.0
2647,9,tma4_E3,0.0,0.42301445572369345,0.6923076923076923,0.7830712175924592
2648,9,tma4_E3,0.0,0.41414992460218303,0.5161290322580645,0.7281159551925135
2649,9,tma4_E3,0.0,0.49961685106775877,0.6956521739130435,0.8354023753089651
2650,9,tma4_E3,0.0,0.02438026548329264,0.6363636363636364,0.6947215984019904
2651,9,tma4_E3,0.0,0.3796457333055372,1.0,0.7662222379342818
2652,9,tma4_F3,0.0,0.666298323646131,0.9473684210526315,1.0
2653,9,tma4_F3,0.0,0.7922754466742359,0.8333333333333334,1.0
2654,9,tma4_C3,0.0,0.566832503180351,0.9375,0.8751851986081067
2655,9,tma4_C3,0.0,0.684679025084737,0.6666666666666666,1.0
2656,9,tma4_C3,0.0,0.26623315555513505,0.6037735849056604,0.7203469306112806
2657,9,tma4_C3,0.0,0.5834439890860048,0.6415094339622641,0.8943283170359738
2658,9,tma4_C3,0.0,0.44361331800759585,0.7216494845360825,1.0
2659,9,tma4_C3,0.0,0.352780027760643,0.5517241379310345,1.0
2660,9,tma4_C3,0.0,0.3717194883618572,0.8823529411764706,0.7812095794641769
2661,9,tma4_C3,0.0,0.29030161380907027,0.6363636363636364,0.9131264836305226
2662,9,tma4_C3,0.0,0.5277067653946672,0.5833333333333334,1.0
2663,9,tma4_C3,0.0,0.6341702726870799,0.8636363636363636,0.8202045013350704
2664,9,tma4_C3,0.0,0.6025750857325913,1.0,0.8257224669865625
2665,9,tma4_C3,0.0,0.635419739651237,0.6842105263157895,1.0
2666,9,tma4_C3,0.0,0.2197410727689576,0.5384615384615384,0.6820255574475709
2667,9,tma4_C3,0.0,0.34426166569724814,0.5909090909090909,1.0
2668,9,tma4_C3,0.0,0.6061646412146204,0.9574468085106383,0.7584600583244075
2669,9,tma4_D2,0.0,0.7360007863916274,0.4657534246575342,0.9326729874564147
2670,9,tma4_D2,0.0,0.4289195031582119,0.6222222222222222,0.8439060666411373
2671,9,tma4_D2,0.0,0.1998734422676004,0.4365482233502538,1.0
2672,9,tma4_D2,0.0,0.3458247233995412,0.4268292682926829,0.8613464393646587
2673,9,tma4_D2,0.0,0.4729725407027441,0.33687943262411346,0.8121666519737133
2674,9,tma4_D2,0.0,0.1501016070293012,0.6875,0.7825288546291779
2675,9,tma4_D2,0.024903677853768125,0.27222404579991577,0.5352112676056338,0.7475898672568214
2676,9,tma4_D2,0.0,0.6459797471175819,0.4222222222222222,1.0
2677,9,tma4_D2,0.0,0.5957563781787905,0.8,1.0
2678,9,tma4_D2,0.0,0.4380612941480375,0.37349397590361444,0.8142755920934791
2679,9,tma4_D2,0.0,0.2149762131734877,0.33544303797468356,1.0
2680,9,tma4_C3,0.0,0.42329189561218383,0.58,1.0
2681,9,tma4_C3,0.0,0.40041059729020334,0.6,1.0
2682,9,tma4_C3,0.0,0.3761038901182341,0.5517241379310345,1.0
2683,9,tma4_C3,0.0,0.4743980293911667,0.42857142857142855,0.8798090449286088
2684,9,tma4_C3,0.0,0.4621050362586002,0.84,0.9386256668734013
2685,9,tma4_C3,0.0,0.6023946289905768,0.96,1.0
2686,9,tma4_C3,0.0,0.36588225260787377,0.9512195121951219,1.0
2687,9,tma4_F2,0.0,0.4086281510695233,0.8888888888888888,1.0
2688,9,tma4_F2,0.0,0.34354512786039226,0.5176470588235295,0.890893070388541
2689,9,tma4_F2,0.0,0.7242545672321041,0.6666666666666666,1.0
2690,9,tma4_F2,0.0,0.015609138766099595,0.6470588235294118,0.7190603778861607
2691,9,tma4_F2,0.0,0.28613333936693464,0.7142857142857143,1.0
2692,9,tma4_F2,0.0,0.24326173879867985,0.8181818181818182,0.7397421545101375
2693,9,tma4_F2,0.0,0.5927730625480727,0.7619047619047619,0.9206753438750678
2694,9,tma4_F2,0.0,0.1036335155111785,0.9230769230769231,0.7596404979780121
2695,9,tma4_F2,0.0,0.5112857216012564,0.6439393939393939,0.8062704454605206
2696,9,tma4_F2,0.0,0.36317527292830853,0.8333333333333334,0.7806711606974844
2697,9,tma4_F2,0.0,0.75667982107901,0.6851851851851852,0.9322358388900943
2698,9,tma4_F2,0.0,0.14202721696973886,0.8571428571428571,0.9478793640785727
2699,9,tma4_F2,0.0,0.7599257550053198,0.9523809523809523,1.0
2700,9,tma4_F2,0.0,0.657947716682326,0.6792452830188679,1.0
2701,9,tma4_F2,0.0,0.6857107627766894,0.578125,1.0
2702,9,tma4_F2,0.0,0.45311648875232147,0.3834909716251075,0.8456036213024339
2703,9,tma4_F2,0.0,0.7295347169044575,0.7931034482758621,1.0
2704,9,tma4_F2,0.0,0.8224104773686519,1.0,1.0
2705,9,tma4_F2,0.0,0.45936926180012605,0.8181818181818182,0.7852772623355154
2706,9,tma4_F2,0.0,0.4814637231346749,0.5526315789473685,1.0
2707,9,tma4_F2,0.0,0.6484052931866149,0.8181818181818182,1.0
2708,9,tma4_F2,0.0,0.2930489012546017,0.6551724137931034,1.0
2709,9,tma4_F2,0.0,0.6965931089550587,0.7101449275362319,0.8493101509375991
2710,9,tma4_F2,0.0,0.5412771639267098,0.7454545454545455,1.0
2711,9,tma4_F2,0.0,0.663087603108408,0.9743589743589743,0.9391708693007628
2712,9,tma4_F2,0.0,0.39197542286058684,0.42,1.0
2713,9,tma4_F2,0.0,0.4094051968885395,0.6527777777777778,1.0
2714,9,tma4_F2,0.0,0.335001924289122,0.5111111111111111,1.0
2715,9,tma4_F2,0.0,0.5759996683595758,0.6923076923076923,0.8267779824022008
2716,9,tma4_F2,0.0,0.47507513784781763,0.5757575757575758,1.0
2717,9,tma4_F2,0.0,0.22534008592891164,0.41899441340782123,0.9037682353055653
2718,9,tma4_F2,0.0,0.645866235887348,0.85,1.0
2719,9,tma4_F2,0.0,0.45914099026411637,0.7317073170731707,1.0
2720,9,tma4_F2,0.0,0.3362283515486838,0.7241379310344828,1.0
2721,9,tma4_F2,0.0,0.47844627315331045,0.8333333333333334,1.0
2722,9,tma4_F2,0.0,0.7003278612850519,0.2483221476510067,1.0
2723,9,tma4_F2,0.0,0.19021082168225512,0.569620253164557,0.7180683916787901
2724,9,tma4_F2,0.0,0.23115176189420616,0.627906976744186,0.8005317410108986
2725,9,tma4_F2,0.0,0.026511701380528052,0.5666666666666667,0.7632898041240395
2726,9,tma4_F2,0.0,0.5824776883738484,0.7142857142857143,0.826123321300707
2727,9,tma4_F2,0.0,0.3149363698993477,0.8666666666666667,1.0
2728,9,tma4_F2,0.0,0.5489579766501688,0.38461538461538464,1.0
2729,9,tma4_F2,0.0,0.14990971638556416,0.6258503401360545,0.6099168388690213
2730,9,tma4_F2,0.0,0.6705337964304148,0.5138888888888888,1.0
2731,9,tma4_F2,0.0,0.5440720758721778,0.7222222222222222,0.8107723765098522
2732,9,tma4_F2,0.0,0.49980229760816386,0.3410301953818828,0.8479106035833632
2733,9,tma4_F2,0.0,0.22880875782017485,0.7407407407407407,0.7247289923335046
2734,9,tma4_D2,0.0,0.41533224344149655,0.3605769230769231,1.0
2735,9,tma4_D2,0.0,0.7732477029183572,0.8666666666666667,0.9297196565793654
2736,9,tma4_D2,0.0,0.6529813383467966,0.8275862068965517,1.0
2737,9,tma4_D2,0.0,0.6549217579842008,0.5538461538461539,1.0
2738,9,tma4_D2,0.0,0.7205881993523179,0.375,1.0
2739,9,tma4_D2,0.0,0.6164494339495528,0.376,0.9390482853786892
2740,9,tma4_D2,0.0,0.8687131750305811,0.33783783783783783,1.0
2741,9,tma4_D2,0.0,0.41717624029685463,0.45925925925925926,0.9333034291655262
2742,9,tma4_D2,0.0,0.7603087490664442,0.875,1.0
2743,9,tma4_E1,0.0,0.5871175080529039,0.5826086956521739,1.0
2744,9,tma4_E1,0.0,0.6204175112072261,0.8181818181818182,1.0
2745,9,tma4_E1,0.0,0.6732804052321119,0.75,1.0
2746,9,tma4_F2,0.0,0.6117592072925131,0.6956521739130435,1.0
2747,9,tma4_F2,0.0,0.3210160768473086,1.0,0.8209087161079498
2748,9,tma4_F1,0.0,0.14872062255524232,0.6388888888888888,0.7962890656284499
2749,9,tma4_F1,0.05082087248255018,0.10154720669756556,0.7575757575757576,1.0
2750,9,tma4_F1,0.0,0.38221204625572247,0.7727272727272727,1.0
2751,9,tma4_F1,0.0,0.16040954784918604,0.7777777777777778,1.0
2752,9,tma4_F2,0.0,0.45602396080124963,1.0,1.0
2753,9,tma4_F2,0.0,0.3509911014140784,1.0,0.7635958798324415
2754,9,tma4_D2,0.0,0.5080802004440071,0.2727272727272727,1.0
2755,9,tma4_E1,0.0,0.2768820294315387,0.6411149825783972,0.7174811647218708
2756,9,tma4_E1,0.0,0.615135442625177,0.5663716814159292,1.0
2757,9,tma4_E1,0.0,0.20009071914480747,0.7272727272727273,0.7144436421466183
2758,9,tma4_E1,0.0,0.1988153406113523,0.5887850467289719,0.7659556230864464
2759,9,tma4_E1,0.0,0.4077740364530662,0.7714285714285715,1.0
2760,9,tma4_E1,0.0,0.35400926348103556,0.7096774193548387,0.7501708832521361
2761,9,tma4_E1,0.0,0.6929189033971315,0.524390243902439,1.0
2762,9,tma4_E1,0.0,0.8695617513239432,1.0,1.0
2763,9,tma4_D2,0.0,0.6108075881456272,0.4065040650406504,1.0
2764,9,tma4_D2,0.0,0.1576824078983443,0.5263157894736842,0.8439262622768579
2765,9,tma4_D2,0.0,0.29004108347130064,0.9333333333333333,1.0
2766,9,tma4_D2,0.0,0.5363340217579904,1.0,0.7744902379325739
2767,9,tma4_D2,0.0,0.6640072208315542,0.8235294117647058,1.0
2768,9,tma4_D2,0.0,0.7290875670474828,0.9117647058823529,1.0
2769,9,tma4_D2,0.0,0.8592033047337577,0.7192982456140351,1.0
2770,9,tma4_D2,0.0,0.43410054486924177,1.0,1.0
2771,9,tma4_D2,0.0,0.39249399763883874,0.4032258064516129,0.814946790944199
2772,9,tma4_D2,0.0,0.810105076445623,0.6521739130434783,1.0
2773,9,tma4_D2,0.0,0.8092458938072785,0.6046511627906976,1.0
2774,9,tma4_D2,0.0,0.6574675827151502,0.76,1.0
2775,9,tma4_D2,0.0,0.3455957803761901,0.38072289156626504,0.9158837846810581
2776,9,tma4_D2,0.0,0.5583586142425024,0.75,0.9266818676139419
2777,9,tma4_D2,0.0,0.546343298882249,0.5648148148148148,1.0
2778,9,tma4_D2,0.0,0.7524969217113197,1.0,1.0
2779,9,tma4_D2,0.0,0.36231630711609275,0.36764705882352944,0.8310431476732769
2780,9,tma4_D2,0.0,0.7757915704137228,0.9130434782608695,1.0
2781,9,tma4_D2,0.0,0.7700667346615591,0.45454545454545453,1.0
2782,9,tma4_D2,0.0,0.6503504041710777,0.6333333333333333,1.0
2783,9,tma4_D2,0.0,0.7268776963179608,0.4948453608247423,1.0
2784,9,tma4_D2,0.0,0.28652608177585515,0.6578947368421053,1.0
2785,9,tma4_D2,0.0,0.14389361201976592,0.7586206896551724,1.0
2786,9,tma4_D2,0.0,0.7335333432541269,0.88,1.0
2787,9,tma4_D2,0.0,0.6401074793959483,0.4605263157894737,1.0
2788,9,tma4_D2,0.0,0.46068704088489065,0.75,1.0
2789,9,tma4_D2,0.0,0.4107559486093437,0.8823529411764706,0.9057649449753405
2790,9,tma4_D2,0.0,0.36094719970402955,0.5934065934065934,1.0
2791,9,tma4_D2,0.0,0.3047646510954457,0.6333333333333333,1.0
2792,9,tma4_D2,0.0,0.5128465923190622,0.8947368421052632,1.0
2793,9,tma4_D2,0.0,0.5818972252759139,0.4065934065934066,1.0
2794,9,tma4_D2,0.0,0.6177927821298634,0.5384615384615384,1.0
2795,9,tma4_D2,0.0,0.27804040226784155,0.47904191616766467,0.9120430404404333
2796,9,tma4_D2,0.0,0.7463397794487524,0.6794871794871795,1.0
2797,9,tma4_D2,0.0,0.6686879252899893,0.23220973782771537,0.8442148671244052
2798,9,tma4_D2,0.0,0.5790274879274304,0.65,1.0
2799,9,tma4_D2,0.0,0.3060183572838977,0.6081081081081081,1.0
2800,9,tma4_D2,0.0,0.6309259613419689,0.7428571428571429,0.8330363260914988
2801,9,tma4_D2,0.0,0.6372173660045858,0.7931034482758621,0.9275601134779403
2802,9,tma4_D2,0.0,0.609205430071496,0.49193548387096775,0.9421772946699414
2803,9,tma4_D2,0.0,0.5336063401542922,0.2582781456953642,1.0
2804,9,tma4_D2,0.0,0.7527041399501937,0.7674418604651163,1.0
2805,9,tma4_D2,0.0,0.7178232327281525,0.4782608695652174,1.0
2806,9,tma4_D2,0.0,0.7490286052605886,0.8333333333333334,1.0
2807,9,tma4_D2,0.0,0.5867611815887821,0.5538461538461539,0.9318028077553425
2808,9,tma4_D2,0.0,0.48881074523539936,0.7666666666666667,0.9195434995171193
2809,9,tma4_D2,0.0,0.3476764342459535,0.3700440528634361,1.0
2810,9,tma4_D2,0.0,0.596611188391564,0.4791666666666667,1.0
2811,9,tma4_D2,0.0,0.5737283084991662,0.35,1.0
2812,9,tma4_D2,0.0,0.8079633819944694,0.8387096774193549,1.0
2813,9,tma4_F3,0.0,0.4729239555419883,0.9,0.7924130775602581
2814,9,tma4_F3,0.10162034229388817,0.15816153773735353,0.6666666666666666,0.7735990875459502
2815,9,tma4_F3,0.0,0.33505217739055315,0.8235294117647058,1.0
2816,9,tma4_F3,0.0,0.5881947289151406,0.75,1.0
2817,9,tma4_F3,0.0,0.6911815497791043,0.78125,1.0
2818,9,tma4_F3,0.0,0.18991739961142673,0.6865671641791045,0.8216492697384371
2819,9,tma4_F3,0.0,0.4165990555275646,0.7777777777777778,0.8514906789670452
2820,9,tma4_F3,0.0,0.14550792907102683,0.7037037037037037,1.0
2821,9,tma4_E3,0.0,0.5120296352924761,0.5555555555555556,0.8242748933689356
2822,9,tma4_F3,0.0,0.5083784020335917,0.559322033898305,1.0
2823,9,tma4_F3,0.0,0.42248578031145334,1.0,1.0
2824,9,tma4_F3,0.0,0.5531619347503061,0.8666666666666667,0.8701195561812944
2825,9,tma4_F3,0.0,0.37342541974179266,0.96875,1.0
2826,9,tma4_F3,0.0,0.13818780268781383,0.8235294117647058,0.7897040703344921
2827,9,tma4_F3,0.0,0.28056516433338874,0.64,0.748615859658358
2828,9,tma4_F3,0.0,0.4934800548628233,0.5692307692307692,0.7922625362601521
2829,9,tma4_F3,0.0,0.6520395319020904,0.4857142857142857,1.0
2830,9,tma4_F3,0.0,0.3976776331521198,0.5128205128205128,0.8361893216552091
2831,9,tma4_F3,0.025336752173902632,0.12456695029349196,0.7,0.7622573225770151
2832,9,tma4_F3,0.0,0.04241211062235617,0.6818181818181818,0.853427363206295
2833,9,tma4_F3,0.0,0.2982993513967178,0.696969696969697,0.7738285730404174
2834,9,tma4_F3,0.0,0.5772009779969102,0.8888888888888888,1.0
2835,9,tma4_F3,0.0,0.6680688367506215,0.6071428571428571,1.0
2836,9,tma4_G2,0.0,0.44302206658606813,0.9375,1.0
2837,9,tma4_G2,0.0,0.2754787260897389,0.7368421052631579,1.0
2838,9,tma4_G2,0.0,0.05352670189274866,0.49097472924187724,0.7039030115886392
2839,9,tma4_G2,0.0,0.22147412086331741,0.5208333333333334,0.8191506666854335
2840,9,tma4_G2,0.0,0.7545943982874977,0.4,1.0
2841,9,tma4_G2,0.0,0.25977195322997293,0.4864864864864865,0.6732419598891708
2842,9,tma4_G2,0.0,0.5672863970375303,0.38961038961038963,0.7989736665114545
2843,9,tma4_G2,0.0,0.2197375031322385,0.5178571428571429,1.0
2844,9,tma4_G2,0.0,0.3947586761629055,0.28191489361702127,1.0
2845,9,tma4_G2,0.0,0.36813099261118387,0.5,0.7175440758050033
2846,9,tma4_G2,0.0,0.21719864977834724,0.7647058823529411,0.6896188472686091
2847,9,tma4_G2,0.0,0.21766603646553118,0.7083333333333334,1.0
2848,9,tma4_G2,0.0,0.6415563434047955,0.5476190476190477,1.0
2849,9,tma4_G2,0.0,0.6677893872770257,0.7222222222222222,0.9402844515642814
2850,9,tma4_G2,0.0,0.5240303218886008,0.8611111111111112,0.8460824357827759
2851,9,tma4_G2,0.0,0.4619733016616011,0.3475177304964539,0.9375798264527478
2852,9,tma4_G2,0.0,0.3889262827369788,0.5652173913043478,0.7942675948981494
2853,9,tma4_G2,0.0,0.6528089113626339,0.3759124087591241,1.0
2854,9,tma4_G2,0.0,0.28362149532126324,0.6097560975609756,0.743971393165871
2855,9,tma4_G2,0.0,0.43896630544146664,0.6896551724137931,1.0
2856,9,tma4_G2,0.0,0.7161255780379294,0.7450980392156863,0.9061062744057845
2857,9,tma4_G2,0.0,0.4417984337991846,0.71875,1.0
2858,9,tma4_G2,0.0,0.3759453991504297,0.3706293706293706,0.7600702387256382
2859,9,tma4_G2,0.0,0.5810809166580666,0.6133333333333333,1.0
2860,9,tma4_G2,0.0,0.3417045822067517,0.7127659574468085,0.7304333040978738
2861,9,tma4_G2,0.0,0.7099798179896354,0.8636363636363636,0.9117967443704368
2862,9,tma4_G2,0.0,0.4553371239498647,0.8,0.8716647857577117
2863,9,tma4_G2,0.0,0.2630827697928563,0.6460176991150443,0.7879381091910812
2864,9,tma4_F3,0.0,0.6954978148685069,1.0,1.0
2865,9,tma4_G2,0.0,0.4760309472198355,0.9375,0.7620165396754776
2866,9,tma4_G2,0.0,0.3740624548937618,0.9,0.773260628570355
2867,9,tma4_G2,0.0,0.4742728991110229,0.5,0.7827786261102996
2868,9,tma4_F3,0.0,0.4223113875636436,0.7096774193548387,0.754196416733702
2869,9,tma4_F3,0.0,0.5711123996721092,0.5327102803738317,0.8709926360322062
2870,9,tma4_F3,0.0,0.5763331999665865,0.8181818181818182,0.9401379326645156
2871,9,tma4_E3,0.0,0.5591862199906452,0.41358024691358025,1.0
2872,9,tma4_F3,0.0,0.20210743073131232,0.7647058823529411,0.8814385816916254
2873,9,tma4_F3,0.0,0.5307333579019082,0.7894736842105263,1.0
2874,9,tma4_F3,0.0,0.36982401897379513,0.5192307692307693,0.7246868457191542
2875,9,tma4_E3,0.0,0.6045683410014693,0.6521739130434783,1.0
2876,9,tma4_E3,0.0,0.6607667538862605,0.75,1.0
2877,9,tma4_F3,0.0,0.4904747951094246,0.56,1.0
2878,9,tma4_F3,0.0,0.47901935943532226,0.4426229508196721,0.8949169195212897
2879,9,tma4_F3,0.0,0.21257481124896993,0.5615763546798029,0.6904854853115253
2880,9,tma4_F3,0.0,0.6309814004861951,0.8709677419354839,1.0
2881,9,tma4_F3,0.0,0.3723900883580248,1.0,1.0
2882,9,tma4_F3,0.0,0.5258227818056082,0.5925925925925926,0.9368716302150032
2883,9,tma4_F3,0.0,0.3514205431882337,0.6964285714285714,1.0
2884,9,tma4_F3,0.0,0.2087663351759449,1.0,0.7472485493711978
2885,9,tma4_F3,0.0,0.6864933695702382,0.41025641025641024,1.0
2886,9,tma4_F3,0.0,0.5512478927042272,0.4978165938864629,1.0
2887,9,tma4_F3,0.0,0.5677341007211172,0.72,0.8275643655425446
2888,9,tma4_F3,0.0,0.5289158457820451,0.4230769230769231,1.0
2889,9,tma4_F3,0.0,0.007294023252302773,0.4473684210526316,0.7944068272592046
2890,9,tma4_F3,0.0,0.5100052561358062,0.43548387096774194,1.0
2891,9,tma4_F3,0.0,0.31787977138376655,0.65,1.0
2892,9,tma4_F3,0.0,0.3262564993505913,0.9375,1.0
2893,9,tma4_F3,0.0,0.17612913423376586,0.92,0.7316011517562124
2894,9,tma4_E3,0.0,0.18180146283265963,0.5681818181818182,0.7934607431995344
2895,9,tma4_E3,0.0,0.30943426834837273,0.9583333333333334,0.7438106201992625
2896,9,tma4_E3,0.0,0.22449444732496604,0.95,1.0
2897,9,tma4_E3,0.0,0.28579582970695205,0.4695121951219512,0.7291785258473008
2898,9,tma4_E3,0.0,0.32128785230673074,0.9473684210526315,1.0
2899,9,tma4_E3,0.0,0.5846805592378141,0.47126436781609193,0.9299892031945085
2900,9,tma4_F2,0.0,0.12938977634230564,1.0,0.8774114151117429
2901,9,tma4_F2,0.0,0.42934351779732327,0.48623853211009177,0.7682116577443374
2902,9,tma4_F2,0.0,0.4244929725620241,0.3559322033898305,1.0
2903,9,tma4_F2,0.0,0.6121845181189747,0.75,0.8687751663460035
2904,9,tma4_F2,0.0,0.38710301122096125,0.631578947368421,1.0
2905,9,tma4_F2,0.0,0.20593163219697697,0.5,1.0
2906,9,tma4_F2,0.0,0.374433095387111,0.6268656716417911,1.0
2907,9,tma4_F2,0.0,0.7240441301180938,0.8484848484848485,1.0
2908,9,tma4_F2,0.0,0.36683473467874683,0.47107438016528924,0.871074940272939
2909,9,tma4_F2,0.0,0.36372511496043924,0.48623853211009177,0.8881716909705525
2910,9,tma4_F2,0.0,0.3331266235469523,0.7586206896551724,0.8632393816492646
2911,9,tma4_F2,0.0,0.3561446720618554,0.5135135135135135,1.0
2912,9,tma4_F2,0.0,0.6348760290603122,0.48148148148148145,1.0
2913,9,tma4_F2,0.0,0.6214840524402012,1.0,0.849969201846807
2914,9,tma4_F2,0.0,0.34384846407376,0.6547619047619048,1.0
2915,9,tma4_F2,0.0,0.5023067246139835,0.532,1.0
2916,9,tma4_F2,0.0,0.01762438281309009,0.6099290780141844,1.0
2917,9,tma4_F2,0.0,0.4992986608158443,0.96875,1.0
2918,9,tma4_F2,0.0,0.7417213515375631,0.9166666666666666,1.0
2919,9,tma4_E3,0.0,0.4260261670807626,0.3728813559322034,0.7395515927211302
2920,9,tma4_E3,0.0,0.6923449354204284,0.6923076923076923,1.0
2921,9,tma4_E3,0.0,0.6670910223976226,0.9375,1.0
2922,9,tma4_E3,0.0,0.4635980939367267,0.7777777777777778,0.8021000420577591
2923,9,tma4_E3,0.0,0.2773023866760066,1.0,1.0
2924,9,tma4_E3,0.0,0.6237364487879077,0.5964912280701754,1.0
2925,9,tma4_E3,0.0,0.5960937176988437,0.5585585585585585,1.0
2926,9,tma4_E3,0.0,0.0527582110732685,0.75,0.694127462490313
2927,9,tma4_F1,0.0,0.6835123250679049,1.0,1.0
2928,9,tma4_E1,0.0,0.47553931562155793,0.9,1.0
2929,9,tma4_E1,0.0,0.6109184197929695,0.7916666666666666,1.0
2930,9,tma4_E1,0.0,0.27959530676989,0.6176470588235294,0.7577489944863434
2931,9,tma4_E1,0.10111484568546303,0.04744578891898543,0.75,0.768845354970084
2932,9,tma4_F1,0.0,0.2567878127156932,0.72,0.7947446310133963
2933,9,tma4_F1,0.0,0.2742055109848408,0.7142857142857143,0.7732715186201247
2934,9,tma1_B2,0.0,0.6034843115509686,0.7619047619047619,1.0
2935,9,tma1_B2,0.0,0.1409015983264239,0.4976190476190476,0.8040046027437722
2936,9,tma1_B2,0.0,0.24749462637682318,0.475,0.8162980036873823
2937,9,tma1_B2,0.0,0.3772930661672329,0.5211267605633803,0.7602841174269007
2938,9,tma1_B2,0.0,0.842564404308056,0.9310344827586207,1.0
2939,9,tma1_D2,0.0,0.6639515656698473,0.53125,1.0
2940,9,tma1_C2,0.0,0.5811535401360456,0.9047619047619048,0.9473482637724376
2941,9,tma1_C2,0.0,0.5577515570514044,0.4722222222222222,0.8681361180966047
2942,9,tma1_C2,0.0,0.5097179762292892,0.6486486486486487,0.8809567178499257
2943,9,tma1_D2,0.0,0.6760008087684305,0.9,1.0
2944,9,tma1_D2,0.0,0.5164719203907628,0.6071428571428571,0.7946757749055415
2945,9,tma1_D2,0.0,0.4763969343008727,0.7555555555555555,0.7699113271937118
2946,9,tma1_B2,0.0,0.3549466712888879,0.43243243243243246,0.7179334434451725
2947,9,tma1_B2,0.0,0.4787212179167084,0.5319148936170213,0.8818271764695231
2948,9,tma1_B2,0.0,0.6835176620204526,0.75,1.0
2949,9,tma1_B2,0.014869296910387186,0.4657193907193944,0.6363636363636364,0.7346496516055384
2950,9,tma1_B2,0.0,0.5363273794162469,0.66,0.8645208133955065
2951,9,tma1_B2,0.0,0.29062541366266803,0.6176470588235294,0.765634886188677
2952,9,tma1_B2,0.0,0.275631155756177,0.9375,1.0
2953,9,tma1_B2,0.0,0.502610047700667,0.3286494925839188,0.8039016710148429
2954,9,tma1_B2,0.0,0.5140944496839155,0.7117117117117117,0.8390387538014105
2955,9,tma1_B2,0.0,0.355671818742224,0.7857142857142857,0.9324918473668999
2956,9,tma1_B2,0.0,0.39062853501078376,0.6442687747035574,0.7542887900254074
2957,9,tma1_B2,0.0,0.5263586321565532,0.7058823529411765,1.0
2958,9,tma1_B2,0.0,0.64823773974177,0.56,1.0
2959,9,tma1_B2,0.0,0.20255080881502407,0.8958333333333334,0.886616273557344
2960,9,tma1_B2,0.0,0.5544971998382409,0.7948717948717948,0.8132256298238588
2961,9,tma1_B2,0.0,0.6839529211963151,0.6875,1.0
2962,9,tma1_B2,0.0,0.11330396954315347,0.46774193548387094,0.8246614139385425
2963,9,tma1_B2,0.0,0.46851739555705385,0.7619047619047619,0.8012010673130926
2964,9,tma1_B2,0.0,0.3030530462176054,1.0,1.0
2965,9,tma1_B2,0.0,0.32287800310339543,0.5245901639344263,0.7431565780907562
2966,9,tma1_B2,0.0,0.5526639097935077,0.6538461538461539,0.9303285828763842
2967,9,tma1_B2,0.0,0.5661574303134242,0.7428571428571429,0.8406543776845335
2968,9,tma1_B2,0.0,0.5312431643228133,1.0,1.0
2969,9,tma1_B2,0.0,0.0014045094816701464,0.7857142857142857,0.854492864035417
2970,9,tma1_B2,0.0,0.253091463878649,0.5915492957746479,0.934592274460142
2971,9,tma1_B2,0.0,0.6403557669168848,0.6410256410256411,1.0
2972,9,tma1_B2,0.0,0.7322021634880171,0.6842105263157895,0.8950032191319383
2973,9,tma1_B2,0.0,0.023309848036407788,0.7419354838709677,0.7518022406835717
2974,9,tma1_B2,0.0,0.5211625187423407,0.703125,1.0
2975,9,tma1_B2,0.0,0.6795909805242581,0.363855421686747,1.0
2976,9,tma1_B2,0.0,0.41318005701083604,0.8225806451612904,0.742181653123399
2977,9,tma1_B2,0.0,0.2277054702879574,0.9333333333333333,0.7209911277119793
2978,9,tma1_B2,0.0,0.8362628484442884,0.7368421052631579,1.0
2979,9,tma1_B2,0.0,0.5971413355396286,0.640625,1.0
2980,9,tma1_B2,0.0,0.5225319848250658,0.7906976744186046,1.0
2981,9,tma1_B2,0.0,0.22036806188662839,0.8095238095238095,0.8384992485283947
2982,9,tma1_B2,0.0,0.24709440418765782,0.5476190476190477,0.9130254856196881
2983,9,tma1_B2,0.039334389745358855,0.025300163860967673,0.4864864864864865,0.9127257493634072
2984,9,tma1_B2,0.0,0.529305204337364,0.43478260869565216,1.0
2985,9,tma1_B2,0.0,0.6532958144407632,0.6363636363636364,1.0
2986,9,tma1_B2,0.0,0.1240925295307993,0.7254098360655737,0.8727880698996074
2987,9,tma1_B2,0.0,0.18408891762460688,0.4716981132075472,0.7620768789261911
2988,9,tma1_B2,0.0,0.44954629476973296,0.6097560975609756,0.8460097403338186
2989,9,tma1_A2,0.0,0.3440836439463507,0.5014409221902018,0.8714316804095276
2990,9,tma1_A2,0.0,0.49087334748703726,0.6111111111111112,1.0
2991,9,tma1_A2,0.0,0.4348797931508749,0.4107142857142857,0.7461536292060008
2992,9,tma1_B2,0.0,0.4305169225611889,0.4716981132075472,1.0
2993,9,tma1_B2,0.0,0.23652385228202966,0.9,1.0
2994,9,tma1_B2,0.0,0.1356102228580648,0.8918918918918919,0.797584268179338
2995,9,tma1_B2,0.0,0.19579292473458698,0.8631578947368421,0.750314343920369
2996,9,tma1_B2,0.0,0.6145216531837554,0.8181818181818182,0.8378555400562053
2997,9,tma1_B2,0.0,0.41084825317088003,0.65,0.929358275328479
2998,9,tma1_D1,0.0,0.3713657827857747,0.5242424242424243,0.945610070885877
2999,9,tma1_D1,0.0,0.46335911265786744,0.5280898876404494,0.7776685557831929
3000,9,tma1_D1,0.0,0.6408558830193378,0.9375,1.0
3001,9,tma1_D1,0.0,0.6428721126163104,0.4152542372881356,1.0
3002,9,tma1_D1,0.0,0.526604990568942,0.9,1.0
3003,9,tma1_D1,0.0,0.038408883660552395,0.6176470588235294,0.6808546701277083
3004,9,tma1_D1,0.0,0.8035900425351205,0.5901639344262295,0.9459619440479267
3005,9,tma1_D1,0.0,0.4625258168065193,0.5882352941176471,0.9338580014104363
3006,9,tma1_D1,0.0,0.3622379954998628,0.7361111111111112,1.0
3007,9,tma1_D1,0.0,0.5861494396631737,0.8648648648648649,1.0
3008,9,tma1_D1,0.0,0.8151762733194318,0.4461538461538462,1.0
3009,9,tma1_D1,0.0,0.7824216551000929,0.5764705882352941,0.875510374192539
3010,9,tma1_D1,0.0,0.6672397936034957,0.4647887323943662,0.927567707017028
3011,9,tma1_D1,0.0,0.34536144648782985,0.9375,1.0
3012,9,tma1_D1,0.0,0.6104989485291114,0.5333333333333333,0.8976838219742662
3013,9,tma1_D1,0.0,0.5188940350630118,0.5069444444444444,1.0
3014,9,tma1_D1,0.0,0.6194476478258217,0.8043478260869565,1.0
3015,9,tma1_D1,0.0,0.17257639540610847,0.5,0.7232479649489468
3016,9,tma1_D1,0.0,0.5915334404985078,0.5,1.0
3017,9,tma1_D1,0.0,0.5008177257058675,0.8571428571428571,1.0
3018,9,tma1_D1,0.0,0.5274053614435503,0.4107142857142857,1.0
3019,9,tma1_D1,0.0,0.7053202676301388,0.75,1.0
3020,9,tma1_D1,0.0,0.5714914458106566,1.0,1.0
3021,9,tma1_D1,0.0,0.41161156233858387,1.0,0.8381587002438852
3022,9,tma1_D1,0.0,0.0952140344051744,0.6346153846153846,1.0
3023,9,tma1_D1,0.0,0.44342083286245015,0.42857142857142855,1.0
3024,9,tma1_D1,0.0,0.7735930395241197,0.20958083832335328,1.0
3025,9,tma1_D1,0.0,0.6364362467256917,0.6666666666666666,1.0
3026,9,tma1_D1,0.0,0.49231915427144646,0.5365853658536586,1.0
3027,9,tma1_D1,0.0,0.03660574877031242,0.8444444444444444,0.6242099547635266
3028,9,tma1_D1,0.0,0.5426449976458165,0.8235294117647058,1.0
3029,9,tma1_D1,0.0,0.42409502439271984,0.875,0.9069022498348561
3030,9,tma1_D1,0.0,0.30360172725968004,0.45263157894736844,0.7971259596006792
3031,9,tma1_D1,0.0,0.625795464584918,0.7037037037037037,1.0
3032,9,tma1_D1,0.0,0.1531575842809043,0.74,0.9347760741915043
3033,9,tma1_D1,0.0,0.43789821839562937,0.5735294117647058,1.0
3034,9,tma1_D1,0.0,0.006535125716531032,0.6904761904761905,0.8052434959951643
3035,9,tma1_D1,0.0,0.3784628475173113,0.3448275862068966,1.0
3036,9,tma1_D1,0.0,0.08663967186433441,0.8947368421052632,0.6478271233543027
3037,9,tma1_D1,0.0,0.5874846914216314,0.64,0.8641628718753811
3038,9,tma1_D1,0.0,0.5180571908265718,0.6944444444444444,0.9203763805734684
3039,9,tma1_D1,0.0,0.8169799382084678,0.603448275862069,1.0
3040,9,tma1_D1,0.0,0.6947283884927571,0.65625,1.0
3041,9,tma1_D1,0.0,0.3193895490901888,0.5089820359281437,0.7587168309112333
3042,9,tma1_D1,0.0,0.27290598923869647,0.36470588235294116,0.8170252383550143
3043,9,tma1_D1,0.0,0.23927754259362066,0.8448275862068966,0.7127766687607011
3044,9,tma1_D1,0.0,0.2528588768522172,0.7714285714285715,0.7962049279516136
3045,9,tma1_D1,0.0,0.058641370996896924,0.5185185185185185,1.0
3046,9,tma1_D1,0.0,0.5320857720864058,0.625,1.0
3047,9,tma1_D1,0.0,0.6826680714127682,0.9090909090909091,1.0
3048,9,tma1_D1,0.0,0.7323522108874101,0.631578947368421,1.0
3049,9,tma1_D1,0.0,0.6350018805538207,0.5833333333333334,1.0
3050,9,tma1_D1,0.0,0.6385064577767345,0.6774193548387096,1.0
3051,9,tma1_D1,0.0,0.5416524824632094,0.8032786885245902,1.0
3052,9,tma1_D1,0.0,0.5135069921578596,0.5675675675675675,0.8054526683773692
3053,9,tma1_D1,0.0,0.3188961162571903,0.4830508474576271,0.7410507481240655
3054,9,tma1_D1,0.0,0.022904046262573696,0.6086956521739131,0.7418554646412673
3055,9,tma1_D1,0.0,0.6984507938300031,0.6708860759493671,1.0
3056,9,tma1_D1,0.0,0.6260185947430831,0.65,0.927328463281071
3057,9,tma1_D1,0.0,0.094169035107042,0.6013513513513513,1.0
3058,9,tma1_F1,0.0,0.14671923975659362,0.5161290322580645,0.8132558805903184
3059,9,tma1_F1,0.0,0.23167187096628372,0.9166666666666666,0.7247571587687925
3060,9,tma1_F1,0.0,0.5542599837400397,0.5714285714285714,0.8433250888670057
3061,9,tma1_F1,0.0,0.5091308531402827,0.8214285714285714,0.798934079899526
3062,9,tma1_F1,0.0,0.26824229421125634,0.5681818181818182,0.6840273973226383
3063,9,tma1_F1,0.0,0.028078440112240366,0.6981132075471698,0.7377751029577626
3064,9,tma1_F1,0.0,0.2988134068757775,0.628099173553719,0.7342994694852135
3065,9,tma1_F1,0.0,0.6957319800967062,0.8571428571428571,1.0
3066,9,tma1_F1,0.0,0.42036868317094744,0.42134831460674155,1.0
3067,9,tma1_F1,0.0,0.5905319704907207,0.7142857142857143,1.0
3068,9,tma1_F1,0.0,0.39696646121970147,0.8421052631578947,1.0
3069,9,tma1_F1,0.0,0.6766876003771778,0.6571428571428571,1.0
3070,9,tma1_F1,0.0,0.5290316188007655,0.7878787878787878,1.0
3071,9,tma1_F1,0.0,0.1418919711043949,0.82,0.7112922466510179
3072,9,tma1_F1,0.0,0.6087726608972304,0.43283582089552236,1.0
3073,9,tma1_F1,0.0,0.5537618499771702,0.5575221238938053,0.8260182899076945
3074,9,tma1_F1,0.0,0.25674570182672096,0.4620253164556962,0.7063629500422053
3075,9,tma1_F1,0.0,0.5507790254633198,0.9090909090909091,1.0
3076,9,tma1_F1,0.0,0.440563356819635,0.7631578947368421,0.8537301791570838
3077,9,tma1_F1,0.0,0.10428366830020508,0.5128205128205128,0.7575038972094664
3078,9,tma1_F1,0.0,0.41924259546951315,0.7692307692307693,1.0
3079,9,tma1_F1,0.057812149026860715,0.00846645149011771,0.6363636363636364,0.7711855672413598
3080,9,tma1_F1,0.0,0.713561209856685,0.6272727272727273,1.0
3081,9,tma1_F1,0.0,0.4228632982836519,1.0,1.0
3082,9,tma1_F1,0.0,0.33538138821097097,0.6344086021505376,0.8522260515350049
3083,9,tma1_F1,0.0,0.4610271750958599,0.42528735632183906,0.9282836268302498
3084,9,tma1_F1,0.0,0.589357133987117,0.7142857142857143,0.8479817561194577
3085,9,tma1_F1,0.0,0.7327334795332523,0.2693333333333333,1.0
3086,9,tma1_F1,0.0,0.4958606812887547,0.4472295514511873,1.0
3087,9,tma1_F1,0.0,0.20190377369933588,0.6206896551724138,0.7958016813360387
3088,9,tma1_F1,0.0,0.5566804545418436,0.5238095238095238,1.0
3089,9,tma1_F1,0.0,0.256905733609616,0.7058823529411765,0.8503802152679313
3090,9,tma1_E1,0.0,0.3641438439747112,0.75,0.7612010259479258
3091,9,tma1_E1,0.0,0.1660046684239268,0.6352941176470588,1.0
3092,9,tma1_E1,0.0,0.5842938645275166,0.7804878048780488,1.0
3093,9,tma1_E1,0.0,0.5389291193197653,0.6585365853658537,0.8186984379977394
3094,9,tma1_E1,0.0,0.6356507020972735,0.6666666666666666,0.8257119177889943
3095,9,tma1_E1,0.07487389133321887,0.34294913629289026,0.5,0.7442160817467895
3096,9,tma1_E1,0.0,0.5138085353918511,0.6666666666666666,1.0
3097,9,tma1_E1,0.0,0.5964305802864791,0.5632183908045977,0.8282420594060294
3098,9,tma1_E1,0.0,0.5315379900092787,0.6341463414634146,1.0
3099,9,tma1_E1,0.0,0.5707593622295712,0.75,1.0
3100,9,tma1_E1,0.0,0.29455975819323754,0.46638655462184875,0.941169942497592
3101,9,tma1_E1,0.0,0.7662781819832841,0.609375,1.0
3102,9,tma1_E1,0.11602346745858427,0.20789498655225636,0.4931506849315068,0.8716956985652865
3103,9,tma1_E1,0.0,0.756999612928708,0.40816326530612246,0.9287425409150398
3104,9,tma1_E1,0.0,0.5944707357421737,0.6875,1.0
3105,9,tma1_E1,0.0,0.07430981490366273,0.4948453608247423,0.7014493444020388
3106,9,tma1_E1,0.0,0.541715842732484,0.46258503401360546,1.0
3107,9,tma1_E1,0.0,0.566982824742603,0.9230769230769231,0.7990277375997739
3108,9,tma1_E1,0.0,0.23359504841203882,0.875,1.0
3109,9,tma1_E1,0.0,0.6435341136116712,0.6666666666666666,1.0
3110,9,tma1_E1,0.0,0.472422747910506,0.85,1.0
3111,9,tma1_E1,0.0,0.42511061428443675,0.8636363636363636,1.0
3112,9,tma1_E1,0.0,0.3801034066908061,0.5116279069767442,1.0
3113,9,tma1_E1,0.0,0.3636597987715121,0.5789473684210527,1.0
3114,9,tma1_E1,0.0,0.2921606797714513,0.5555555555555556,0.7485423617253241
3115,9,tma1_E1,0.0,0.503499302302213,0.6666666666666666,1.0
3116,9,tma1_E1,0.0,0.3452829933286602,0.6129032258064516,0.7438867580444379
3117,9,tma1_E1,0.0,0.33831354646517786,0.5605095541401274,0.745394919273381
3118,9,tma1_E1,0.0,0.3746442108843444,0.5166666666666667,0.8673625618884022
3119,9,tma1_F1,0.0,0.8583599134667583,0.9,1.0
3120,9,tma1_F1,0.0,0.7623820104614107,0.45161290322580644,1.0
3121,9,tma1_F1,0.0,0.25778389604546437,0.37815126050420167,0.737776108191827
3122,9,tma1_F1,0.0,0.3267032638753973,0.7714285714285715,0.8439795086513776
3123,9,tma1_F1,0.0,0.044091164856944864,0.4418604651162791,0.7491173586679477
3124,9,tma1_F1,0.0,0.6732718662240769,0.7391304347826086,1.0
3125,9,tma1_F1,0.0,0.38869389554029676,0.5,0.848685234062191
3126,9,tma1_F1,0.0,0.7540917457488385,0.7368421052631579,0.9480067952963663
3127,9,tma1_F1,0.0,0.8472728165396537,0.8387096774193549,1.0
3128,9,tma1_F1,0.0,0.5770485862158237,0.4339622641509434,1.0
3129,9,tma1_F1,0.0,0.3078966749783669,0.8214285714285714,1.0
3130,9,tma1_E1,0.0,0.09578916898081247,0.49411764705882355,0.694589522978552
3131,9,tma1_E1,0.0,0.3485438333481874,0.6461538461538462,1.0
3132,9,tma1_E1,0.0,0.3249120516167,0.48863636363636365,0.703244562442299
3133,9,tma1_E1,0.0,0.3346365761192085,0.625,0.7365668540949276
3134,9,tma1_F1,0.0,0.4800073839995005,0.8695652173913043,1.0
3135,9,tma1_F1,0.0,0.2707564306044967,0.5383177570093458,1.0
3136,9,tma1_F1,0.0,0.3730594041750789,0.6521739130434783,1.0
3137,9,tma1_E1,0.0,0.4847061810522947,0.4015151515151515,1.0
3138,9,tma1_E1,0.0,0.5872215630156892,0.6842105263157895,1.0
3139,9,tma1_E1,0.0,0.4605089279793392,0.6862745098039216,0.7907727213876498
3140,9,tma1_F1,0.0,0.5418420868199909,0.6266666666666667,1.0
3141,9,tma1_F1,0.0,0.4200462645871893,0.5837837837837838,1.0
3142,9,tma1_F1,0.0,0.4926255866090855,0.4603174603174603,0.9231017784453505
3143,9,tma1_F1,0.0,0.5220305989431591,0.8666666666666667,0.9334610503633202
3144,9,tma1_F1,0.0,0.6803497988520897,0.3424657534246575,1.0
3145,9,tma1_F1,0.0,0.38281256053786905,0.4189189189189189,0.7434326171618353
3146,9,tma1_F1,0.0,0.5145064411985409,0.7377049180327869,1.0
3147,9,tma1_F1,0.0,0.1943580471343025,0.8947368421052632,0.7004117377132655
3148,9,tma1_F1,0.0,0.7833908667510879,0.896551724137931,1.0
3149,9,tma1_F1,0.0,0.4178581063281185,0.6363636363636364,1.0
3150,9,tma1_F1,0.0,0.34007634679457155,0.6129032258064516,0.7563587569038656
3151,9,tma1_F1,0.0,0.35435579527887895,1.0,0.8336144293536161
3152,9,tma1_F1,0.0,0.2847068991196622,0.8372093023255814,0.76547942530637
3153,9,tma1_E1,0.0,0.10134337622613898,0.6516393442622951,1.0
3154,9,tma1_E1,0.0,0.6860154220495223,0.7272727272727273,1.0
3155,9,tma1_E1,0.0,0.11491440918481888,0.6666666666666666,0.8009972207151524
3156,9,tma1_E1,0.0,0.15184104874129456,0.6666666666666666,0.9314789440888942
3157,9,tma1_E1,0.0,0.6449325999585488,0.7555555555555555,1.0
3158,9,tma1_E1,0.0,0.7595679658576455,0.5833333333333334,1.0
3159,9,tma1_E1,0.0,0.43439189934985045,0.5578947368421052,0.7679602816614652
3160,9,tma1_E1,0.0,0.2474327593887623,0.5543478260869565,0.8819753200859258
3161,9,tma1_E1,0.0,0.5138093032220739,0.516100957354221,1.0
3162,9,tma1_E1,0.0,0.2543039914027361,0.5714285714285714,0.7008151133365805
3163,9,tma1_E1,0.0,0.5255466788007431,0.7021276595744681,1.0
3164,9,tma1_E1,0.0,0.5611327177884537,0.5245901639344263,0.7953015492301558
3165,9,tma1_B2,0.0,0.1330489135948475,0.4745762711864407,0.7960300329072321
3166,9,tma1_B2,0.0,0.5570241679522094,0.7692307692307693,1.0
3167,9,tma1_C2,0.0,0.6882095459020259,0.6764705882352942,1.0
3168,9,tma1_C2,0.0,0.8386273888717333,0.6296296296296297,1.0
3169,9,tma1_C2,0.0,0.7146691660834528,0.5625,0.9197012480667357
3170,9,tma1_C2,0.0,0.3723931871383225,0.8333333333333334,0.7229209027729924
3171,9,tma1_C2,0.0,0.343586884585412,0.8378378378378378,0.9334059596590306
3172,9,tma1_C2,0.0,0.4284331509049665,0.875,1.0
3173,9,tma1_C2,0.0,0.42650337652045645,0.4507042253521127,1.0
3174,9,tma1_C2,0.0,0.1606323398543762,0.5303030303030303,0.8306419258354204
3175,9,tma1_D2,0.0,0.6241433200350412,0.53125,0.7489017888412354
3176,9,tma1_D2,0.0,0.5663745323112139,0.5957446808510638,1.0
3177,9,tma1_D2,0.0,0.4328500493228675,0.525,1.0
3178,9,tma1_D2,0.0,0.6499542130287428,0.5,0.7309031308078916
3179,9,tma1_D2,0.0,0.4211251970292782,0.4423076923076923,0.7970944132903154
3180,9,tma1_D2,0.0,0.3603880273305825,0.4722222222222222,0.8141831465963963
3181,9,tma1_D2,0.0,0.38934734463017906,0.5675675675675675,1.0
3182,9,tma1_D2,0.0,0.5190583242628602,0.5833333333333334,0.8854750821779183
3183,9,tma1_C2,0.0,0.10991749163478914,0.405982905982906,0.7138668513460663
3184,9,tma1_D2,0.0,0.26002203974724525,0.36585365853658536,0.7268154463057643
3185,9,tma1_C2,0.0,0.508105414351242,0.425531914893617,0.8301602968219725
3186,9,tma1_C2,0.0,0.3070351117850222,0.9285714285714286,0.8274914754336448
3187,9,tma1_D2,0.0,0.36488624333693387,0.6785714285714286,0.9340893120195779
3188,9,tma1_D2,0.0,0.6345673073389916,0.6896551724137931,1.0
3189,9,tma1_D2,0.0,0.673898091792497,0.6842105263157895,1.0
3190,9,tma1_D2,0.0,0.6681863187409637,0.782608695652174,1.0
3191,9,tma1_C2,0.0,0.5337177061308025,0.8333333333333334,0.7894444073720087
3192,9,tma1_C2,0.0,0.06273475098581727,0.5957446808510638,0.9109271705008272
3193,9,tma1_C2,0.0,0.4372985873189281,0.6142857142857143,0.729654470767202
3194,9,tma1_C2,0.0,0.49854306530327874,0.4503311258278146,0.8649025097200133
3195,9,tma1_C2,0.0,0.34766902456398596,0.8260869565217391,1.0
3196,9,tma1_C2,0.0,0.3313525579743557,1.0,1.0
3197,9,tma1_C2,0.0,0.5860590841772153,0.6744186046511628,1.0
3198,9,tma1_C2,0.0,0.37804760355213063,0.6190476190476191,0.8590463767921797
3199,9,tma1_C2,0.0,0.6319520632738564,0.9230769230769231,0.9071301954026982
3200,9,tma1_C2,0.0,0.5902567547812542,0.85,1.0
3201,9,tma1_C2,0.0,0.13001499985772202,0.5625,0.7780441192502796
3202,9,tma1_C2,0.0,0.6682661875733881,0.8518518518518519,0.8403763532335394
3203,9,tma1_D2,0.0,0.482019511442519,0.5862068965517241,0.8196741878551714
3204,9,tma1_D2,0.0,0.6723810255456703,0.5967741935483871,0.842494624065376
3205,9,tma1_D2,0.0,0.4354188487288343,0.7692307692307693,0.7830620014017421
3206,9,tma1_D2,0.0,0.31102192217923263,0.84,1.0
3207,9,tma1_D2,0.0,0.3471277971476501,0.75,0.7394510425563853
3208,9,tma1_D2,0.0,0.5900710198931911,0.6666666666666666,1.0
3209,9,tma1_D2,0.0,0.6562120917090557,0.6578947368421053,1.0
3210,9,tma1_D2,0.0,0.26395580242420524,0.6,0.7146834453681693
3211,9,tma1_C2,0.0,0.5546402518388787,0.6875,0.8091722413082896
3212,9,tma1_C2,0.0,0.5194861011825985,0.875,1.0
3213,9,tma1_C2,0.0,0.16772208955334988,1.0,0.8086732986648542
3214,9,tma1_C2,0.0,0.22822408566384333,0.5957446808510638,0.7253744133023189
3215,9,tma1_B2,0.0,0.03265904703172484,0.4492753623188406,1.0
3216,9,tma1_B2,0.0,0.723442902155853,0.76,0.839303958250178
3217,9,tma1_E2,0.0,0.2906049505351631,0.7415730337078652,0.7130297394047826
3218,9,tma1_E2,0.0,0.6549534163745745,0.8,1.0
3219,9,tma1_E2,0.0,0.655121306224573,0.33406113537117904,0.8620734052474703
3220,9,tma1_E2,0.0,0.5289944968876821,0.65,1.0
3221,9,tma1_E2,0.0,0.8159021292194707,0.35714285714285715,1.0
3222,9,tma1_E2,0.0,0.7555657407973335,0.5,1.0
3223,9,tma1_E2,0.0,0.4936396447810836,0.33025830258302585,1.0
3224,9,tma1_E2,0.0,0.24936807290506746,0.29067930489731436,0.9173892771641886
3225,9,tma1_E2,0.0,0.87809795570267,0.453416149068323,1.0
3226,9,tma1_E2,0.0,0.749422364186486,0.8333333333333334,1.0
3227,9,tma1_E2,0.0,0.34235798629334013,0.6666666666666666,0.8964374869218781
3228,9,tma1_E2,0.0,0.01822927905018834,0.7586206896551724,0.830544858795858
3229,9,tma1_E2,0.0,0.15545497334160663,0.3493975903614458,0.7815957944993339
3230,9,tma1_E2,0.0,0.39096072897696943,0.696969696969697,1.0
3231,9,tma1_E2,0.0,0.7787193254825923,0.55,1.0
3232,9,tma1_E2,0.0,0.36327672772846875,0.3548387096774194,0.769178951785491
3233,9,tma1_E2,0.0,0.47113526484065127,0.8666666666666667,1.0
3234,9,tma1_E2,0.0,0.7380334279594616,0.8888888888888888,1.0
3235,9,tma1_E2,0.0,0.5987049298041925,0.7868852459016393,1.0
3236,9,tma1_E2,0.0,0.3876719003974983,0.41025641025641024,0.9435817323516285
3237,9,tma1_E2,0.0,0.5408920723640154,0.5882352941176471,1.0
3238,9,tma1_E2,0.0,0.4830900107280409,0.4122137404580153,0.7481280991049322
3239,9,tma1_E2,0.0,0.4537848327713113,0.5135135135135135,1.0
3240,9,tma1_E2,0.0,0.6730393833700462,0.43097014925373134,1.0
3241,9,tma1_E2,0.0,0.36791656941621464,0.7755102040816326,0.8790246954196218
3242,9,tma1_E2,0.0,0.05913271266491171,0.9791666666666666,0.6874669333345378
3243,9,tma1_E2,0.0,0.8015265930837633,0.5490196078431373,1.0
3244,9,tma1_E2,0.0,0.5624191708621635,0.6875,1.0
3245,9,tma1_E2,0.0,0.4724697831681033,0.6739130434782609,0.8520984345932962
3246,9,tma1_E2,0.0,0.4153923591486738,0.5333333333333333,1.0
3247,9,tma1_E2,0.0,0.20787798348953168,0.6451612903225806,0.7905303980983741
3248,9,tma1_E2,0.0,0.3570398988862359,0.7090909090909091,1.0
3249,9,tma1_E2,0.0,0.5518484799140302,0.6122448979591837,1.0
3250,9,tma1_E2,0.0,0.8946824667892277,0.7428571428571429,1.0
3251,9,tma1_E2,0.0,0.7581134728553525,0.6444444444444445,1.0
3252,9,tma1_E2,0.0,0.6086594062498085,0.34951456310679613,0.833367698102954
3253,9,tma1_E2,0.0,0.8916175781896787,0.8297872340425532,1.0
3254,9,tma1_E2,0.0,0.6983689266864912,0.7619047619047619,1.0
3255,9,tma1_E2,0.0,0.7894072396378449,0.3230769230769231,0.9302913919703838
3256,9,tma1_E2,0.0,0.7920654751444217,0.6129032258064516,1.0
3257,9,tma1_E2,0.0,0.48185866748162365,0.7647058823529411,0.7713203138261341
3258,9,tma1_E2,0.0,0.4162571066217565,0.6153846153846154,0.941664698662199
3259,9,tma1_E2,0.0,0.7434509312248426,0.7333333333333333,1.0
3260,9,tma1_E2,0.0,0.5826802336558168,0.45652173913043476,0.897668136157867
3261,9,tma1_E2,0.0,0.6414802658995165,0.7083333333333334,1.0
3262,9,tma1_E2,0.0,0.6636353937943311,0.7857142857142857,0.8569546098983016
3263,9,tma1_E2,0.0,0.6020542501043694,1.0,0.9430880189794859
3264,9,tma1_E2,0.0,0.3831406838143363,0.6923076923076923,1.0
3265,9,tma1_D2,0.0,0.3080336347652197,0.4897959183673469,0.7779027270074192
3266,9,tma1_D2,0.0,0.8106204860488149,0.6451612903225806,1.0
3267,9,tma1_D2,0.0,0.6639409198231746,0.5483870967741935,0.9348081617189794
3268,9,tma1_D2,0.0,0.6438193645080679,0.711864406779661,0.8176333300845796
3269,9,tma1_D2,0.0,0.5902681261620697,0.85,0.8342299109119115
3270,9,tma1_D2,0.0,0.5085490611493626,0.49333333333333335,0.9208592996585109
3271,9,tma1_D2,0.0,0.30580038433792056,0.3380281690140845,1.0
3272,9,tma1_D2,0.0,0.5356785100057999,0.575,0.827964025185907
3273,9,tma1_D2,0.0,0.25304585416616565,0.3950617283950617,0.7200175224402413
3274,9,tma1_D2,0.0,0.37796118876123974,0.8275862068965517,0.8411765499915681
3275,9,tma1_D2,0.0,0.3264828210302214,0.4090909090909091,1.0
3276,9,tma1_D2,0.0,0.45777380039421356,0.48148148148148145,0.7573136524036557
3277,9,tma1_D2,0.0,0.4021074651242288,0.660377358490566,0.8400975620343961
3278,9,tma1_D2,0.0,0.5614135982125905,0.5416666666666666,1.0
3279,9,tma1_D2,0.0,0.6145470540019999,0.6557377049180327,0.872509366110638
3280,9,tma1_D2,0.0,0.0764529542404001,0.4431818181818182,0.683592222102284
3281,9,tma1_D2,0.0,0.4267990305449878,0.5161290322580645,1.0
3282,9,tma1_E1,0.0,0.740419068690849,0.8666666666666667,1.0
3283,9,tma1_E1,0.0,0.684457814789277,1.0,1.0
3284,7,tma3_E1,0.0,0.5053658170871107,0.632,1.0
3285,7,tma3_D1,0.0,0.8160953188884277,0.96,1.0
3286,7,tma3_E1,0.0,0.18650275225615298,1.0,1.0
3287,7,tma3_E1,0.0,0.5479708828186184,0.9803921568627451,0.8938232870374421
3288,7,tma3_E1,0.0,0.1320720102328734,1.0,1.0
3289,7,tma3_E1,0.0,0.6835118766397743,0.9473684210526315,0.8864875916399821
3290,7,tma3_E1,0.0,0.5484310264400318,1.0,1.0
3291,7,tma3_D1,0.0,0.41779331715312285,1.0,0.7850559037597857
3292,7,tma3_C1,0.0,0.5121034227558168,1.0,0.9169949192601641
3293,7,tma3_C1,0.0,0.7811157426819821,1.0,1.0
3294,7,tma3_D1,0.0,0.6401111256574397,1.0,1.0
3295,7,tma3_D1,0.0,0.6334262771998664,0.92,1.0
3296,7,tma3_D1,0.0,0.7270642780876507,1.0,1.0
3297,7,tma3_D1,0.0,0.45922229532339387,1.0,0.8803228693840771
3298,7,tma3_D1,0.0,0.5549785935142293,0.95,0.8642570480620997
3299,7,tma3_E1,0.0,0.12966143990243462,0.8421052631578947,0.7056607534010563
3300,7,tma3_E1,0.0,0.3337463943399289,0.8333333333333334,0.8031268233443349
3301,7,tma3_E1,0.0,0.42936957246998697,0.95,1.0
3302,7,tma3_E1,0.0,0.2573816500303657,1.0,1.0
3303,7,tma3_E1,0.0,0.06380094808378811,0.9523809523809523,0.7908015798979059
3304,7,tma3_E1,0.0,0.4603596157264417,1.0,1.0
3305,7,tma3_E1,0.0,0.7038739495341708,0.9230769230769231,1.0
3306,7,tma3_E1,0.0,0.6396924598194739,1.0,1.0
3307,7,tma3_E1,0.0,0.5249291766713291,0.7,1.0
3308,7,tma3_D2,0.0,0.5821660590086907,0.7435897435897436,1.0
3309,7,tma3_C2,0.0,0.5020538247035999,1.0,0.9163587323842943
3310,7,tma3_C2,0.0,0.3740133481750627,1.0,0.722241980230656
3311,7,tma3_C2,0.0,0.2942227546734635,0.9375,1.0
3312,7,tma3_C2,0.0,0.6778791980747152,0.7,1.0
3313,7,tma3_C2,0.0,0.4227525433688054,0.9411764705882353,1.0
3314,7,tma3_C2,0.0,0.5386666880028488,1.0,0.817921631644459
3315,7,tma3_D2,0.0,0.6056490761633223,1.0,1.0
3316,7,tma3_D2,0.0,0.4576470467489986,1.0,0.7723882778464054
3317,7,tma3_D2,0.0,0.3450027632871667,0.6122448979591837,0.758391939772316
3318,7,tma3_E2,0.0,0.7675833181585207,0.9042553191489362,1.0
3319,7,tma3_E2,0.0,0.4169331122199307,0.9473684210526315,1.0
3320,7,tma3_D2,0.0,0.28393635762810054,0.7205882352941176,0.9170875251903038
3321,7,tma3_E2,0.0,0.0912454401862749,1.0,0.8773807491275825
3322,7,tma3_E2,0.0,0.5493313399244817,0.7477477477477478,1.0
3323,7,tma3_E2,0.0,0.43696230620814147,1.0,1.0
3324,7,tma3_E2,0.0,0.1785665288461471,0.9333333333333333,0.6885730983918577
3325,7,tma3_E2,0.0,0.501972677398614,1.0,0.8159299533910163
3326,7,tma3_E2,0.0,0.4733724253518099,1.0,1.0
3327,7,tma3_E2,0.0,0.2740967240678187,1.0,1.0
3328,7,tma3_E2,0.0,0.34221314074359466,0.96,1.0
3329,7,tma3_E1,0.0,0.4987216993308904,0.9411764705882353,0.9391911144570257
3330,7,tma3_E1,0.0,0.42565111264403355,1.0,1.0
3331,7,tma3_E1,0.0,0.3019979862043478,0.8080808080808081,0.7833871778485221
3332,7,tma3_E1,0.0,0.5325483864971332,0.868421052631579,1.0
3333,7,tma3_E1,0.0,0.31611301096943256,1.0,1.0
3334,7,tma3_E1,0.0,0.6108207322827397,0.7764705882352941,1.0
3335,7,tma3_E1,0.0,0.16512703352798153,0.551829268292683,1.0
3336,7,tma3_E1,0.0,0.21727519989526833,1.0,0.7946848964739726
3337,7,tma3_E1,0.0,0.6174601699794964,0.9523809523809523,1.0
3338,7,tma3_E1,0.0,0.42525361154968666,0.9090909090909091,1.0
3339,7,tma3_E1,0.0,0.6080174631935298,0.92,1.0
3340,7,tma3_E1,0.0,0.4886186011191891,0.9545454545454546,0.8775854086155288
3341,7,tma3_E1,0.0,0.5198449363038768,0.88,1.0
3342,7,tma3_D1,0.0,0.23727913452683191,1.0,1.0
3343,7,tma3_D1,0.0,0.3761725157237532,1.0,0.827752425301875
3344,7,tma3_F2,0.0,0.8152025989481252,0.7121212121212122,1.0
3345,7,tma3_F2,0.0,0.5002844707131314,0.9393939393939394,1.0
3346,7,tma3_F2,0.0,0.46940275732190384,0.7222222222222222,0.8222692837549596
3347,7,tma3_F2,0.0,0.4391605315518784,1.0,0.9062969336617295
3348,7,tma3_F2,0.0,0.496253497645174,0.7708333333333334,1.0
3349,7,tma3_F2,0.0,0.040343840505953965,1.0,1.0
3350,7,tma3_F2,0.0,0.34570090994692504,0.7108433734939759,1.0
3351,7,tma3_F2,0.0,0.6207944985369813,0.9310344827586207,0.9399262583211462
3352,7,tma3_F1,0.0,0.6151958053850088,0.868421052631579,1.0
3353,7,tma3_F1,0.0,0.6545278776494798,1.0,1.0
3354,7,tma3_F1,0.0,0.02013051109098629,1.0,0.8203325933829716
3355,7,tma3_F1,0.0,0.6367258948524974,1.0,1.0
3356,7,tma3_F1,0.0,0.3023370430155671,0.9090909090909091,0.708066903380005
3357,7,tma3_F1,0.0,0.466560464810423,1.0,0.8471988141903101
3358,7,tma3_F1,0.0,0.15239438300883978,1.0,0.7201329401212928
3359,7,tma3_F1,0.0,0.19796055325429585,1.0,0.7418341894015952
3360,7,tma3_F1,0.0,0.5851955834657984,1.0,1.0
3361,7,tma3_F1,0.0,0.24740982171093728,0.9642857142857143,1.0
3362,7,tma3_F1,0.0,0.25766906472364315,1.0,0.7828981560177477
3363,7,tma3_F1,0.0,0.2686999028878865,0.9354838709677419,1.0
3364,7,tma3_E1,0.0,0.36739395343240433,0.9411764705882353,0.7317387182199412
3365,7,tma3_E1,0.0,0.46354389923813577,0.8679245283018868,1.0
3366,7,tma3_F2,0.0,0.40529865985963964,0.9285714285714286,0.7537421607472873
3367,7,tma3_F2,0.0,0.5732524744980732,0.9523809523809523,0.8681440676962409
3368,7,tma3_F2,0.0,0.19559392409065113,1.0,1.0
3369,7,tma3_F2,0.0,0.37314221982250095,0.6829268292682927,1.0
3370,7,tma3_F2,0.0,0.5338470305419418,1.0,1.0
3371,7,tma3_F2,0.0,0.5418000671430694,0.8,1.0
3372,7,tma3_F2,0.0,0.7408506072136152,0.9375,1.0
3373,7,tma3_F2,0.0,0.11410792333482445,0.8148148148148148,0.8242419616411509
3374,7,tma3_F2,0.03269896389550542,0.13635537646282647,0.8181818181818182,0.7734807014749819
3375,7,tma3_F2,0.0,0.3816825710677201,1.0,1.0
3376,7,tma3_F2,0.0,0.4124559985951325,1.0,1.0
3377,7,tma3_F2,0.0,0.430188186155926,1.0,0.7319226877644
3378,7,tma3_F2,0.0,0.49815775813043384,0.875,0.9188107646447375
3379,7,tma3_F2,0.0,0.5898994023545053,0.8,1.0
3380,7,tma3_F2,0.0,0.4671180571419917,1.0,1.0
3381,7,tma3_F2,0.0,0.5650756608791118,0.9444444444444444,1.0
3382,7,tma3_F2,0.0,0.4815157096703434,1.0,0.9452212728763427
3383,7,tma3_F2,0.0,0.3288025193307821,0.7906976744186046,0.7453779021683731
3384,7,tma3_E3,0.0,0.4936163931422807,0.8596491228070176,0.9405886728138364
3385,7,tma3_D3,0.0,0.5534157841883643,0.7384615384615385,1.0
3386,7,tma3_E3,0.0,0.3411873920095996,1.0,0.8442483308165686
3387,7,tma3_F2,0.0,0.5791466048735672,0.7777777777777778,1.0
3388,7,tma3_F2,0.0,0.2621244549947319,0.90625,0.7603172168586992
3389,7,tma3_F2,0.0,0.17649089627807724,1.0,1.0
3390,7,tma3_E2,0.0,0.43693029464283895,1.0,1.0
3391,7,tma3_E2,0.0,0.009498659859229264,1.0,1.0
3392,7,tma3_E2,0.0,0.5552399395628085,0.9545454545454546,0.7088652607227841
3393,7,tma3_F2,0.0,0.54218334871852,0.9655172413793104,1.0
3394,7,tma3_F2,0.0,0.4240718079360505,0.8095238095238095,1.0
3395,7,tma3_E2,0.0,0.6278351619666644,0.96,1.0
3396,7,tma3_E2,0.0,0.41539261285319196,1.0,1.0
3397,7,tma3_E2,0.0,0.30056626667365993,1.0,0.7487452040501544
3398,7,tma3_F3,0.0,0.16304005719714088,1.0,0.841537752344152
3399,7,tma3_E3,0.0,0.5618663914346178,1.0,1.0
3400,7,tma3_E3,0.0,0.37433389244494775,1.0,0.766472363403048
3401,7,tma3_E3,0.0,0.15877203248326188,1.0,1.0
3402,7,tma3_F3,0.0,0.20295407291362688,1.0,1.0
3403,7,tma3_E3,0.0,0.4120467777117125,0.8333333333333334,1.0
3404,7,tma3_E3,0.0,0.5207396044217274,1.0,1.0
3405,7,tma3_E3,0.0,0.037235039594149644,1.0,0.8050749318158849
3406,7,tma3_D3,0.0,0.5585925571363417,0.6956521739130435,1.0
3407,7,tma3_D3,0.0,0.4838480282921197,0.94,0.8133125724017424
3408,7,tma3_D3,0.0,0.3597830691999584,0.8151260504201681,1.0
3409,7,tma3_D3,0.0,0.20495298876954282,0.9795918367346939,1.0
3410,7,tma3_D3,0.0,0.21052634626522104,0.875,1.0
3411,7,tma3_D3,0.0,0.3671084003674372,1.0,1.0
3412,7,tma3_D3,0.0,0.5311592117995438,0.9259259259259259,0.8165361333693009
3413,7,tma3_E3,0.0,0.6856507300433607,0.8222222222222222,1.0
3414,7,tma3_E3,0.0,0.4315533434474156,1.0,1.0
3415,7,tma3_E3,0.0,0.01047389198059856,0.9444444444444444,0.7932822188571569
3416,7,tma3_E3,0.0,0.16600300482054253,1.0,0.8103961760642134
3417,7,tma3_E3,0.0,0.35465215439265263,1.0,0.7777884583176501
3418,7,tma3_E3,0.0,0.5437524247382846,0.92,1.0
3419,7,tma3_E3,0.0,0.5447793041752405,0.8235294117647058,1.0
3420,7,tma3_F3,0.0,0.5444978362419683,0.8333333333333334,0.682037705696611
3421,7,tma3_F3,0.0,0.0848331410451677,0.8676470588235294,0.7523348128232861
3422,7,tma3_F3,0.0,0.682784390356038,0.78125,1.0
3423,7,tma3_F3,0.0,0.4344697562785933,1.0,1.0
3424,7,tma3_E3,0.0,0.6875718242462263,0.925,1.0
3425,7,tma3_E3,0.0,0.1844997534539753,1.0,0.9163594998472419
3426,7,tma3_F3,0.0,0.2601587332412516,0.9642857142857143,0.7304295075562937
3427,7,tma3_F3,0.0,0.3063994589328447,1.0,1.0
3428,7,tma3_F3,0.0,0.546015531476072,0.9696969696969697,1.0
3429,7,tma3_F3,0.0,0.23396930209659528,0.8285714285714286,0.7519743346321579
3430,7,tma3_F3,0.0,0.3164427804979335,0.9133858267716536,0.8002030535575964
3431,7,tma3_F3,0.0,0.5608029588321747,0.9642857142857143,1.0
3432,7,tma3_E3,0.0,0.46376650425887944,1.0,1.0
3433,7,tma3_E3,0.0,0.29740402516160247,1.0,1.0
3434,7,tma3_E3,0.0,0.5955901287212149,0.9090909090909091,1.0
3435,7,tma3_E3,0.0,0.1519193538863386,1.0,0.7349381221710825
3436,7,tma3_E3,0.0,0.06482974470104497,1.0,0.9384502321100239
3437,7,tma3_E3,0.0,0.6422330325321741,0.9772727272727273,1.0
3438,7,tma3_E3,0.0,0.5661032594527466,1.0,1.0
3439,7,tma3_E3,0.0,0.4869518363962223,0.967741935483871,0.7897600423314044
3440,7,tma3_C3,0.0,0.15017523268993016,1.0,1.0
3441,7,tma3_C3,0.0,0.5463694084601554,0.9130434782608695,0.8217299126651759
3442,7,tma3_C3,0.0,0.42501950694316937,1.0,1.0
3443,7,tma3_C3,0.0,0.20916652921919798,0.7592592592592593,1.0
3444,7,tma3_C3,0.0,0.33552434219149474,0.9436619718309859,0.7754605839754032
3445,7,tma3_C3,0.0,0.5235719526233787,0.828125,1.0
3446,7,tma3_C3,0.0,0.5060110508739141,1.0,1.0
3447,7,tma3_C3,0.0,0.21186989091543018,1.0,0.8588746743779964
3448,7,tma3_C3,0.0,0.10566361317006923,1.0,1.0
3449,7,tma3_C3,0.0,0.5261413457891018,0.725,0.7879973059593446
3450,7,tma3_C3,0.0,0.5181199541573263,0.6891891891891891,1.0
3451,7,tma3_C3,0.0,0.694084423352932,0.8571428571428571,1.0
3452,7,tma3_C3,0.0,0.049841019199369674,1.0,1.0
3453,7,tma3_C3,0.0,0.4485817427985873,1.0,0.946980909814346
3454,7,tma3_C3,0.0,0.2445140059568618,1.0,0.8073112366807311
3455,7,tma3_C3,0.0,0.16326074553017844,1.0,0.8608320098762271
3456,7,tma3_C3,0.0,0.3269671612058189,0.6818181818181818,0.7392443333963813
3457,7,tma3_C3,0.0,0.6251418048062924,0.9333333333333333,1.0
3458,7,tma3_C3,0.0,0.3479503934584588,0.9,1.0
3459,7,tma3_C3,0.0,0.5824477221779626,0.9473684210526315,1.0
3460,7,tma3_C3,0.0,0.2546564870614909,1.0,0.9423666412500413
3461,7,tma3_C3,0.0,0.05431839572292274,1.0,0.5850982514842469
3462,7,tma3_C3,0.0,0.29172119481238046,1.0,0.8553107413798495
3463,7,tma3_C3,0.0,0.5172280810881726,0.9736842105263158,1.0
3464,7,tma3_C3,0.0,0.3537744277649182,1.0,0.8340175402324145
3465,7,tma3_C3,0.0,0.08410901859637132,1.0,0.8672452935787895
3466,7,tma3_C3,0.0,0.5330303678631786,0.8913043478260869,0.9206387032263593
3467,7,tma3_C3,0.0,0.34554979656859175,0.9130434782608695,0.7413800294098817
3468,7,tma3_C3,0.0,0.03942692983798268,1.0,1.0
3469,7,tma3_C3,0.0,0.5993084195694538,0.8604651162790697,1.0
3470,7,tma3_E3,0.0,0.09350270142919304,1.0,1.0
3471,7,tma3_E3,0.0,0.4182139246127998,1.0,0.9281010456565864
3472,7,tma3_E3,0.0,0.11334362940742637,1.0,1.0
3473,7,tma3_E3,0.0,0.41170482324983304,0.7696335078534031,0.8331963505167603
3474,7,tma3_D3,0.0,0.673084477755149,0.8888888888888888,0.9228889290952069
3475,7,tma3_D3,0.0,0.6055936975820648,0.8709677419354839,1.0
3476,7,tma3_D3,0.0,0.4992114249034837,1.0,1.0
3477,7,tma3_D3,0.0,0.32806882227629763,0.875,0.6387832311227044
3478,7,tma3_D3,0.0,0.22031789307491367,1.0,1.0
3479,7,tma3_D3,0.0,0.35342055570022135,0.8913043478260869,1.0
3480,7,tma3_D3,0.0,0.236269794335079,0.7723577235772358,1.0
3481,7,tma3_D3,0.0,0.3967227264934823,0.55,1.0
3482,7,tma3_D3,0.0,0.15743537133048346,0.7384615384615385,0.8720388428165583
3483,7,tma3_E3,0.0,0.5752241967985673,1.0,1.0
3484,7,tma3_E3,0.0,0.34152379182274417,1.0,1.0
3485,7,tma3_C3,0.0,0.43606407316219253,1.0,0.6511060369387579
3486,7,tma3_C3,0.0,0.5471451398808149,0.9375,1.0
3487,7,tma3_C3,0.0,0.03146630838296072,1.0,0.7010515969072177
3488,7,tma3_D3,0.0,0.6512133965326373,0.9333333333333333,1.0
3489,7,tma3_D3,0.0,0.4570137607038389,0.96,1.0
3490,7,tma3_D3,0.0,0.23605634528665864,1.0,1.0
3491,7,tma3_E3,0.0,0.6821645931987526,0.868421052631579,1.0
3492,7,tma3_E3,0.0,0.24482297408048037,1.0,0.7353021213420786
3493,7,tma3_E3,0.0,0.7032435556429086,0.9333333333333333,1.0
3494,7,tma3_F3,0.0,0.5268782787064891,1.0,0.848213911463399
3495,7,tma3_E3,0.0,0.28069354034575655,0.9642857142857143,0.831149769682218
3496,7,tma3_E3,0.0,0.39922487583929156,1.0,0.9081712933758795
3497,7,tma3_E3,0.0,0.43661921842480733,1.0,1.0
3498,7,tma3_F3,0.0,0.04523838710839856,0.9487179487179487,1.0
3499,7,tma3_F3,0.0,0.4370908733811961,0.9859154929577465,1.0
3500,7,tma3_F3,0.0,0.5962189255863598,0.7733333333333333,1.0
3501,7,tma3_F3,0.0,0.48793269111180126,0.8734177215189873,1.0
3502,7,tma3_F3,0.0,0.6936618949741724,0.6379310344827587,1.0
3503,7,tma3_F3,0.0,0.433277906951127,0.8695652173913043,1.0
3504,7,tma3_F3,0.0,0.598360541904351,0.9333333333333333,1.0
3505,7,tma3_F3,0.0,0.30270991406086134,1.0,1.0
3506,7,tma3_F3,0.0,0.12732923604727842,1.0,0.6165151121553694
3507,7,tma3_D2,0.0,0.7554454448737038,0.9393939393939394,1.0
3508,7,tma3_D2,0.0,0.46746913174562765,0.9285714285714286,1.0
3509,7,tma3_D2,0.0,0.6785106513039098,0.9459459459459459,1.0
3510,7,tma3_D2,0.0,0.31910401758243057,0.8809523809523809,0.7629716304208883
3511,7,tma3_D2,0.0,0.44915051647968285,0.75,1.0
3512,7,tma3_D2,0.0,0.4906453330163655,0.8421052631578947,1.0
3513,7,tma3_D2,0.03575382215844514,0.2332232711769756,0.8947368421052632,0.7320694611701297
3514,7,tma3_D2,0.0,0.23710849858310978,0.9142857142857143,0.7811201279266937
3515,7,tma3_D2,0.0,0.0240295197095316,1.0,1.0
3516,7,tma3_D2,0.0,0.3729115058631355,0.8679245283018868,0.7601804732730977
3517,7,tma3_D2,0.0,0.700549409401158,0.9655172413793104,1.0
3518,7,tma3_D2,0.0,0.6000917413940261,0.7830188679245284,1.0
3519,7,tma3_D2,0.0,0.3852688209223666,1.0,1.0
3520,7,tma3_D2,0.0,0.04033038650667864,1.0,0.8159495620878523
3521,7,tma3_D2,0.0,0.2110316477492865,0.8620689655172413,1.0
3522,7,tma3_D2,0.0,0.24059751376277583,0.88,1.0
3523,7,tma3_D2,0.0,0.5040699315405949,1.0,1.0
3524,7,tma3_D2,0.0,0.5383046331359072,0.8636363636363636,1.0
3525,7,tma3_D2,0.0,0.3793471015273814,0.8666666666666667,1.0
3526,7,tma3_D2,0.0,0.49782832511663067,0.7777777777777778,1.0
3527,7,tma3_D2,0.0,0.5911506809285952,1.0,1.0
3528,7,tma3_D2,0.0,0.46643578031081867,0.8333333333333334,0.9260555675129715
3529,7,tma3_D2,0.0,0.4964077183929324,1.0,1.0
3530,7,tma3_D2,0.0,0.623813264659811,0.96,1.0
3531,7,tma3_D2,0.0,0.20665233071224498,0.9393939393939394,0.7045450529609569
3532,7,tma3_D2,0.0,0.5676107572928997,0.7619047619047619,1.0
3533,7,tma3_D2,0.0,0.7055808513467599,0.9545454545454546,0.8851791573301764
3534,7,tma3_D2,0.0,0.560882965233431,0.6091954022988506,1.0
3535,7,tma3_D2,0.0,0.4878523584121174,0.9,0.8140460278896832
3536,7,tma3_D2,0.0,0.23468499547329735,1.0,1.0
3537,7,tma3_D2,0.0,0.22583839200334155,1.0,0.9398579159138958
3538,7,tma3_D2,0.0,0.2197035693664836,1.0,0.9332772977922611
3539,7,tma3_D2,0.0,0.6387271809997415,0.8113207547169812,1.0
3540,7,tma3_D2,0.0,0.2866774443242116,1.0,1.0
3541,7,tma3_D2,0.0,0.22757392937278387,0.9605263157894737,0.8980661738846565
3542,7,tma3_D2,0.0,0.4866437959731589,1.0,1.0
3543,7,tma3_D2,0.0,0.48709589688089394,0.6229508196721312,0.8509920524107472
3544,7,tma3_D2,0.0,0.5618207812086041,0.6875,0.9294906873751296
3545,7,tma3_D2,0.0,0.4478375977349518,0.782608695652174,0.942271116133201
3546,7,tma3_D2,0.0,0.3047856956027164,1.0,0.9258496700570817
3547,7,tma3_D2,0.0,0.3279454473746477,0.7,1.0
3548,7,tma3_D2,0.0,0.42998730641367267,1.0,1.0
3549,7,tma3_D1,0.0,0.4456864995725991,1.0,0.9150532064884372
3550,7,tma3_C1,0.0,0.5850865215642747,1.0,0.8863834591620625
3551,7,tma3_C1,0.0,0.42790170894653345,1.0,1.0
3552,7,tma3_C1,0.0,0.16173852085172125,1.0,0.9040537431539624
3553,7,tma3_C1,0.0,0.43999959661014965,0.5945945945945946,1.0
3554,7,tma3_C1,0.0,0.47867552258435864,0.6761904761904762,0.8214313154883889
3555,7,tma3_C1,0.0,0.2938521763748536,1.0,0.8245730500980454
3556,7,tma3_C1,0.0,0.514138423982496,0.9051724137931034,1.0
3557,7,tma3_C1,0.0,0.6231501511655435,0.9230769230769231,1.0
3558,7,tma3_C1,0.0,0.45394538346273894,1.0,1.0
3559,7,tma3_C1,0.0,0.5543981901854675,1.0,1.0
3560,7,tma3_C1,0.0,0.6815156880444948,1.0,1.0
3561,7,tma3_C1,0.0,0.25253034784123485,0.6888888888888889,1.0
3562,7,tma3_C1,0.0,0.718709852286428,0.9565217391304348,1.0
3563,7,tma3_C1,0.0,0.2953016034764572,1.0,0.8829335623973656
3564,7,tma3_C1,0.0,0.6321342636083921,1.0,1.0
3565,7,tma3_D1,0.0,0.4654053944009352,0.8571428571428571,0.884417151116381
3566,7,tma3_D2,0.0,0.5366651624398309,0.6428571428571429,1.0
3567,7,tma3_D2,0.0,0.3832697986872553,0.8235294117647058,0.8204530588608471
3568,7,tma3_D2,0.0,0.47257958029975655,1.0,1.0
3569,7,tma3_A3,0.0,0.38348545732249173,1.0,0.875118249860587
3570,7,tma3_A3,0.0,0.735581509908479,0.8269230769230769,1.0
3571,7,tma3_A3,0.0,0.20454733040740614,0.8260869565217391,0.7298648737889518
3572,7,tma3_A3,0.0,0.7126463775523726,0.6610169491525424,1.0
3573,7,tma3_A3,0.0,0.7068667627337542,0.9090909090909091,1.0
3574,7,tma3_A3,0.0,0.4865663889524152,0.808695652173913,0.9319694099843082
3575,7,tma3_A3,0.0,0.5760954316097917,1.0,1.0
3576,7,tma3_A3,0.0,0.3768071969188761,1.0,0.9102072294653195
3577,7,tma3_A3,0.0,0.7229062192089982,0.7727272727272727,1.0
3578,7,tma3_A3,0.0,0.6159109728836221,0.90625,1.0
3579,7,tma3_A3,0.0,0.5017235325079383,1.0,1.0
3580,7,tma3_A3,0.0,0.5064600745881371,1.0,0.7874649780821333
3581,7,tma3_A3,0.0,0.47347567856601347,1.0,0.8558644662212583
3582,7,tma3_A3,0.0,0.15996606268651137,0.7096774193548387,0.7094418209471937
3583,7,tma3_A3,0.0,0.4668574581782371,0.96875,1.0
3584,7,tma3_A3,0.0,0.6920131764003539,1.0,0.9030520844416176
3585,7,tma3_A3,0.0,0.3296528433768636,1.0,1.0
3586,7,tma3_A3,0.0,0.05994549087175094,1.0,1.0
3587,7,tma3_A3,0.0,0.7568814015813197,0.967741935483871,1.0
3588,7,tma3_A3,0.0,0.6656399667004116,1.0,1.0
3589,7,tma3_A3,0.0,0.7712085229689959,0.8709677419354839,1.0
3590,7,tma3_A3,0.0,0.4065438563155215,1.0,1.0
3591,7,tma3_A3,0.0,0.6138719900900409,0.9411764705882353,1.0
3592,7,tma3_A3,0.0,0.7409488705585092,0.9655172413793104,0.895888362676829
3593,7,tma3_A3,0.0,0.6072357719406822,0.8,1.0
3594,7,tma3_A3,0.0,0.36432687392452356,1.0,1.0
3595,7,tma3_A3,0.0,0.33912131911362287,1.0,1.0
3596,7,tma3_A3,0.0,0.17501569279842022,0.9,0.8784571653555888
3597,7,tma3_A3,0.0,0.6217436268053119,0.9285714285714286,1.0
3598,7,tma3_A3,0.0,0.00954522356873766,1.0,0.9293868550249992
3599,7,tma3_A3,0.0,0.39651354674677575,1.0,1.0
3600,7,tma3_A3,0.0,0.6450190304301932,0.918918918918919,1.0
3601,7,tma3_A3,0.0,0.46642337249790145,1.0,1.0
3602,7,tma3_A3,0.0,0.5842475846628425,0.8095238095238095,1.0
3603,7,tma3_A3,0.0,0.07650915291917293,1.0,1.0
3604,7,tma3_C2,0.0,0.47887838713160746,1.0,1.0
3605,7,tma3_C2,0.0,0.5876681471462754,0.875,1.0
3606,7,tma3_A3,0.0,0.11561249352118497,0.8405797101449275,0.7494825617419
3607,7,tma3_A3,0.0,0.34069661596203726,0.8135593220338984,0.8411133362086224
3608,7,tma3_C2,0.0,0.691366479787225,0.9032258064516129,1.0
3609,7,tma3_C2,0.0,0.5413552723742394,0.7575757575757576,0.8483454847748405
3610,7,tma3_C2,0.0,0.07326087599721898,1.0,0.791410533390675
3611,7,tma3_C2,0.0,0.5071974734216129,0.7948717948717948,0.8470441413505292
3612,7,tma3_C2,0.0,0.5063576381763192,1.0,1.0
3613,7,tma3_C2,0.0,0.49473830065043445,0.825,0.7787528557770494
3614,7,tma3_C2,0.0,0.48835096580387194,0.7027027027027027,1.0
3615,7,tma3_C2,0.0,0.021691309933311365,1.0,0.9003953553057613
3616,7,tma3_C2,0.0,0.023829576194174917,1.0,0.8231849729848935
3617,7,tma3_C2,0.0,0.4512457360939236,0.9333333333333333,1.0
3618,7,tma3_F3,0.0,0.47667464730422227,0.8125,0.7647338249495645
3619,7,tma3_F3,0.0,0.4923420376557853,1.0,1.0
3620,7,tma3_C2,0.0,0.7474316858552184,0.9,1.0
3621,7,tma3_C2,0.0,0.3032008410121445,1.0,0.878484471301339
3622,7,tma3_C2,0.0,0.5583042398841543,1.0,1.0
3623,7,tma3_C2,0.0,0.3946855139008415,0.9,1.0
3624,7,tma3_E2,0.0,0.1390952048359172,1.0,1.0
3625,7,tma3_D2,0.0,0.06706259656327596,0.9629629629629629,0.7458986345906679
3626,7,tma3_E1,0.0,0.026082943968161243,1.0,0.7068028132236455
3627,7,tma3_C2,0.0,0.4163858696850916,1.0,1.0
3628,7,tma3_C2,0.0,0.5521802312401349,1.0,1.0
3629,7,tma3_D2,0.0,0.3514062154876717,1.0,0.7761140252543961
3630,7,tma3_D2,0.0,0.2803182776681127,0.9393939393939394,0.9000544829791861
3631,7,tma3_D2,0.0,0.048672469874494695,1.0,0.7514618682804789
3632,7,tma3_D3,0.0,0.7523370525710251,0.9375,1.0
3633,7,tma2_D1,0.0,0.7185032883918592,0.6666666666666666,1.0
3634,7,tma2_D1,0.0,0.3062898765138481,1.0,0.9205300826287546
3635,7,tma2_E1,0.0,0.4039115867229318,1.0,1.0
3636,7,tma2_E1,0.0,0.32272195565311235,0.9672131147540983,1.0
3637,7,tma2_D1,0.0,0.5807481805095578,0.9615384615384616,1.0
3638,7,tma2_D1,0.0,0.35135092634098997,0.717948717948718,0.851793258831711
3639,7,tma2_D1,0.0,0.5806983107200359,0.6666666666666666,1.0
3640,7,tma2_D1,0.0,0.5135715745927998,0.8888888888888888,0.9284301527668051
3641,7,tma2_D1,0.0,0.2344617105795428,1.0,0.8362590697594441
3642,7,tma2_D1,0.0,0.2793526025789762,0.9090909090909091,0.7169047465038814
3643,7,tma2_D1,0.0,0.552697845211048,0.8846153846153846,1.0
3644,7,tma2_D1,0.0,0.6122646468881656,0.9642857142857143,1.0
3645,7,tma2_D1,0.0,0.522797511224828,0.8035714285714286,1.0
3646,7,tma2_D1,0.0,0.599161988094431,0.8771929824561403,1.0
3647,7,tma2_D1,0.0,0.5211293173876304,1.0,1.0
3648,7,tma2_D1,0.0,0.410617063665618,0.8333333333333334,0.882953890940237
3649,7,tma2_E1,0.0,0.7228617768086268,0.7388059701492538,1.0
3650,7,tma2_E1,0.0,0.7721746933062634,0.7704918032786885,1.0
3651,7,tma2_E1,0.0,0.48920335252764335,1.0,1.0
3652,7,tma2_E1,0.0,0.26714408371498655,1.0,1.0
3653,7,tma2_E1,0.0,0.4529799893847577,1.0,0.8631037024072413
3654,7,tma2_E1,0.0,0.3242236706693774,1.0,1.0
3655,7,tma2_F1,0.0,0.5097139230535357,1.0,0.9198696481763724
3656,7,tma2_F1,0.0,0.4558073713204135,0.92,1.0
3657,7,tma2_E1,0.0,0.30695398623365544,0.9310344827586207,0.8368457684458621
3658,7,tma2_E1,0.0,0.23410522399795886,1.0,1.0
3659,7,tma2_E1,0.0,0.389471051038629,0.8695652173913043,1.0
3660,7,tma2_E1,0.0,0.535524566577616,0.8275862068965517,1.0
3661,7,tma2_E1,0.0,0.5210385664208617,1.0,0.8039727998804332
3662,7,tma2_E1,0.0,0.6485271825724612,0.7922077922077922,1.0
3663,7,tma2_E1,0.0,0.6618088321812972,0.9615384615384616,1.0
3664,7,tma2_E1,0.0,0.6608586343370355,0.8840579710144928,1.0
3665,7,tma2_E1,0.0,0.7027191810820621,0.8333333333333334,1.0
3666,7,tma2_E1,0.0,0.5653664174630282,0.7083333333333334,1.0
3667,7,tma2_D1,0.0,0.7351342374603417,0.7647058823529411,0.890130130848532
3668,7,tma2_D1,0.0,0.7021446021253044,1.0,0.8935151777493229
3669,7,tma2_D1,0.0,0.4102983356552182,0.9230769230769231,1.0
3670,7,tma2_E1,0.0,0.18854978938193057,1.0,0.7621983358703451
3671,7,tma2_D1,0.0,0.556668677526451,0.7931034482758621,1.0
3672,7,tma2_D1,0.0,0.6431418976470766,0.875,0.8404274715274315
3673,7,tma2_D1,0.0,0.43073517492095414,0.8780487804878049,1.0
3674,7,tma2_E1,0.0,0.6064126017153877,0.8780487804878049,1.0
3675,7,tma2_D1,0.0,0.49911012402075505,0.7631578947368421,0.8338339481358308
3676,7,tma2_D1,0.0,0.5495333234746884,0.8787878787878788,0.9090061241389478
3677,7,tma2_D1,0.0,0.6145413844356968,0.7931034482758621,1.0
3678,7,tma2_E1,0.0,0.41354598542460375,1.0,1.0
3679,7,tma2_B2,0.0,0.6258840981420478,0.9411764705882353,0.9422691078650395
3680,7,tma2_B2,0.0,0.4889559695586143,0.8571428571428571,0.9236340778806883
3681,7,tma2_B2,0.0,0.42007297545178846,1.0,1.0
3682,7,tma2_B2,0.0,0.048827811998662374,1.0,0.6821919486435474
3683,7,tma2_B2,0.0,0.5956050398254287,0.7272727272727273,1.0
3684,7,tma2_B2,0.0,0.6165760848786939,0.6176470588235294,0.893463637852002
3685,7,tma2_B2,0.0,0.59811385180629,1.0,1.0
3686,7,tma2_B2,0.0,0.5834027617787554,1.0,1.0
3687,7,tma2_B2,0.0,0.3715609219099343,0.6885245901639344,0.8167725996467339
3688,7,tma2_B2,0.0,0.5874974716292958,0.8695652173913043,1.0
3689,7,tma2_B2,0.0,0.6772247856602696,0.8148148148148148,1.0
3690,7,tma2_B2,0.0,0.5563813913147819,1.0,1.0
3691,7,tma2_B2,0.0,0.4016473085282358,0.9230769230769231,1.0
3692,7,tma2_B2,0.0,0.2683168066552367,1.0,1.0
3693,7,tma2_B2,0.0,0.5784217373555773,1.0,1.0
3694,7,tma2_B2,0.0,0.6589720692062527,0.62,0.9331389747466016
3695,7,tma2_B2,0.0,0.5284896877607633,1.0,1.0
3696,7,tma2_B2,0.0,0.688892128447237,0.9166666666666666,1.0
3697,7,tma2_B2,0.0,0.12072379540643385,1.0,0.8710410594853513
3698,7,tma2_B2,0.0,0.5206455528322886,0.8064516129032258,1.0
3699,7,tma2_B2,0.0,0.4075788485386195,1.0,0.7773029302192389
3700,7,tma2_B2,0.0,0.4883783661856581,0.7272727272727273,1.0
3701,7,tma2_B2,0.0,0.005823073990529837,0.7941176470588235,1.0
3702,7,tma2_B2,0.0,0.406162731332684,0.746268656716418,1.0
3703,7,tma2_B3,0.0,0.3300244463257509,1.0,0.7272950561362844
3704,7,tma2_B3,0.0,0.42346137934380357,1.0,1.0
3705,7,tma2_B3,0.0,0.6260997583989565,0.8,0.7534455824361783
3706,7,tma2_B3,0.0,0.3841742907267053,1.0,0.7924868705783258
3707,7,tma2_B3,0.0,0.43813528415674696,0.8333333333333334,1.0
3708,7,tma2_B3,0.0,0.10296131191248714,0.9375,1.0
3709,7,tma2_B3,0.0,0.6073378733451849,1.0,1.0
3710,7,tma2_B3,0.0,0.569504587469852,0.9545454545454546,0.8218111393067125
3711,7,tma2_B3,0.0,0.20526716556043034,1.0,1.0
3712,7,tma2_B3,0.0,0.5932683921536415,0.9767441860465116,0.7431453915311319
3713,7,tma2_B3,0.0,0.6090372047270051,1.0,1.0
3714,7,tma2_B3,0.0,0.5566198682166058,0.9166666666666666,0.8841783443184764
3715,7,tma2_B3,0.0,0.37227504944231604,0.8695652173913043,0.7818654140389028
3716,7,tma2_B3,0.0,0.25508853848891866,1.0,0.8564845629943454
3717,7,tma2_B3,0.0,0.6992698436800702,0.8108108108108109,1.0
3718,7,tma2_B3,0.0,0.6767038978427389,0.8333333333333334,0.8966270956049389
3719,7,tma2_B3,0.0,0.4061724639033045,1.0,0.8172663785507128
3720,7,tma2_B3,0.0,0.511204532996162,0.875,1.0
3721,7,tma2_B3,0.0,0.4414471941440973,1.0,1.0
3722,7,tma2_A3,0.0,0.01806544531867804,0.9583333333333334,0.7456388038713505
3723,7,tma2_D3,0.0,0.609600999400864,1.0,1.0
3724,7,tma2_D3,0.0,0.4407689617569257,1.0,0.8468722482229457
3725,7,tma2_A3,0.0,0.6082671049374033,0.8,1.0
3726,7,tma2_A3,0.0,0.4718484354741861,1.0,0.7546571775638513
3727,7,tma2_A3,0.0,0.30562104200645557,1.0,0.9426886049961718
3728,7,tma2_A3,0.0,0.08330709045776286,1.0,0.716678566347146
3729,7,tma2_A3,0.0,0.5978594850460535,0.88,1.0
3730,7,tma2_A3,0.0,0.23119444655449328,0.9473684210526315,1.0
3731,7,tma2_A3,0.0,0.5544299521864957,0.84,0.8593141869433664
3732,7,tma2_A3,0.0,0.30340724929002527,1.0,1.0
3733,7,tma2_A3,0.0,0.5149877521986698,1.0,0.8407390932299252
3734,7,tma2_A3,0.0,0.27771275154550956,1.0,1.0
3735,7,tma2_B3,0.0,0.39810953897581736,0.975609756097561,1.0
3736,7,tma2_B3,0.0,0.5325198475702677,0.9736842105263158,1.0
3737,7,tma2_A3,0.0,0.5892773437092544,0.9375,1.0
3738,7,tma2_A3,0.0,0.12710194410754516,0.8823529411764706,0.6959018904851694
3739,7,tma2_A3,0.0,0.3907471779510563,0.9,0.8490088841437564
3740,7,tma2_A3,0.0,0.46715829357128913,1.0,0.9348548182142183
3741,7,tma2_A3,0.0,0.33343609728401047,1.0,0.7202483205501625
3742,7,tma2_A3,0.0,0.7739659445745606,0.9333333333333333,1.0
3743,7,tma2_A3,0.0,0.30817649418528037,1.0,0.6950198858565748
3744,7,tma2_A3,0.0,0.26010060549810565,0.8095238095238095,0.768270127504293
3745,7,tma2_A3,0.0,0.327557763914636,1.0,1.0
3746,7,tma2_A3,0.0,0.46385593965947025,1.0,1.0
3747,7,tma2_A3,0.0,0.5545037194561897,0.8571428571428571,0.803059972188901
3748,7,tma2_A3,0.0,0.473481776396512,1.0,0.753188323889147
3749,7,tma2_A3,0.0,0.38625131436821747,1.0,1.0
3750,7,tma2_B2,0.0,0.4676685204527572,0.7647058823529411,1.0
3751,7,tma2_B2,0.0,0.315308673521983,1.0,0.7972335006955508
3752,7,tma2_B2,0.0,0.32999308310647013,0.9565217391304348,1.0
3753,7,tma2_B2,0.0,0.7503812085519679,0.9333333333333333,0.9129462683545615
3754,7,tma2_B2,0.0,0.5689730532881698,0.8620689655172413,1.0
3755,7,tma2_A3,0.0,0.435234162890757,0.8235294117647058,1.0
3756,7,tma2_A3,0.0,0.06342341033277532,1.0,0.8155383206548352
3757,7,tma2_A3,0.0,0.13806239123483277,1.0,0.9074795730579519
3758,7,tma2_A3,0.0,0.5458471586821184,0.7317073170731707,0.9059724063389407
3759,7,tma2_A3,0.0,0.5360058481707539,0.9375,0.7964908620036788
3760,7,tma2_A3,0.0,0.008086502523748873,1.0,0.7718321568563519
3761,7,tma2_A3,0.0,0.13755904820756681,1.0,0.7142994396657182
3762,7,tma2_A3,0.0,0.26762724085540757,0.8441558441558441,0.9407932479954312
3763,7,tma2_A3,0.0,0.25920751667570185,0.7564102564102564,0.7150155405856073
3764,7,tma2_A3,0.0,0.5497721663033157,1.0,0.797663682355847
3765,7,tma2_A3,0.0,0.48330304387371814,0.8571428571428571,1.0
3766,7,tma2_A3,0.0,0.622138959253703,0.9583333333333334,0.8498652244016939
3767,7,tma2_A3,0.0,0.6391244726667398,0.8928571428571429,1.0
3768,7,tma2_D3,0.0,0.6242765902611187,0.975,0.8336517959262225
3769,7,tma2_D3,0.0,0.8056153386401074,0.8947368421052632,1.0
3770,7,tma2_B3,0.0,0.5641013700349556,0.7894736842105263,0.8572070673597978
3771,7,tma2_B3,0.0,0.339273982332441,0.95,1.0
3772,7,tma2_B3,0.0,0.2767856373383497,1.0,1.0
3773,7,tma2_B3,0.0,0.21816571853434974,1.0,1.0
3774,7,tma2_B3,0.0,0.5778793729513065,1.0,1.0
3775,7,tma2_B3,0.0,0.5482876934957355,1.0,1.0
3776,7,tma2_B3,0.0,0.434098113162796,0.8518518518518519,0.8024703474053847
3777,7,tma2_B3,0.0,0.5260239809981945,1.0,1.0
3778,7,tma2_F1,0.0,0.5575324830690276,0.8666666666666667,1.0
3779,7,tma2_F1,0.0,0.21336997416928905,0.9574468085106383,0.8556364550829155
3780,7,tma2_F1,0.0,0.5734113576506041,0.8690476190476191,1.0
3781,7,tma2_F1,0.0,0.4495261230019496,0.970873786407767,1.0
3782,7,tma2_F1,0.0,0.351708459320787,1.0,0.9151756052718724
3783,7,tma2_F1,0.0,0.10669069455442581,1.0,0.7361399089868039
3784,7,tma2_F1,0.0,0.530893219341208,0.8160919540229885,1.0
3785,7,tma2_F1,0.0,0.28126671752396415,1.0,0.8328240198537359
3786,7,tma2_F1,0.0,0.3067018640408746,1.0,1.0
3787,7,tma2_F1,0.0,0.3143780276704038,1.0,1.0
3788,7,tma2_F1,0.0,0.21160999155764382,0.95,1.0
3789,7,tma2_F1,0.0,0.3602052803278708,0.9230769230769231,0.8203230000038729
3790,7,tma2_F1,0.0,0.510322156294867,1.0,0.7938945717327495
3791,7,tma2_F1,0.0,0.16192757374480138,0.8367346938775511,0.7734114852570232
3792,7,tma2_F1,0.0,0.16957099718043944,1.0,0.8370825015043456
3793,7,tma2_F1,0.0,0.559633325280745,1.0,1.0
3794,7,tma2_F1,0.0,0.5503033174776863,0.852760736196319,1.0
3795,7,tma2_F1,0.0,0.6035867601855162,0.9647058823529412,1.0
3796,7,tma2_F1,0.0,0.4327834679035546,0.9333333333333333,1.0
3797,7,tma2_F1,0.0,0.38201421179642936,1.0,1.0
3798,7,tma2_E2,0.0,0.5424506894160354,0.6818181818181818,1.0
3799,7,tma2_E2,0.0,0.5578300605992065,0.9696969696969697,1.0
3800,7,tma2_E2,0.0,0.19687672363033837,1.0,0.9197661526762616
3801,7,tma2_E3,0.0,0.364993769574221,1.0,1.0
3802,7,tma2_E3,0.0,0.6840615513490553,1.0,1.0
3803,7,tma2_E3,0.0,0.50407531956202,1.0,1.0
3804,7,tma2_E2,0.0,0.3909239505148384,1.0,1.0
3805,7,tma2_D3,0.0,0.08242053778599479,1.0,1.0
3806,7,tma2_D3,0.0,0.424923503929281,1.0,0.7804992928398241
3807,7,tma2_D3,0.0,0.2504453405309801,1.0,1.0
3808,7,tma2_D3,0.0,0.4557844291521441,1.0,0.7845768422595458
3809,7,tma2_D3,0.0,0.31387220825355466,1.0,0.8108681049403248
3810,7,tma2_D3,0.0,0.5115675178017427,1.0,1.0
3811,7,tma2_D3,0.0,0.23343157899944977,1.0,1.0
3812,7,tma2_D3,0.0,0.05255247899347826,1.0,0.6838627911835045
3813,7,tma2_D3,0.0,0.5180252029235248,1.0,1.0
3814,7,tma2_D3,0.0,0.09152820147872776,1.0,1.0
3815,7,tma2_D3,0.0,0.46315816348071215,1.0,1.0
3816,7,tma2_D3,0.0,0.11226645195214835,1.0,0.7103338596365348
3817,7,tma2_D3,0.009645344910975795,0.003024333079300723,0.8275862068965517,0.5812662367862252
3818,7,tma2_E3,0.0,0.6106183662766353,1.0,0.9339883531306593
3819,7,tma2_E3,0.0,0.5738119627261682,0.8169014084507042,1.0
3820,7,tma2_D3,0.0,0.5081742699387997,0.8666666666666667,1.0
3821,7,tma2_D3,0.0,0.4029050491866095,1.0,1.0
3822,7,tma2_D3,0.0,0.37732014666564784,0.8939393939393939,1.0
3823,7,tma2_D3,0.0,0.29824315615899866,0.8166666666666667,0.7982610758398021
3824,7,tma2_D3,0.0,0.526749289299079,1.0,1.0
3825,7,tma2_D3,0.0,0.4692381461090275,1.0,1.0
3826,7,tma2_D3,0.0,0.6605257606229011,1.0,0.8537874397535004
3827,7,tma2_D3,0.0,0.578168087191591,0.9411764705882353,0.9170857440448952
3828,7,tma2_D3,0.0,0.5161592643848911,1.0,1.0
3829,7,tma2_D3,0.0,0.5349219066304731,0.7368421052631579,1.0
3830,7,tma2_D3,0.0,0.46245280448626214,1.0,1.0
3831,7,tma2_E3,0.0,0.5105434012508725,0.8333333333333334,1.0
3832,7,tma2_E3,0.0,0.4798577034980369,0.9736842105263158,1.0
3833,7,tma2_E3,0.0,0.6210285549050432,0.8529411764705882,1.0
3834,7,tma2_E3,0.0,0.4987100016364586,1.0,1.0
3835,7,tma2_E3,0.0,0.553609767412337,1.0,1.0
3836,7,tma2_E3,0.0,0.5108006478915764,0.9583333333333334,1.0
3837,7,tma2_E3,0.0,0.0838143543033284,0.711340206185567,0.6947614066900164
3838,7,tma2_E3,0.0,0.4782421976797778,1.0,0.7738918036879142
3839,7,tma2_E3,0.0,0.1039848015761482,1.0,1.0
3840,7,tma2_D3,0.0,0.5991096332216743,0.896551724137931,0.9224081494499127
3841,7,tma2_D3,0.0,0.5103560994507119,0.9166666666666666,1.0
3842,7,tma2_D3,0.0,0.136479869798946,1.0,1.0
3843,7,tma2_E3,0.0,0.23461242961533813,0.7631578947368421,0.7773301213853361
3844,7,tma2_E2,0.0,0.16127473491131006,0.8076923076923077,1.0
3845,7,tma2_E2,0.0,0.4555544472406766,0.9777777777777777,0.7486465652380054
3846,7,tma2_E2,0.0,0.6193069858462732,0.8888888888888888,0.9135126368450032
3847,7,tma2_E2,0.0,0.45370678468443826,0.8888888888888888,0.9300681737866744
3848,7,tma2_E2,0.0,0.387635868248687,1.0,0.6874190646166625
3849,7,tma2_E2,0.0,0.4631353894271223,0.92,1.0
3850,7,tma2_E2,0.0,0.6407486809087866,0.96,0.8614714619462488
3851,7,tma2_E2,0.0,0.6564925736775502,0.8571428571428571,1.0
3852,7,tma2_E2,0.0,0.3541010517596579,1.0,1.0
3853,7,tma2_E2,0.0,0.36985838357217504,0.9333333333333333,0.7398565812540687
3854,7,tma2_E2,0.0,0.5057729299467361,0.8421052631578947,1.0
3855,7,tma2_E1,0.0,0.25511156959180004,1.0,0.7083466969092106
3856,7,tma2_E1,0.0,0.14752179036205737,1.0,1.0
3857,7,tma2_E1,0.0,0.562224631697657,0.9761904761904762,1.0
3858,7,tma2_E1,0.0,0.7277656440069709,0.7345679012345679,1.0
3859,7,tma2_E2,0.0,0.4057174554301841,1.0,1.0
3860,7,tma2_E2,0.0,0.5982332952865037,0.8333333333333334,1.0
3861,7,tma2_E2,0.0,0.3543034730844574,1.0,1.0
3862,7,tma2_E2,0.0,0.13799368299644477,1.0,0.8369049653753114
3863,7,tma2_E1,0.0,0.5069827797688004,0.8823529411764706,1.0
3864,7,tma2_E1,0.0,0.765301852978837,0.8417721518987342,1.0
3865,7,tma2_E2,0.0,0.1644215010948733,1.0,0.7793964226646082
3866,7,tma2_E2,0.0,0.32043745040064486,1.0,1.0
3867,7,tma2_E1,0.0,0.7432286894505479,0.9824561403508771,1.0
3868,7,tma2_E1,0.0,0.6405973968457273,0.8888888888888888,1.0
3869,7,tma2_E1,0.0,0.49904194597300544,1.0,0.7709067340930309
3870,7,tma2_E2,0.0,0.5981812644473455,0.9333333333333333,1.0
3871,7,tma2_E2,0.0,0.3690006610321199,1.0,1.0
3872,7,tma2_E2,0.0,0.1536464045126279,0.8979591836734694,0.9245934769641512
3873,7,tma2_E2,0.0,0.10381910909294478,1.0,0.682740714751853
3874,7,tma2_E2,0.0,0.3395751249852066,1.0,1.0
3875,7,tma2_E2,0.0,0.16449518579651257,1.0,1.0
3876,7,tma2_E2,0.0,0.5594400919604317,1.0,1.0
3877,7,tma2_E2,0.0,0.06602374055140081,1.0,1.0
3878,7,tma2_E2,0.0,0.011081037301606367,1.0,1.0
3879,7,tma2_E2,0.0,0.3602863438800238,0.95,0.7317851587227514
3880,7,tma2_E2,0.0,0.3142530606039001,1.0,0.6501403064442304
3881,7,tma2_E2,0.0,0.4537884895400647,0.7808219178082192,1.0
3882,7,tma2_E2,0.0,0.29201609132307627,0.9166666666666666,0.8786271995116423
3883,7,tma2_E2,0.0,0.6455959326960521,0.9444444444444444,1.0
3884,7,tma2_E2,0.0,0.6793578719685065,0.8831168831168831,1.0
3885,7,tma2_E2,0.0,0.32200632100058624,0.8,0.6863685184271491
3886,7,tma2_E2,0.0,0.6242803385028746,0.9473684210526315,1.0
3887,7,tma2_E2,0.0,0.6332549287421314,1.0,1.0
3888,7,tma2_E2,0.0,0.33870216298941935,0.9032258064516129,0.7018365384469174
3889,7,tma2_F1,0.0,0.3295469440406943,0.9210526315789473,1.0
3890,7,tma2_F1,0.0,0.22130350580684865,1.0,0.8470071372706325
3891,7,tma2_F1,0.0,0.36289696481545475,0.6515151515151515,0.8137525920256148
3892,7,tma2_F1,0.0,0.3303357845578935,0.9473684210526315,1.0
3893,7,tma2_F1,0.0,0.25111221647210036,0.8571428571428571,1.0
3894,7,tma2_F3,0.0,0.6611462151269889,0.9591836734693877,1.0
3895,7,tma2_F3,0.0,0.7055266412781909,0.65,1.0
3896,7,tma2_F3,0.0,0.24820993838377603,1.0,0.8375558093151276
3897,7,tma2_F3,0.0,0.5863572988301889,0.9767441860465116,1.0
3898,7,tma2_F3,0.0,0.42871172169504335,0.9516129032258065,0.8680922598341363
3899,7,tma2_F1,0.0,0.30244525564194824,1.0,1.0
3900,7,tma2_F1,0.0,0.5133723923266962,1.0,1.0
3901,7,tma2_F1,0.0,0.10227237135355904,1.0,0.8080369586618605
3902,7,tma2_D1,0.0,0.07574500766645331,0.95,0.9221936495630483
3903,7,tma2_D1,0.0,0.54649243808143,0.7272727272727273,1.0
3904,7,tma2_D1,0.0,0.6220111216326292,1.0,1.0
3905,7,tma2_D1,0.0,0.6037977486024526,0.9565217391304348,1.0
3906,7,tma2_D1,0.0,0.31765010178545894,0.9130434782608695,0.787663838704221
3907,7,tma2_D1,0.0,0.6375357935308349,0.9230769230769231,1.0
3908,7,tma2_D1,0.0,0.5401271122054974,1.0,1.0
3909,7,tma2_E2,0.0,0.15643786122194236,1.0,0.883720569716642
3910,7,tma2_F3,0.0,0.6726585031138925,1.0,0.859666411961972
3911,7,tma2_E3,0.0,0.12913086723787004,1.0,0.8822290026101082
3912,7,tma2_E3,0.0,0.5523156374746746,1.0,1.0
3913,7,tma2_D3,0.0,0.1600083498770808,0.8055555555555556,1.0
3914,7,tma2_D3,0.0,0.43077054151316785,1.0,1.0
3915,7,tma2_D3,0.0,0.50536227897469,1.0,0.9153034737358938
3916,7,tma4_C1,0.0,0.47588243030151145,0.8571428571428571,1.0
3917,7,tma4_C1,0.0,0.08313238866761885,1.0,0.7752366360983305
3918,7,tma4_C1,0.0,0.4270837944252125,0.9454545454545454,1.0
3919,7,tma4_C1,0.0,0.5537405244890601,1.0,0.9045953870607928
3920,7,tma4_C1,0.0,0.24684985575595164,1.0,1.0
3921,7,tma4_C1,0.0,0.4084393405308492,0.8947368421052632,0.801990341491414
3922,7,tma4_C1,0.0,0.6671105146082874,1.0,1.0
3923,7,tma4_C1,0.0,0.5899407299350541,0.7916666666666666,1.0
3924,7,tma4_C1,0.0,0.40623065850852635,1.0,0.795966447221201
3925,7,tma4_C1,0.0,0.5217880267578214,0.9459459459459459,1.0
3926,7,tma4_C1,0.0,0.35503426561227813,1.0,1.0
3927,7,tma4_C1,0.0,0.5596898437837271,0.95,1.0
3928,7,tma4_C1,0.0,0.5849744099587824,0.9230769230769231,1.0
3929,7,tma4_C1,0.0,0.05385584523085396,1.0,1.0
3930,7,tma4_C1,0.0,0.10105988100129493,1.0,0.770149706575965
3931,7,tma4_C1,0.0,0.21349612423458053,1.0,1.0
3932,7,tma4_C1,0.0,0.4652467385994954,1.0,1.0
3933,7,tma4_C1,0.0,0.3121772614799725,1.0,0.9391311180976075
3934,7,tma4_C1,0.0,0.26147693371987346,1.0,0.9336810927759661
3935,7,tma4_C1,0.0,0.24140570274687656,1.0,0.838920377360644
3936,7,tma4_C1,0.0,0.41246327166179586,0.8461538461538461,1.0
3937,7,tma4_C1,0.0,0.4930852906453317,1.0,1.0
3938,7,tma4_C1,0.0,0.2883016946432324,1.0,1.0
3939,7,tma4_B3,0.0,0.5607807096036188,0.7906976744186046,0.9158272779808617
3940,7,tma4_B3,0.0,0.28931799396516844,1.0,0.7238474687588515
3941,7,tma4_B3,0.0,0.5176939616481472,1.0,1.0
3942,7,tma4_B3,0.0,0.1580450845634246,1.0,1.0
3943,7,tma4_B3,0.0,0.4192204148767452,1.0,1.0
3944,7,tma4_B3,0.0,0.2995543592203561,1.0,0.884565826818954
3945,7,tma4_B3,0.0,0.3012565031119355,0.8791208791208791,1.0
3946,7,tma4_B3,0.0,0.5818344281602096,1.0,1.0
3947,7,tma4_B3,0.0,0.4309298394645845,0.8367346938775511,1.0
3948,7,tma4_B3,0.0,0.29791821166210974,1.0,1.0
3949,7,tma4_B3,0.0,0.5071162609416051,0.95,1.0
3950,7,tma4_A3,0.0,0.7014916929221673,0.958904109589041,1.0
3951,7,tma4_A3,0.0,0.4976267324308341,0.9479166666666666,1.0
3952,7,tma4_A3,0.0,0.3768178078764366,0.9444444444444444,1.0
3953,7,tma4_A3,0.0,0.7105787916524398,0.971830985915493,1.0
3954,7,tma4_A3,0.0,0.4291140550906888,1.0,0.7995013924068525
3955,7,tma4_B3,0.0,0.2961454524152971,0.8823529411764706,0.7604291887646776
3956,7,tma4_C2,0.0,0.6001697449902026,0.8484848484848485,1.0
3957,7,tma4_C2,0.0,0.6188601917083321,0.8571428571428571,1.0
3958,7,tma4_C2,0.0,0.034415588102289396,1.0,1.0
3959,7,tma4_C2,0.0,0.2738899696736672,1.0,0.8432845111111081
3960,7,tma4_C2,0.0,0.3450461282087618,0.868421052631579,0.855086564214297
3961,7,tma4_C1,0.0,0.5044169644211758,1.0,0.8345344707791046
3962,7,tma4_C1,0.0,0.24884159357225177,1.0,0.8610868391001945
3963,7,tma4_C1,0.0,0.1755865332484896,1.0,0.6167782674715386
3964,7,tma4_C2,0.0,0.21784319852235756,1.0,0.7459900715904051
3965,7,tma4_C2,0.0,0.3960252318792441,0.9,0.7520724775285611
3966,7,tma4_C2,0.0,0.3964697511487686,0.972972972972973,1.0
3967,7,tma4_C2,0.0,0.34103494182613636,1.0,1.0
3968,7,tma4_C2,0.0,0.4284092568626534,1.0,0.7920741496539565
3969,7,tma4_C2,0.0,0.6664961309987742,0.9375,0.8549216014816746
3970,7,tma4_C2,0.0,0.5478418195600955,1.0,1.0
3971,7,tma4_C2,0.0,0.18337382915571387,1.0,1.0
3972,7,tma4_C2,0.0,0.30839958431567827,1.0,1.0
3973,7,tma4_B3,0.0,0.37957887955556335,0.9166666666666666,1.0
3974,7,tma4_C2,0.0,0.27045307911873595,1.0,1.0
3975,7,tma4_C2,0.0,0.5145592662946437,0.90625,1.0
3976,7,tma4_C2,0.0,0.31220951563619204,0.9333333333333333,1.0
3977,7,tma4_C2,0.0,0.5452271959976109,0.7560975609756098,1.0
3978,7,tma4_C2,0.0,0.6431863262872879,0.9393939393939394,1.0
3979,7,tma4_C2,0.0,0.3107732402404162,1.0,1.0
3980,7,tma4_C2,0.0,0.5585827218428565,0.7931034482758621,1.0
3981,7,tma4_C2,0.0,0.5004174370655334,1.0,0.9318920650659661
3982,7,tma4_C2,0.0,0.3250105372430917,0.9761904761904762,0.8012247078073245
3983,7,tma4_B3,0.0,0.4516965099488127,0.9696969696969697,1.0
3984,7,tma4_C3,0.0,0.5139660971093536,1.0,0.9339419393599644
3985,7,tma4_C3,0.0,0.37378010959458385,1.0,1.0
3986,7,tma4_C3,0.0,0.11134476801834114,1.0,0.7011451968782314
3987,7,tma4_C3,0.0,0.05231713405348415,0.9722222222222222,0.7983715978762659
3988,7,tma4_C3,0.0,0.22924669591334512,1.0,1.0
3989,7,tma4_C3,0.0,0.6865555040507789,0.6285714285714286,1.0
3990,7,tma4_C3,0.0,0.46796518369697404,1.0,1.0
3991,7,tma4_C3,0.0,0.41975381395307154,1.0,0.9002355197596653
3992,7,tma4_C3,0.0,0.6504750073305193,0.9787234042553191,1.0
3993,7,tma4_B3,0.0,0.282076280214692,1.0,0.7287682121902307
3994,7,tma4_B3,0.0,0.7118030817569785,0.9777777777777777,1.0
3995,7,tma4_C1,0.0,0.20405301852020608,1.0,1.0
3996,7,tma4_C1,0.0,0.6422400786858404,0.8947368421052632,1.0
3997,7,tma4_E1,0.0,0.5329930511797927,0.7096774193548387,0.8145879745942711
3998,7,tma4_C1,0.0,0.3410459638817138,0.75,0.92804993020801
3999,7,tma4_C1,0.0,0.39155283266151786,0.9215686274509803,0.75931291815251
4000,7,tma4_C1,0.0,0.03751172939806813,1.0,1.0
4001,7,tma4_C1,0.0,0.592874215695299,1.0,1.0
4002,7,tma4_C1,0.0,0.48214396472194754,0.9047619047619048,0.8171574129162761
4003,7,tma4_C1,0.0,0.0014512808069155891,1.0,0.9059126683011195
4004,7,tma4_D1,0.0,0.6914807300144861,0.8444444444444444,1.0
4005,7,tma4_D1,0.0,0.400626472286986,0.9130434782608695,1.0
4006,7,tma4_D1,0.0,0.389719817517278,1.0,0.7292399021000022
4007,7,tma4_D1,0.0,0.46227176595328356,1.0,0.8834550504238132
4008,7,tma4_D1,0.0,0.18335425985748055,1.0,0.9483164608080004
4009,7,tma4_D1,0.0,0.19007011770404103,1.0,1.0
4010,7,tma4_D1,0.0,0.49593548447657576,0.95,0.9125921882583402
4011,7,tma4_D1,0.0,0.6468028466340152,0.8181818181818182,1.0
4012,7,tma4_D1,0.0,0.2802984551980118,1.0,1.0
4013,7,tma4_C1,0.0,0.12523619159379662,1.0,0.9400794927703471
4014,7,tma4_C1,0.0,0.07665506022135382,1.0,0.8391682657542046
4015,7,tma4_C1,0.0,0.5373095082964778,0.7894736842105263,1.0
4016,7,tma4_C1,0.0,0.019543855667104704,1.0,0.8534348086315898
4017,7,tma4_C1,0.0,0.2825821554305963,1.0,1.0
4018,7,tma4_E1,0.0,0.24473904550344228,0.9310344827586207,0.7974262323682776
4019,7,tma4_E1,0.0,0.657037824078175,1.0,1.0
4020,7,tma4_E1,0.0,0.4398258081926226,0.9090909090909091,1.0
4021,7,tma4_F1,0.0,0.4890819174691966,0.8070175438596491,0.7796105234040285
4022,7,tma4_G1,0.0,0.585675728046336,0.85,1.0
4023,7,tma4_G1,0.0,0.536578280840522,0.95,1.0
4024,7,tma4_F1,0.0,0.004185368150628754,0.9444444444444444,0.6964218106796958
4025,7,tma4_E1,0.0,0.5744060518676317,0.9117647058823529,1.0
4026,7,tma4_F1,0.04972460796029643,0.09201456189106627,0.717948717948718,0.710305346645301
4027,7,tma4_G1,0.0,0.530922633310406,0.7425742574257426,0.876587355573812
4028,7,tma4_G1,0.0,0.11170124182623797,1.0,0.8688553283747478
4029,7,tma4_G1,0.0,0.6808549522752614,0.9090909090909091,1.0
4030,7,tma4_G1,0.0,0.2198047545107238,1.0,1.0
4031,7,tma4_G1,0.0,0.6111897914239923,0.9411764705882353,1.0
4032,7,tma4_G1,0.0,0.06033077911977347,1.0,1.0
4033,7,tma4_G1,0.0,0.44670528442190716,0.9113924050632911,1.0
4034,7,tma4_G1,0.0,0.21443353164381862,0.9523809523809523,1.0
4035,7,tma4_G1,0.0,0.2694093604920924,0.5185185185185185,0.7140134002362054
4036,7,tma4_G1,0.0,0.5474457124986134,1.0,0.8191827022639321
4037,7,tma4_G1,0.0,0.6041909238100902,1.0,1.0
4038,7,tma4_D1,0.0,0.5805196141436031,1.0,1.0
4039,7,tma4_E1,0.0,0.5478135482348045,1.0,1.0
4040,7,tma4_D1,0.0,0.43948203090825055,0.8857142857142857,1.0
4041,7,tma4_E1,0.0,0.6224177417102381,0.8333333333333334,0.7587548666302344
4042,7,tma4_D1,0.0,0.656894545955236,1.0,0.881940415101326
4043,7,tma4_D1,0.0,0.0005000735445900295,0.7391304347826086,0.7752322558314744
4044,7,tma4_E1,0.0,0.4186368920966934,0.7724137931034483,1.0
4045,7,tma4_D1,0.0,0.4641142221457464,0.7931034482758621,0.8830764411420252
4046,7,tma4_D1,0.0,0.49277613283784505,1.0,0.8098088554852272
4047,7,tma4_D1,0.0,0.30918406607799676,1.0,1.0
4048,7,tma4_D1,0.0,0.43023665145256573,1.0,1.0
4049,7,tma4_D1,0.0,0.4042191699886244,0.7307692307692307,0.9464068032214212
4050,7,tma4_D1,0.0,0.655506664233632,1.0,0.914187427166004
4051,7,tma4_D1,0.0,0.618018698927535,1.0,1.0
4052,7,tma4_F3,0.0,0.5965426451601001,1.0,1.0
4053,7,tma4_F3,0.0,0.3595493228374401,1.0,0.9139473021623017
4054,7,tma4_F3,0.0,0.4493469379910362,0.85,0.759576504979015
4055,7,tma4_F3,0.0,0.5455288544189039,1.0,1.0
4056,7,tma4_E3,0.0,0.6316780809521775,0.75,0.939141326132829
4057,7,tma4_F3,0.0,0.47279760689001904,1.0,0.7589172983659469
4058,7,tma4_F3,0.0,0.025977951176848757,1.0,1.0
4059,7,tma4_F3,0.0,0.1600619046403985,1.0,1.0
4060,7,tma4_F3,0.0,0.16938561694867593,1.0,1.0
4061,7,tma4_F3,0.0,0.5681694415208316,0.8421052631578947,1.0
4062,7,tma4_F3,0.0,0.3450166568183751,1.0,1.0
4063,7,tma4_F3,0.0,0.38808064095133976,1.0,1.0
4064,7,tma4_F3,0.0,0.389656445365014,0.9074074074074074,1.0
4065,7,tma4_F3,0.0,0.6133252002373599,0.941747572815534,0.9409537198894364
4066,7,tma4_E3,0.0,0.03145678597128032,1.0,0.9172788124857124
4067,7,tma4_E3,0.0,0.5059768145854051,1.0,1.0
4068,7,tma4_E3,0.0,0.5160930246856181,0.8333333333333334,0.760107785076937
4069,7,tma4_E3,0.0,0.21716210419664228,1.0,1.0
4070,7,tma4_E3,0.0,0.25487366039859627,1.0,0.9467657474008268
4071,7,tma4_F3,0.0,0.48196338192042365,1.0,1.0
4072,7,tma4_F3,0.0,0.10048084774601473,1.0,1.0
4073,7,tma4_F3,0.0,0.4525586605493489,0.9259259259259259,1.0
4074,7,tma4_F3,0.0,0.4616719678128953,1.0,1.0
4075,7,tma4_F3,0.0,0.6105321053067685,1.0,1.0
4076,7,tma4_F3,0.0,0.11012409617315067,1.0,0.7324364982943485
4077,7,tma4_F3,0.0,0.24817296783408127,1.0,0.7795930774105113
4078,7,tma4_C3,0.0,0.17608644274266172,1.0,0.9189148538887597
4079,7,tma4_C3,0.0,0.1208303095203509,1.0,0.706046660928418
4080,7,tma4_C3,0.0,0.37822972037630764,0.91,0.8629961002334894
4081,7,tma4_C3,0.0,0.38265347914616066,1.0,1.0
4082,7,tma4_C3,0.0,0.321358010062183,1.0,0.7552815715601547
4083,7,tma4_C3,0.0,0.4432994068862287,1.0,0.7372659085062221
4084,7,tma4_D2,0.0,0.45683666427498915,1.0,1.0
4085,7,tma4_D2,0.0,0.38742122505032106,1.0,1.0
4086,7,tma4_C3,0.0,0.2676771534996296,1.0,0.7191579346248581
4087,7,tma4_C3,0.0,0.6138723538370117,0.8518518518518519,1.0
4088,7,tma4_F2,0.0,0.6957906223208197,0.7976190476190477,0.9058683109760576
4089,7,tma4_F2,0.0,0.41714018242137585,0.7931034482758621,0.8525568501167203
4090,7,tma4_F2,0.0,0.5944738661667439,0.9622641509433962,1.0
4091,7,tma4_F2,0.0,0.7036391216865427,0.9642857142857143,1.0
4092,7,tma4_F2,0.0,0.3971624814278799,0.8333333333333334,1.0
4093,7,tma4_F2,0.0,0.513772009676717,1.0,1.0
4094,7,tma4_F2,0.0,0.3781227271289431,1.0,0.8700218400888262
4095,7,tma4_F2,0.0,0.04492894604069553,0.8048780487804879,0.8008398319799105
4096,7,tma4_F2,0.0,0.19573863999032115,1.0,0.8831120340281895
4097,7,tma4_F2,0.0,0.3712793751434542,1.0,1.0
4098,7,tma4_D2,0.0,0.6269758072846303,0.835820895522388,1.0
4099,7,tma4_D2,0.0,0.556508579123437,0.8409090909090909,1.0
4100,7,tma4_E1,0.0,0.15930991653812865,0.9375,0.863485993058299
4101,7,tma4_E1,0.0,0.7079198361660939,1.0,1.0
4102,7,tma4_D2,0.0,0.11183397710393306,1.0,0.7124423602331985
4103,7,tma4_D2,0.0,0.22972193988120693,1.0,1.0
4104,7,tma4_D2,0.0,0.5832947322024491,0.8246268656716418,0.9158154971075877
4105,7,tma4_D2,0.0,0.6795898278514056,0.9032258064516129,1.0
4106,7,tma4_D2,0.0,0.34001979834502094,1.0,1.0
4107,7,tma4_D2,0.0,0.23432185065967714,0.9736842105263158,0.7609945327265257
4108,7,tma4_D2,0.0,0.5957169003009508,0.7692307692307693,0.8907325012809235
4109,7,tma4_D2,0.0,0.6888138912422186,0.8536585365853658,0.9387069854668635
4110,7,tma4_D2,0.0,0.5909377842222516,0.9795918367346939,1.0
4111,7,tma4_D2,0.0,0.34998639528546793,0.9193548387096774,1.0
4112,7,tma4_D2,0.0,0.36434745544161706,1.0,1.0
4113,7,tma4_D2,0.0,0.788892542642039,0.7526881720430108,0.9400418240992897
4114,7,tma4_D2,0.0,0.15960193857488458,0.975,0.9318262798851192
4115,7,tma4_D2,0.0,0.42805793932911806,0.8441558441558441,1.0
4116,7,tma4_D2,0.0,0.46531834330695643,1.0,1.0
4117,7,tma4_D2,0.0,0.5565542932054209,0.8666666666666667,0.8114182945687283
4118,7,tma4_D2,0.0,0.5449456452941343,1.0,1.0
4119,7,tma4_D2,0.0,0.4649147305796594,0.7586206896551724,1.0
4120,7,tma4_D2,0.0,0.25076819592801924,0.9444444444444444,1.0
4121,7,tma4_D2,0.0,0.2725448753766647,1.0,0.7630924031131278
4122,7,tma4_D2,0.0,0.5253759398202515,0.9545454545454546,0.8132222275774635
4123,7,tma4_D2,0.0,0.4728022349683816,0.88,1.0
4124,7,tma4_D2,0.0,0.5543404807687169,0.8235294117647058,0.826482851421773
4125,7,tma4_D2,0.0,0.6148054738647544,0.972972972972973,1.0
4126,7,tma4_E3,0.0,0.561283665006099,0.868421052631579,1.0
4127,7,tma4_E3,0.0,0.26193488272804377,0.9375,0.7677281731811283
4128,7,tma4_E3,0.0,0.23658918918875893,1.0,0.914293232434163
4129,7,tma4_E3,0.0,0.5196056430262778,0.90625,0.9060661752810449
4130,7,tma4_E3,0.0,0.5901468884048279,0.8518518518518519,1.0
4131,7,tma4_F3,0.0,0.5432077892970956,0.9183673469387755,1.0
4132,7,tma4_F3,0.0,0.4584123719027714,1.0,1.0
4133,7,tma4_F3,0.0,0.6185921028064254,1.0,1.0
4134,7,tma4_F3,0.0,0.1359107550051175,1.0,0.8670758413349717
4135,7,tma4_F3,0.0,0.4395215427180492,1.0,1.0
4136,7,tma4_F3,0.0,0.1889398391488477,1.0,0.901980773638102
4137,7,tma4_F3,0.0,0.4971910236203714,0.75,1.0
4138,7,tma4_F3,0.0,0.35835924916619977,1.0,1.0
4139,7,tma4_F3,0.0,0.4530121310502081,1.0,1.0
4140,7,tma4_F3,0.0,0.6017428117568353,0.9423076923076923,1.0
4141,7,tma4_F3,0.0,0.2793980949780229,1.0,0.7540030662154623
4142,7,tma4_F3,0.0,0.04386245923679444,1.0,0.7833304260679751
4143,7,tma4_F3,0.0,0.44395298341817335,0.7299270072992701,1.0
4144,7,tma4_F3,0.0,0.3077299689133023,1.0,1.0
4145,7,tma4_F3,0.0,0.5601543079785982,0.9176470588235294,1.0
4146,7,tma4_F3,0.0,0.40523665494083494,1.0,0.937117572466589
4147,7,tma4_F3,0.0,0.520633763290635,1.0,1.0
4148,7,tma4_F3,0.0,0.005523025318967867,1.0,0.7698408522014815
4149,7,tma4_F3,0.0,0.6658555538053316,0.7222222222222222,1.0
4150,7,tma4_F3,0.0,0.18410192644112977,1.0,1.0
4151,7,tma4_F3,0.0,0.8113914109741648,0.8666666666666667,1.0
4152,7,tma4_F3,0.0,0.21230123520488786,1.0,1.0
4153,7,tma4_F3,0.0,0.36419571574947673,1.0,1.0
4154,7,tma4_F3,0.0,0.5432648320994294,0.8571428571428571,1.0
4155,7,tma4_F3,0.0,0.6102679111169033,0.9487179487179487,1.0
4156,7,tma4_F3,0.0,0.14489704236604806,1.0,1.0
4157,7,tma4_F3,0.0,0.580972529191661,1.0,0.9486854586712705
4158,7,tma4_F3,0.0,0.6401072419980565,0.9038461538461539,1.0
4159,7,tma4_F3,0.0,0.12674060448175684,1.0,0.9254431636652385
4160,7,tma4_F3,0.0,0.3773347578882059,0.896551724137931,1.0
4161,7,tma4_F3,0.0,0.548540363466481,0.8433734939759037,0.8785596024272866
4162,7,tma4_F3,0.0,0.33059439650857214,1.0,1.0
4163,7,tma4_G2,0.0,0.3938527042789174,1.0,0.8269566837298155
4164,7,tma4_G2,0.0,0.4798021111279519,0.7931034482758621,1.0
4165,7,tma4_G2,0.0,0.5173116840085876,1.0,1.0
4166,7,tma4_G2,0.0,0.14216348990200978,0.7627118644067796,0.8174320920395045
4167,7,tma4_G2,0.0,0.6588114029725305,1.0,1.0
4168,7,tma4_G2,0.0,0.512319057570768,0.9473684210526315,0.9244333427773278
4169,7,tma4_G2,0.0,0.2595679503922904,0.8333333333333334,1.0
4170,7,tma4_G2,0.0,0.344681114138508,1.0,1.0
4171,7,tma4_G2,0.0,0.3635007954787184,0.9142857142857143,0.925629404716843
4172,7,tma4_G2,0.0,0.49073525817394414,1.0,0.8492376506061362
4173,7,tma4_G2,0.0,0.5154057069705018,0.9333333333333333,1.0
4174,7,tma4_G2,0.0,0.5249732789922837,1.0,0.9232009334877842
4175,7,tma4_G2,0.0,0.5542683551599487,0.9523809523809523,1.0
4176,7,tma4_G2,0.0,0.5165881421301755,0.7894736842105263,1.0
4177,7,tma4_G2,0.0,0.04674281860971685,0.8484848484848485,0.8765751456492501
4178,7,tma4_G2,0.0,0.5709238832000583,0.6176470588235294,0.8572398580972233
4179,7,tma4_G2,0.02277498921261789,0.04497537970628751,0.9411764705882353,0.7168943672027565
4180,7,tma4_G2,0.0,0.5759443525296113,0.9473684210526315,1.0
4181,7,tma4_G2,0.0,0.4478586964226131,1.0,1.0
4182,7,tma4_G2,0.0,0.36009802194997187,1.0,0.8155111373094586
4183,7,tma4_G2,0.0,0.569619376230986,0.8289473684210527,1.0
4184,7,tma4_G2,0.0,0.6569616572375893,0.9444444444444444,1.0
4185,7,tma4_G2,0.0,0.39407238087048135,0.5773195876288659,0.8079340630542285
4186,7,tma4_G2,0.0,0.024740624866898875,1.0,1.0
4187,7,tma4_G2,0.0,0.6139969558007011,1.0,1.0
4188,7,tma4_G2,0.0,0.05102841861479834,0.49693251533742333,0.8213387138189786
4189,7,tma4_G2,0.0,0.24341786046643876,1.0,1.0
4190,7,tma4_G2,0.0,0.25735711959935503,0.8507462686567164,0.8055709333717476
4191,7,tma4_G2,0.0,0.5365610748018877,0.8571428571428571,1.0
4192,7,tma4_G2,0.0,0.8225323973473765,0.562015503875969,1.0
4193,7,tma4_G2,0.0,0.619493817918648,0.8787878787878788,1.0
4194,7,tma4_G2,0.0,0.664702296748179,0.8571428571428571,1.0
4195,7,tma4_G2,0.0,0.2135238318756667,1.0,0.8820519611198413
4196,7,tma4_G2,0.0,0.12594336896555713,1.0,1.0
4197,7,tma4_G2,0.0,0.7172895114401129,0.7657657657657657,1.0
4198,7,tma4_F3,0.0,0.6230636208740927,1.0,1.0
4199,7,tma4_G2,0.0,0.2566821372471709,1.0,1.0
4200,7,tma4_G2,0.0,0.5294538481043036,0.9230769230769231,0.7865173915807561
4201,7,tma4_G2,0.0,0.2413916790961207,0.9142857142857143,0.8760200774296687
4202,7,tma4_G2,0.0,0.6097203232014037,0.9696969696969697,1.0
4203,7,tma4_F3,0.0,0.5518075957996242,1.0,0.8646089956203379
4204,7,tma4_F3,0.0,0.29134955076157676,1.0,1.0
4205,7,tma4_F3,0.0,0.5575535998267528,1.0,1.0
4206,7,tma4_E3,0.0,0.6454689415058692,1.0,1.0
4207,7,tma4_E3,0.0,0.27896853775431607,1.0,1.0
4208,7,tma4_F3,0.0,0.3135864244748592,1.0,1.0
4209,7,tma4_E3,0.0,0.5742332382789351,1.0,1.0
4210,7,tma4_E3,0.0,0.48121111597194133,0.9230769230769231,1.0
4211,7,tma4_E3,0.0,0.6330859340804693,1.0,0.8864988210290063
4212,7,tma4_F3,0.0,0.6999138367649002,0.7407407407407407,0.9333307819187937
4213,7,tma4_F3,0.0,0.5280083552724302,1.0,1.0
4214,7,tma4_F3,0.0,0.5361959258525113,0.9545454545454546,1.0
4215,7,tma4_F3,0.0,0.3113379742759902,1.0,0.9498984166531755
4216,7,tma4_E3,0.0,0.08789739509233241,1.0,0.9445500967591091
4217,7,tma4_E3,0.0,0.24101033556547324,1.0,1.0
4218,7,tma4_E3,0.0,0.44159827840368593,1.0,0.7716965252852672
4219,7,tma4_E3,0.0,0.6094651220314506,0.9473684210526315,1.0
4220,7,tma4_E3,0.0,0.5351709347968225,0.96875,1.0
4221,7,tma4_E3,0.0,0.6972682130928722,0.8,0.8650249549565933
4222,7,tma4_E3,0.0,0.5278820999889566,0.9523809523809523,1.0
4223,7,tma4_E3,0.0,0.5545798194464461,0.88,1.0
4224,7,tma4_E3,0.0,0.6255320105475463,0.7894736842105263,1.0
4225,7,tma4_E3,0.0,0.4966981102520235,0.9444444444444444,1.0
4226,7,tma4_F2,0.0,0.6120394256503991,0.9672131147540983,1.0
4227,7,tma4_F2,0.0,0.03653308732174643,1.0,0.8358058643059507
4228,7,tma4_F2,0.0,0.5929882963313646,0.9344262295081968,1.0
4229,7,tma4_F2,0.0,0.6753141363797268,0.8073394495412844,1.0
4230,7,tma4_F2,0.0,0.49887436200695645,0.95,1.0
4231,7,tma4_F2,0.0,0.44998048032524784,0.8488372093023255,1.0
4232,7,tma4_F2,0.0,0.556102003921287,0.8791208791208791,1.0
4233,7,tma4_F2,0.0,0.5301433187348583,0.9230769230769231,0.8046431655763849
4234,7,tma4_F2,0.0,0.44502782929287155,1.0,0.9061338497640968
4235,7,tma4_E3,0.0,0.29259824303276427,0.8541666666666666,0.909335652566678
4236,7,tma4_E3,0.0,0.20178246243682674,0.9473684210526315,1.0
4237,7,tma4_E3,0.0,0.5520997617895713,1.0,1.0
4238,7,tma4_E3,0.0,0.42718850226983907,1.0,1.0
4239,7,tma4_E3,0.0,0.4516589887977307,1.0,1.0
4240,7,tma4_E3,0.0,0.25539098134768823,1.0,0.861565384735515
4241,7,tma4_E3,0.0,0.1955040065378041,0.967741935483871,0.721698296736807
4242,7,tma4_E3,0.0,0.07417026874915056,1.0,1.0
4243,7,tma4_E3,0.0,0.15665351206361955,1.0,1.0
4244,7,tma4_E3,0.0,0.522899764498173,1.0,1.0
4245,7,tma4_E3,0.0,0.015626702654677582,0.9056603773584906,0.746608495500589
4246,7,tma4_E3,0.0,0.23166066411161457,1.0,1.0
4247,7,tma4_E3,0.0,0.14232760994233862,1.0,1.0
4248,7,tma4_E3,0.0,0.46357994636546584,0.9333333333333333,1.0
4249,7,tma4_E3,0.0,0.24038782400869307,1.0,0.7156589451998714
4250,7,tma4_E3,0.0,0.06645175314231389,1.0,0.6943102448096895
4251,7,tma4_E3,0.0,0.651161428127854,1.0,1.0
4252,7,tma4_E3,0.0,0.3802551914713942,1.0,1.0
4253,7,tma4_E3,0.0,0.49693728901086875,0.8085106382978723,1.0
4254,7,tma4_E3,0.0,0.6941697490123849,0.8615384615384616,1.0
4255,7,tma4_E3,0.0,0.5163390456649275,1.0,1.0
4256,7,tma4_E3,0.0,0.6247106574191759,0.9814814814814815,1.0
4257,7,tma4_E3,0.0,0.5413548460735147,1.0,1.0
4258,7,tma4_E3,0.0,0.2678917130489986,1.0,0.7179632361675735
4259,7,tma4_E3,0.0,0.5514427116852667,1.0,1.0
4260,7,tma4_E3,0.0,0.4125238691393799,1.0,1.0
4261,7,tma4_E3,0.0,0.4120479002354913,1.0,1.0
4262,7,tma4_E3,0.0,0.6936164300771359,0.8717948717948718,0.8922584323092897
4263,7,tma4_E3,0.0,0.07583674770438686,1.0,0.7657716547447436
4264,7,tma4_E3,0.0,0.34939364104700754,1.0,0.8947304965590137
4265,7,tma4_E3,0.0,0.33586265745681565,1.0,0.8942006165790608
4266,7,tma4_C1,0.0,0.5218886517929793,0.7352941176470589,1.0
4267,7,tma4_C2,0.0,0.26637958918745497,1.0,1.0
4268,7,tma4_C3,0.0,0.6374957011910805,1.0,1.0
4269,7,tma4_C3,0.0,0.5285238798785192,1.0,1.0
4270,7,tma4_C3,0.0,0.35045230410924966,1.0,0.924917428396429
4271,7,tma4_B3,0.0,0.24530537484125692,0.9655172413793104,0.7194654441196351
4272,7,tma4_B3,0.0,0.16041476447139924,1.0,0.7345213826294329
4273,7,tma4_C3,0.0,0.04811185373694493,1.0,0.7544818082887237
4274,7,tma4_A3,0.0,0.2530281607645338,1.0,1.0
4275,7,tma4_A3,0.0,0.7262110923911909,0.76,1.0
4276,7,tma4_A3,0.0,0.47501085812310295,0.9629629629629629,1.0
4277,7,tma4_B3,0.0,0.5392801761854062,1.0,1.0
4278,7,tma4_D2,0.0,0.3259576182293884,1.0,0.6894539969099714
4279,7,tma4_F2,0.0,0.6262067636954441,1.0,1.0
4280,7,tma4_F2,0.0,0.44839874642778355,1.0,1.0
4281,7,tma4_F2,0.0,0.5653304278070819,1.0,0.8361589212379721
4282,7,tma4_F2,0.0,0.3771227185841113,0.9523809523809523,1.0
4283,7,tma4_E1,0.0,0.4801559662585051,1.0,1.0
4284,7,tma4_G1,0.0,0.005363177888196624,1.0,1.0
4285,7,tma4_G1,0.0,0.42105278254023304,1.0,0.9391350153581027
4286,7,tma4_E1,0.0,0.4412156270157528,1.0,1.0
4287,7,tma4_E1,0.0,0.5960514237803058,0.875,1.0
4288,7,tma4_F2,0.0,0.6644551673600885,1.0,1.0
4289,7,tma4_F3,0.0,0.19708348577801593,1.0,0.8615412045694472
4290,7,tma4_D2,0.0,0.28050352959606384,1.0,0.8614376533970312
4291,7,tma4_D2,0.0,0.6696447319559696,1.0,1.0
4292,7,tma4_D2,0.0,0.6393157228628905,1.0,1.0
4293,7,tma4_D2,0.0,0.56407378697452,1.0,1.0
4294,7,tma4_D2,0.0,0.20255883052543022,1.0,1.0
4295,7,tma4_D2,0.0,0.1834819005434879,1.0,0.8701714638223468
4296,7,tma4_D2,0.0,0.19246994647416793,0.9583333333333334,0.7687388477604001
4297,7,tma4_D2,0.0,0.4571582842780989,1.0,1.0
4298,7,tma4_D2,0.0,0.2663239833366565,1.0,0.7069579659367008
4299,7,tma4_D2,0.0,0.3529491365454507,1.0,1.0
4300,7,tma4_D2,0.0,0.2870192968833457,1.0,1.0
4301,7,tma4_D2,0.0,0.6223951843913824,0.9846153846153847,1.0
4302,7,tma4_D2,0.0,0.5370858652359309,1.0,1.0
4303,7,tma4_D2,0.0,0.2567529286642689,1.0,1.0
4304,7,tma4_D2,0.0,0.427293878142577,0.935064935064935,1.0
4305,7,tma4_D2,0.0,0.04946638341054965,1.0,0.8047688849356972
4306,7,tma4_D2,0.0,0.07734739838665095,1.0,1.0
4307,7,tma1_B2,0.0,0.6825951768906835,0.8478260869565217,1.0
4308,7,tma1_B2,0.0,0.460714959304691,0.8846153846153846,0.7865061892265173
4309,7,tma1_D2,0.0,0.23471446095776127,1.0,0.708820558809804
4310,7,tma1_D2,0.0,0.4254110244053514,0.4263565891472868,0.7459345190446414
4311,7,tma1_D2,0.0,0.6911000657875264,1.0,1.0
4312,7,tma1_D2,0.0,0.6053735359411656,0.6896551724137931,1.0
4313,7,tma1_D2,0.0,0.20775833391031928,0.7941176470588235,1.0
4314,7,tma1_D2,0.0,0.5913679809031804,0.8275862068965517,1.0
4315,7,tma1_D2,0.0,0.46846536623919777,0.9322033898305084,1.0
4316,7,tma1_C2,0.0,0.5425525311643901,0.8048780487804879,1.0
4317,7,tma1_D2,0.0,0.21865305591283568,0.8048780487804879,0.9049778318276538
4318,7,tma1_B2,0.0,0.1789090544930393,0.6829268292682927,0.8252712391742992
4319,7,tma1_B2,0.0,0.028322889898386605,0.9333333333333333,0.726208996937904
4320,7,tma1_B2,0.0,0.6693674400466876,0.8918918918918919,0.8809356704167515
4321,7,tma1_B2,0.0,0.3662832917462503,0.9333333333333333,1.0
4322,7,tma1_B2,0.0,0.054652319522104476,1.0,1.0
4323,7,tma1_B2,0.0,0.01626395547683912,1.0,0.6987411350016782
4324,7,tma1_B2,0.0,0.6327789017050167,0.8727272727272727,1.0
4325,7,tma1_B2,0.0,0.5924366635475269,0.9019607843137255,1.0
4326,7,tma1_B2,0.0,0.30943307019653954,1.0,1.0
4327,7,tma1_B2,0.0,0.5575961946791611,0.8148148148148148,1.0
4328,7,tma1_B2,0.0,0.5649691762759612,1.0,1.0
4329,7,tma1_B2,0.0,0.775563782608481,0.8620689655172413,0.9497127608925531
4330,7,tma1_B2,0.0,0.28091255122901193,1.0,1.0
4331,7,tma1_B2,0.0,0.47271199266678543,0.9310344827586207,1.0
4332,7,tma1_B2,0.0,0.1883451239834909,1.0,1.0
4333,7,tma1_B2,0.0,0.4536354202360944,0.8135593220338984,0.9005804713751822
4334,7,tma1_B2,0.0,0.29754626705901355,1.0,0.8400717409179357
4335,7,tma1_B2,0.0,0.584572524502325,0.6818181818181818,1.0
4336,7,tma1_B2,0.0,0.6164791642338322,0.896551724137931,0.8632996093993496
4337,7,tma1_B2,0.0,0.46469202979485535,0.770949720670391,1.0
4338,7,tma1_A2,0.0,0.18701789604295282,1.0,0.7282148225132136
4339,7,tma1_B2,0.0,0.4593700174722787,1.0,1.0
4340,7,tma1_A2,0.0,0.08249934745676801,1.0,0.9313551583192349
4341,7,tma1_B2,0.0,0.1548397632018077,1.0,0.7674994221358209
4342,7,tma1_B2,0.0,0.41628997458734207,0.9411764705882353,0.7775745001422828
4343,7,tma1_B2,0.0,0.4136529297486079,1.0,0.7771669717726286
4344,7,tma1_D1,0.0,0.4618363021192914,1.0,1.0
4345,7,tma1_D1,0.0,0.504105431500422,1.0,1.0
4346,7,tma1_D1,0.0,0.3237657663624297,1.0,1.0
4347,7,tma1_D1,0.0,0.2112244393296403,1.0,0.799754853903709
4348,7,tma1_D1,0.0,0.5377723948758474,1.0,0.8579222020577746
4349,7,tma1_D1,0.0,0.2670204547589836,1.0,1.0
4350,7,tma1_D1,0.0,0.45038926543485147,0.95,0.7817128102429283
4351,7,tma1_D1,0.0,0.4690737998137403,1.0,0.9052724274393659
4352,7,tma1_D1,0.0,0.5926773447463543,0.75,0.8240860557812484
4353,7,tma1_D1,0.0,0.008037846517964686,0.6764705882352942,0.8085461311316494
4354,7,tma1_D1,0.0,0.1789742621526792,1.0,0.6301959609468808
4355,7,tma1_D1,0.0,0.6197088150573582,0.9142857142857143,1.0
4356,7,tma1_D1,0.0,0.4603135385268877,1.0,0.7910713656163155
4357,7,tma1_D1,0.0,0.43323518912720993,0.7951807228915663,1.0
4358,7,tma1_D1,0.0,0.43215000640910883,0.9444444444444444,1.0
4359,7,tma1_D1,0.0,0.268893205209883,1.0,0.8294156462312197
4360,7,tma1_D1,0.0,0.05526454356546995,1.0,0.8928434186021196
4361,7,tma1_D1,0.0,0.5698038246928795,0.7916666666666666,0.9368387942441019
4362,7,tma1_D1,0.0,0.5390676269323186,0.9444444444444444,0.9448526845346724
4363,7,tma1_D1,0.0,0.22842925413911386,1.0,0.9255340301615026
4364,7,tma1_D1,0.0,0.21083831412485066,1.0,0.7155074608587528
4365,7,tma1_D1,0.0,0.702814539311073,0.8125,1.0
4366,7,tma1_D1,0.0,0.4180066996470384,0.64,1.0
4367,7,tma1_D1,0.0,0.40757306455277,1.0,1.0
4368,7,tma1_D1,0.0,0.4903226895443277,1.0,1.0
4369,7,tma1_D1,0.0,0.2871477501676857,1.0,0.7302463608466508
4370,7,tma1_D1,0.0,0.3084298761377632,0.8857142857142857,1.0
4371,7,tma1_D1,0.0,0.052297463022773716,1.0,0.8738420686877949
4372,7,tma1_D1,0.0,0.375623007538192,1.0,1.0
4373,7,tma1_D1,0.0,0.4860541890506269,1.0,1.0
4374,7,tma1_F1,0.0,0.46019142990666617,1.0,0.7985861920733499
4375,7,tma1_F1,0.0,0.3614187641162171,1.0,0.6643940434248398
4376,7,tma1_F1,0.0,0.08029856949676795,0.9545454545454546,0.7518196346079088
4377,7,tma1_F1,0.0,0.5271234410978141,1.0,1.0
4378,7,tma1_F1,0.0,0.12907397148024569,1.0,1.0
4379,7,tma1_F1,0.0,0.2973966904574702,0.9666666666666667,0.7073567257213655
4380,7,tma1_F1,0.0,0.6918793376823713,0.7647058823529411,1.0
4381,7,tma1_F1,0.0,0.4417998832955805,1.0,1.0
4382,7,tma1_F1,0.0,0.4706478234258321,1.0,1.0
4383,7,tma1_F1,0.0,0.543374142206781,1.0,1.0
4384,7,tma1_F1,0.0,0.3603493732234354,1.0,0.8211963237432435
4385,7,tma1_F1,0.0,0.47750919908562806,1.0,0.9127097662519972
4386,7,tma1_F1,0.0,0.5765725504856944,0.8157894736842105,1.0
4387,7,tma1_F1,0.0,0.5869723489014417,0.9047619047619048,0.8799533919773173
4388,7,tma1_F1,0.0,0.39651235229705795,0.75,0.7940294982158148
4389,7,tma1_F1,0.0,0.47447521479037924,0.9166666666666666,0.8134995656506482
4390,7,tma1_F1,0.0,0.6072473656929134,1.0,1.0
4391,7,tma1_F1,0.0,0.3659236174322049,0.75,1.0
4392,7,tma1_F1,0.0,0.49938126199815747,1.0,1.0
4393,7,tma1_F1,0.0,0.00426783457392832,0.8974358974358975,0.6919788353405383
4394,7,tma1_F1,0.0,0.38633404868323706,1.0,1.0
4395,7,tma1_F1,0.0,0.08780533703587423,1.0,0.7537178759787672
4396,7,tma1_F1,0.0,0.012513091962555567,1.0,1.0
4397,7,tma1_F1,0.0,0.1769761396870625,0.9642857142857143,1.0
4398,7,tma1_F1,0.0,0.6262667585448564,1.0,0.8201676888623074
4399,7,tma1_F1,0.0,0.5023599301401025,0.8333333333333334,1.0
4400,7,tma1_F1,0.0,0.512358307056942,1.0,1.0
4401,7,tma1_F1,0.0,0.47723428992767203,0.9615384615384616,1.0
4402,7,tma1_F1,0.0,0.4011814967772338,1.0,1.0
4403,7,tma1_F1,0.0,0.627220853433301,0.95,1.0
4404,7,tma1_F1,0.0,0.4853139248150674,1.0,0.7546324123848136
4405,7,tma1_E1,0.0,0.5790173218052717,1.0,1.0
4406,7,tma1_E1,0.0,0.44853558602880794,0.5227272727272727,1.0
4407,7,tma1_E1,0.0,0.5826771414557205,0.7380952380952381,0.7851862924638496
4408,7,tma1_E1,0.14790368482420002,0.008723934954528056,0.9473684210526315,0.8066668608410391
4409,7,tma1_E1,0.0,0.4087831078474211,1.0,1.0
4410,7,tma1_E1,0.0,0.1382675640840445,1.0,1.0
4411,7,tma1_E1,0.0,0.6447370777026442,0.9285714285714286,1.0
4412,7,tma1_E1,0.0,0.4870048452911847,0.90625,0.903286922647747
4413,7,tma1_E1,0.0,0.28582795208237133,0.9523809523809523,0.8902988866287256
4414,7,tma1_E1,0.0,0.420222323912106,0.38946162657502864,0.6358908252518831
4415,7,tma1_E1,0.0,0.5094222951062145,0.6296296296296297,1.0
4416,7,tma1_E1,0.0,0.338441322956501,0.8571428571428571,0.6906868534324647
4417,7,tma1_E1,0.0,0.09197872844739219,0.7678571428571429,0.7375469716288684
4418,7,tma1_E1,0.0,0.5183643208920172,0.7191011235955056,1.0
4419,7,tma1_E1,0.0,0.5011740040973305,0.7468354430379747,1.0
4420,7,tma1_E1,0.0,0.3502737091207653,0.7155172413793104,0.7526584453274353
4421,7,tma1_E1,0.0,0.3619007203580358,0.6976744186046512,0.7371013575320717
4422,7,tma1_E1,0.0,0.18425370780824823,0.8088235294117647,1.0
4423,7,tma1_E1,0.0,0.19234474712984062,1.0,0.68975201736275
4424,7,tma1_E1,0.0,0.5897385944064437,1.0,1.0
4425,7,tma1_E1,0.0,0.5230724336437127,0.6987951807228916,1.0
4426,7,tma1_E1,0.0,0.604583787878632,0.88,1.0
4427,7,tma1_E1,0.0,0.5716881869343924,0.7735849056603774,0.8556690594781173
4428,7,tma1_E1,0.0,0.5361833175967186,1.0,1.0
4429,7,tma1_E1,0.0,0.5818829142157504,0.8846153846153846,1.0
4430,7,tma1_E1,0.0,0.5707276452512774,0.96875,1.0
4431,7,tma1_E1,0.0,0.5124569208599562,1.0,1.0
4432,7,tma1_E1,0.0,0.11382381543491982,0.8620689655172413,0.8416509426017846
4433,7,tma1_E1,0.0,0.40545280245896576,0.9629629629629629,1.0
4434,7,tma1_F1,0.0,0.6679144891262215,1.0,1.0
4435,7,tma1_F1,0.0,0.688354946884784,0.9230769230769231,0.8619870762804719
4436,7,tma1_F1,0.0,0.2280711374556944,1.0,1.0
4437,7,tma1_F1,0.0,0.4732742759274654,0.9375,1.0
4438,7,tma1_F1,0.0,0.6126820611349182,0.8297872340425532,1.0
4439,7,tma1_F1,0.0,0.5771624531637436,1.0,0.9367294368940077
4440,7,tma1_F1,0.0,0.3520845400764101,1.0,0.9140884680738827
4441,7,tma1_F1,0.0,0.5474734269960159,0.825,1.0
4442,7,tma1_F1,0.0,0.6643306026909495,0.9166666666666666,1.0
4443,7,tma1_E1,0.0,0.5538366933535708,1.0,1.0
4444,7,tma1_E1,0.0,0.5971128516173467,0.9782608695652174,1.0
4445,7,tma1_E1,0.0,0.3965375655263801,1.0,0.7882337194096974
4446,7,tma1_E1,0.0,0.3026580740406083,0.7636363636363637,1.0
4447,7,tma1_E1,0.0,0.24349744528390205,0.6710526315789473,0.8254460719172423
4448,7,tma1_F1,0.0,0.4367554112047429,1.0,0.8410771081088451
4449,7,tma1_E1,0.0,0.4411963647327912,0.9444444444444444,1.0
4450,7,tma1_F1,0.0,0.17973120186975444,1.0,0.7792138954650776
4451,7,tma1_F1,0.0,0.11996380912014448,0.9615384615384616,0.8979549186554608
4452,7,tma1_E1,0.0,0.543756858970991,0.875,1.0
4453,7,tma1_E1,0.0,0.40119662730309613,1.0,1.0
4454,7,tma1_E1,0.0,0.3164689889023451,0.9615384615384616,1.0
4455,7,tma1_F1,0.0,0.3950455702207607,1.0,0.8868019960134521
4456,7,tma1_F1,0.0,0.36777172981779793,0.8857142857142857,1.0
4457,7,tma1_F1,0.0,0.09834845273927573,1.0,1.0
4458,7,tma1_F1,0.0,0.4265499057935348,1.0,0.7701952500685074
4459,7,tma1_F1,0.0,0.4743843191408297,0.7875,0.8932443469107624
4460,7,tma1_F1,0.0,0.43044718593066533,1.0,1.0
4461,7,tma1_F1,0.0,0.26845890488410473,1.0,1.0
4462,7,tma1_E1,0.0,0.6283668306148757,1.0,1.0
4463,7,tma1_E1,0.0,0.5209196570254011,0.6829268292682927,0.907315640599996
4464,7,tma1_E1,0.0,0.17434033619142952,0.9761904761904762,0.8162522467615325
4465,7,tma1_E1,0.0,0.44062440559305127,0.9583333333333334,1.0
4466,7,tma1_E1,0.0,0.4257137694991998,1.0,1.0
4467,7,tma1_E1,0.0033713191146340638,0.10824271155473497,1.0,0.7531959803201563
4468,7,tma1_E1,0.0,0.3987057976337478,0.9411764705882353,1.0
4469,7,tma1_E1,0.0,0.6121032182613946,0.8571428571428571,0.8747884177065787
4470,7,tma1_E1,0.0,0.4728397858246144,0.9090909090909091,1.0
4471,7,tma1_E1,0.0,0.49178733851066736,0.9565217391304348,0.9497824539464473
4472,7,tma1_E1,0.0,0.13608760629792827,1.0,1.0
4473,7,tma1_E1,0.0,0.6431538753416546,0.9032258064516129,1.0
4474,7,tma1_B2,0.0,0.1266918691043628,0.96,0.6983713005627297
4475,7,tma1_B2,0.0,0.46876175722597957,0.8846153846153846,0.8287694941991077
4476,7,tma1_B2,0.0,0.11066486131760445,1.0,0.8528249685058406
4477,7,tma1_D2,0.0,0.3635244798022199,0.8888888888888888,0.8507561753948943
4478,7,tma1_D2,0.0,0.3764086965961656,0.9047619047619048,1.0
4479,7,tma1_D2,0.0,0.40855223316684564,0.95,0.7495787356107887
4480,7,tma1_D2,0.0,0.2523903352148874,0.8947368421052632,0.7625854742538815
4481,7,tma1_D2,0.0,0.6404557980545493,1.0,0.9147878706567473
4482,7,tma1_D2,0.0,0.11285747195315377,1.0,0.875050821137919
4483,7,tma1_D2,0.0,0.6763669602454024,0.9545454545454546,1.0
4484,7,tma1_D2,0.0,0.5793430757263736,0.8,1.0
4485,7,tma1_D2,0.0,0.31568867654408284,1.0,1.0
4486,7,tma1_D2,0.0,0.1757605027619057,0.8928571428571429,0.8387280137272183
4487,7,tma1_D2,0.0,0.41575068364354584,1.0,1.0
4488,7,tma1_C2,0.0,0.6570030211826134,0.8142857142857143,1.0
4489,7,tma1_C2,0.0,0.6164590729381659,0.49242424242424243,1.0
4490,7,tma1_C2,0.0,0.5310459491554194,0.7142857142857143,1.0
4491,7,tma1_C2,0.0,0.5610797745230787,1.0,0.7999574040171252
4492,7,tma1_D2,0.0,0.5338818522211406,0.9487179487179487,1.0
4493,7,tma1_D2,0.0,0.6656909035013893,0.9047619047619048,1.0
4494,7,tma1_D2,0.0,0.538679583740512,1.0,1.0
4495,7,tma1_C2,0.0,0.6272096012636241,0.6139240506329114,1.0
4496,7,tma1_C2,0.0,0.625353729892004,0.9615384615384616,0.8419257781969187
4497,7,tma1_C2,0.0,0.778643951595915,0.7272727272727273,1.0
4498,7,tma1_B2,0.0,0.19961282453395535,1.0,1.0
4499,7,tma1_E2,0.0,0.43658509145655067,0.664,1.0
4500,7,tma1_E2,0.0,0.4016532488739831,1.0,1.0
4501,7,tma1_E2,0.0,0.4130641229030121,1.0,0.7962245965163437
4502,7,tma1_E2,0.0,0.4868606380053334,0.9603960396039604,1.0
4503,7,tma1_E2,0.0,0.48949898366518374,1.0,1.0
4504,7,tma1_E2,0.0,0.6006180561498098,1.0,1.0
4505,7,tma1_E2,0.0,0.6014998204546632,0.7894736842105263,0.8282860439563731
4506,7,tma1_E2,0.0,0.19680540169802863,0.6649484536082474,0.8839959016024321
4507,7,tma1_E2,0.0,0.8471967960280165,0.7446043165467626,1.0
4508,7,tma1_E2,0.0,0.1342654015924396,0.775,0.819265209265401
4509,7,tma1_E2,0.0,0.5772946789841245,0.9090909090909091,0.7978671000293699
4510,7,tma1_E2,0.0,0.4744746756186995,0.8372093023255814,1.0
4511,7,tma1_E2,0.0,0.5843203952434721,0.6666666666666666,1.0
4512,7,tma1_E2,0.0,0.2839951924064591,0.9682539682539683,0.7774279644357338
4513,7,tma1_E2,0.0,0.5422763649023175,0.8823529411764706,0.9078841722258463
4514,7,tma1_E2,0.0,0.7129679819902682,0.8833333333333333,1.0
4515,7,tma1_E2,0.0,0.524078413878988,1.0,1.0
4516,7,tma1_E2,0.0,0.46173911224542274,1.0,1.0
4517,7,tma1_E2,0.0,0.6001738539576706,0.896551724137931,0.9469357532724089
4518,7,tma1_E2,0.0,0.5091057492821824,0.9523809523809523,0.8853367843800958
4519,7,tma1_E2,0.0,0.27359490773023,0.7916666666666666,0.83875188264641
4520,7,tma1_E2,0.0,0.09177600784076534,0.9855072463768116,0.8394478647126705
4521,7,tma1_E2,0.0,0.1334881157583515,1.0,0.5917654351863533
4522,7,tma1_E2,0.0,0.5379496493544849,1.0,1.0
4523,7,tma1_E2,0.0,0.557025963726665,1.0,0.7747450856894983
4524,7,tma1_E2,0.0,0.5893335398378758,1.0,1.0
4525,7,tma1_E2,0.0,0.70658811003604,0.6585365853658537,0.9011579570401248
4526,7,tma1_E2,0.0,0.7712673917532571,0.7333333333333333,1.0
4527,7,tma1_E2,0.0,0.31625542332602496,1.0,1.0
4528,7,tma1_E2,0.0,0.32490856964702053,1.0,0.9228564592941215
4529,7,tma1_E2,0.0,0.4993334103869872,1.0,1.0
4530,7,tma1_E2,0.0,0.6499500520141351,0.9565217391304348,1.0
4531,7,tma1_E2,0.0,0.25050968598841217,1.0,0.8773327114926773
4532,7,tma1_E2,0.0,0.153251778601032,1.0,0.7084248746735681
4533,7,tma1_E2,0.0,0.12172081203406637,0.7407407407407407,0.7343501552790841
4534,7,tma1_E2,0.0,0.22891809356984472,0.9473684210526315,0.9142758251163022
4535,7,tma1_D2,0.0,0.39283943616479655,1.0,0.9030601239580176
4536,7,tma1_D2,0.0,0.6029101065874605,0.9259259259259259,0.8590326307053011
4537,7,tma1_D2,0.0,0.37150402841379637,0.7857142857142857,0.8584140338879517
4538,7,tma1_D2,0.0,0.07982462002400548,1.0,1.0
4539,7,tma1_D2,0.0,0.6054122009738223,0.8333333333333334,1.0
4540,7,tma1_E2,0.0,0.3207905999472348,0.7469879518072289,0.8651477621467139
4541,7,tma1_E2,0.0,0.4291469067471252,1.0,1.0
4542,7,tma1_E2,0.0,0.44841969283616534,0.6743421052631579,0.8006688935179724
4543,7,tma1_E2,0.0,0.3391504036587022,1.0,0.9050655514889364
4544,7,tma1_E2,0.0,0.4663186809533303,1.0,1.0
4545,7,tma1_E2,0.0,0.6637587692633469,0.925,1.0
4546,7,tma1_E2,0.0,0.23574099215071465,1.0,0.7912857038841942
4547,7,tma1_E2,0.0,0.4831000554125098,1.0,1.0
4548,7,tma1_D2,0.0,0.554398628983636,0.74,1.0
4549,7,tma1_D2,0.0,0.044715890352704846,0.9375,0.7844359537372723
4550,7,tma1_D2,0.0,0.2532191218771035,1.0,0.855627645983701
4551,7,tma1_D2,0.0,0.4571308517732514,0.8974358974358975,1.0
4552,7,tma1_D2,0.0,0.2513023924601583,1.0,0.7502739393322971
4553,7,tma1_D2,0.0,0.4373194361665652,1.0,0.8566044649883582
4554,7,tma1_D2,0.0,0.6589671840940046,0.8983050847457628,1.0
4555,7,tma1_D2,0.0,0.3591287980060356,0.6727272727272727,0.8660195478626559
4556,7,tma1_D2,0.0,0.21207764749315672,0.8260869565217391,1.0
4557,7,tma1_B2,0.0,0.12296158589730732,1.0,0.7058014144946051
4558,7,tma1_E2,0.0,0.18000570047262443,1.0,0.7358483356689188
4559,7,tma1_E2,0.0,0.573477516156145,0.9285714285714286,1.0
4560,7,tma1_E2,0.0,0.4847725485993044,1.0,0.9020019449077576
4561,7,tma1_D1,0.0,0.3356244893822449,1.0,1.0
4562,7,tma1_D1,0.0,0.10451342717860923,1.0,0.7895376126526413
4563,7,tma1_E1,0.0,0.7376583246066069,0.7346938775510204,1.0
4564,7,tma1_E1,0.0,0.4087523556721182,0.8043478260869565,1.0
4565,7,tma1_E1,0.0,0.29641885630127995,1.0,1.0
4566,2,tma3_E1,0.0,0.5856047883864451,0.9285714285714286,0.8738670368382453
4567,2,tma3_E1,0.0,0.5511590194907952,0.85,1.0
4568,2,tma3_E1,0.0,0.3319516087672063,0.5276073619631901,0.820745131077221
4569,2,tma3_E1,0.0,0.09408082011174101,0.39723661485319517,0.8343865793598519
4570,2,tma3_E1,0.0,0.802270467876146,0.7142857142857143,1.0
4571,2,tma3_E1,0.0,0.5082464096728023,0.5925925925925926,1.0
4572,2,tma3_D1,0.0,0.72400446431689,0.9411764705882353,1.0
4573,2,tma3_D1,0.0,0.9021448921922177,1.0,1.0
4574,2,tma3_E1,0.0,0.2516484898322824,0.9761904761904762,1.0
4575,2,tma3_E1,0.0,0.6991841967833972,0.8372093023255814,1.0
4576,2,tma3_E1,0.0,0.3319941400879295,0.7962962962962963,1.0
4577,2,tma3_E1,0.0,0.3860441532656975,1.0,1.0
4578,2,tma3_E1,0.0,0.0583454187911866,0.5747126436781609,1.0
4579,2,tma3_E1,0.0,0.7373226930455477,0.8181818181818182,1.0
4580,2,tma3_E1,0.0,0.5719702979945613,0.7368421052631579,0.8170956476824656
4581,2,tma3_E1,0.0,0.3485335066961859,0.5652173913043478,0.9482115490669185
4582,2,tma3_E1,0.0,0.4961819816849722,0.8,1.0
4583,2,tma3_E1,0.0,0.3606677919566783,1.0,0.7507290732075161
4584,2,tma3_E1,0.0,0.375606997430895,0.603448275862069,0.9024033610193853
4585,2,tma3_E1,0.0,0.5436104643483959,0.8787878787878788,0.8195891395513223
4586,2,tma3_E1,0.0,0.6454430026035135,0.6122448979591837,1.0
4587,2,tma3_E1,0.0,0.0926259072247535,1.0,1.0
4588,2,tma3_E1,0.0,0.2135684353007712,0.75,0.8763313879263706
4589,2,tma3_C1,0.0,0.2571762375691893,0.9090909090909091,0.6895696702042965
4590,2,tma3_D1,0.0,0.6265430137574608,0.7894736842105263,1.0
4591,2,tma3_D1,0.0,0.07511460929823432,0.5205479452054794,0.7030455641804992
4592,2,tma3_D1,0.0,0.5489319285552043,0.9310344827586207,0.8512324727066899
4593,2,tma3_D1,0.0,0.4748693053054742,0.5862068965517241,0.8194190344028568
4594,2,tma3_D1,0.0,0.6389807538762364,0.7419354838709677,0.8809387171844365
4595,2,tma3_D1,0.0,0.3945867440057925,0.9473684210526315,0.8939109834157514
4596,2,tma3_D1,0.0,0.1637762795384805,0.6909090909090909,0.7952365127854991
4597,2,tma3_E1,0.0,0.11902134210126258,1.0,0.8674590774519519
4598,2,tma3_E1,0.0,0.08347571892978489,0.8461538461538461,0.8572940945323205
4599,2,tma3_E1,0.0,0.0715075709678673,1.0,0.927821380827677
4600,2,tma3_E1,0.0,0.08559756037010902,0.9302325581395349,0.7804106616352761
4601,2,tma3_E1,0.0,0.313992419799373,0.5287356321839081,0.7978265302361602
4602,2,tma3_E1,0.0,0.19952692741410438,0.6666666666666666,0.8592648596631943
4603,2,tma3_E1,0.0,0.548483139729854,0.6956521739130435,0.8892310732877694
4604,2,tma3_E1,0.0,0.6049311090210703,0.46236559139784944,1.0
4605,2,tma3_E1,0.0,0.4536029205730573,0.8043478260869565,1.0
4606,2,tma3_E1,0.0,0.2948834081925923,1.0,0.8586290485454692
4607,2,tma3_E1,0.0,0.17538403452380225,0.7333333333333333,1.0
4608,2,tma3_E1,0.0,0.6453226748446478,0.7857142857142857,1.0
4609,2,tma3_E1,0.0,0.5906222420377123,0.96,1.0
4610,2,tma3_E1,0.0,0.3472611133620481,0.5112781954887218,0.7424675384131065
4611,2,tma3_E1,0.0,0.6498939149848617,0.8,1.0
4612,2,tma3_E1,0.0,0.5685953607290507,0.5416666666666666,0.7095447037143187
4613,2,tma3_D2,0.0,0.27617723544147743,0.9615384615384616,1.0
4614,2,tma3_D2,0.0,0.3646239688904809,0.5094339622641509,0.8110566362509204
4615,2,tma3_C2,0.0,0.38642413456167535,0.5341365461847389,1.0
4616,2,tma3_C2,0.0,0.5168762497723678,0.6326530612244898,0.8238423619236745
4617,2,tma3_C2,0.0,0.7957421436640782,0.6428571428571429,0.948356896314129
4618,2,tma3_C2,0.0,0.15660606167906788,0.7619047619047619,1.0
4619,2,tma3_C2,0.0,0.33301110296911396,1.0,0.741657766233464
4620,2,tma3_C2,0.0,0.13371241673111656,0.92,0.7792327889881314
4621,2,tma3_C2,0.0,0.5606460734725609,0.78,1.0
4622,2,tma3_E2,0.0,0.5639957009261962,0.7358490566037735,1.0
4623,2,tma3_D2,0.0,0.4997530816080934,0.7333333333333333,1.0
4624,2,tma3_D2,0.0,0.7517437215958358,1.0,0.8837014232728901
4625,2,tma3_D2,0.0,0.5158241181488239,0.7894736842105263,0.8388147996708384
4626,2,tma3_E2,0.0,0.5064756120192593,0.4723127035830619,1.0
4627,2,tma3_E2,0.0,0.557441084937143,0.5555555555555556,0.8167870888160066
4628,2,tma3_E2,0.0,0.2736123724848044,1.0,0.8374246558013159
4629,2,tma3_E2,0.0,0.3900506427561694,0.36363636363636365,1.0
4630,2,tma3_E2,0.0,0.32951423946392666,0.5543478260869565,0.7592741005504641
4631,2,tma3_E2,0.0,0.4346683899644328,0.7894736842105263,1.0
4632,2,tma3_E2,0.0,0.5199810098713263,0.5256410256410257,0.8577069585345233
4633,2,tma3_E1,0.0,0.3626936486533783,0.8823529411764706,1.0
4634,2,tma3_E1,0.0,0.3805247292663658,0.9666666666666667,0.7558545581627636
4635,2,tma3_E1,0.0,0.6409856548024944,0.6041666666666666,0.8621433389442072
4636,2,tma3_E1,0.0,0.49084875786519355,0.8666666666666667,1.0
4637,2,tma3_E1,0.0,0.6598633926317234,0.5517241379310345,1.0
4638,2,tma3_E1,0.0,0.400150684121946,0.7777777777777778,0.867660293758289
4639,2,tma3_E1,0.11651904721802264,0.1286506150562432,0.6153846153846154,0.7640577256493829
4640,2,tma3_E1,0.0,0.3934276792755995,0.9285714285714286,0.7849049850738387
4641,2,tma3_E1,0.0,0.183030138378948,0.8947368421052632,1.0
4642,2,tma3_E1,0.0,0.20528897836345938,0.4838709677419355,0.6929910811721434
4643,2,tma3_E1,0.0,0.5818306560367641,1.0,0.761045948781816
4644,2,tma3_E1,0.0,0.5205199303165933,0.8235294117647058,1.0
4645,2,tma3_E1,0.0,0.49643853086709055,0.4073319755600815,1.0
4646,2,tma3_E1,0.0,0.40045730021823334,0.9545454545454546,0.7613653306147575
4647,2,tma3_E1,0.0,0.6549560243621987,0.4461538461538462,0.8537586643243468
4648,2,tma3_E1,0.0,0.6452404408286437,0.9523809523809523,1.0
4649,2,tma3_E1,0.0,0.16752777426945553,0.4418604651162791,0.7633120851341222
4650,2,tma3_E1,0.0,0.6426998269672255,0.7245508982035929,1.0
4651,2,tma3_E1,0.0,0.6011013982271732,0.8333333333333334,1.0
4652,2,tma3_E1,0.0,0.27941981879974864,0.5,0.9132724110347089
4653,2,tma3_E1,0.0,0.6829485514731547,0.7962962962962963,1.0
4654,2,tma3_E1,0.0,0.2760409673644405,0.5492957746478874,0.7170778807003618
4655,2,tma3_E1,0.01949358053763972,0.2846638595900385,0.76,0.6475875655231798
4656,2,tma3_E1,0.0,0.3530759571561698,0.7894736842105263,1.0
4657,2,tma3_E1,0.0,0.0864516761430596,1.0,0.8798660155733461
4658,2,tma3_E1,0.0,0.5936516611485603,0.7833333333333333,1.0
4659,2,tma3_E1,0.0,0.21490671357024105,1.0,0.59421234619786
4660,2,tma3_E1,0.0,0.4610249476773114,0.5384615384615384,1.0
4661,2,tma3_D1,0.0,0.29628219711024095,0.6385542168674698,1.0
4662,2,tma3_D1,0.0,0.5353593431848391,0.6521739130434783,0.9355611795731127
4663,2,tma3_D1,0.0,0.29867500134126335,0.8823529411764706,1.0
4664,2,tma3_E1,0.0,0.09880964304705764,0.7916666666666666,0.776547728783811
4665,2,tma3_D1,0.0,0.01117467292228902,0.6701030927835051,0.7396761396154037
4666,2,tma3_D1,0.0,0.5208288911204211,0.5625,1.0
4667,2,tma3_E1,0.0,0.18469553296361862,0.8823529411764706,0.9439855098847535
4668,2,tma3_E1,0.0,0.5720744627330955,0.7872340425531915,1.0
4669,2,tma3_F2,0.0,0.2460486309643959,0.42902010050251255,0.7210996001028075
4670,2,tma3_F2,0.0,0.07158564355674824,0.7101449275362319,0.5647960272452119
4671,2,tma3_F2,0.0,0.36660991788365194,0.6405529953917051,0.9340239316623793
4672,2,tma3_F2,0.0,0.586639449811722,0.6923076923076923,1.0
4673,2,tma3_F2,0.0,0.3875664873958672,0.6328767123287671,1.0
4674,2,tma3_F2,0.0,0.6096507253707177,0.3857566765578635,0.9336718547727273
4675,2,tma3_F2,0.0,0.5093389212594593,0.6829268292682927,1.0
4676,2,tma3_F2,0.0,0.3992812211667316,1.0,0.8810647591137347
4677,2,tma3_F2,0.0,0.5580635026023711,0.8333333333333334,0.7123387966856424
4678,2,tma3_F2,0.0,0.5185221926492944,0.6896551724137931,0.9334110345815271
4679,2,tma3_F2,0.0,0.5603908794416181,0.5317919075144508,1.0
4680,2,tma3_F2,0.0,0.4783696928210155,1.0,0.8998631037354374
4681,2,tma3_F2,0.0,0.6627410774983085,0.7727272727272727,0.8409656066522863
4682,2,tma3_F2,0.0,0.24360128241938706,0.45754716981132076,0.750938815911791
4683,2,tma3_F1,0.0,0.43508835541307167,0.6666666666666666,0.7911556036035554
4684,2,tma3_F1,0.0,0.3215050084326636,0.85,0.8262540201667319
4685,2,tma3_F1,0.0,0.029867980039607,0.4349593495934959,0.7037482845821611
4686,2,tma3_F1,0.0,0.5410738612385442,0.8536585365853658,0.8482328542617874
4687,2,tma3_F1,0.0,0.4134393716103666,0.6333333333333333,1.0
4688,2,tma3_F1,0.0,0.5447445984088641,0.6666666666666666,1.0
4689,2,tma3_F1,0.0,0.48137079305949915,0.8260869565217391,1.0
4690,2,tma3_F1,0.0,0.4756145845748503,0.5909090909090909,1.0
4691,2,tma3_F1,0.0,0.5257040066801586,0.8222222222222222,1.0
4692,2,tma3_F1,0.0,0.6092841736009643,0.9,0.9461227008407599
4693,2,tma3_F1,0.04007594699438721,0.19941800585188063,0.513986013986014,0.7575660702846996
4694,2,tma3_F1,0.0,0.11615235876690388,0.5222929936305732,0.7179443741386988
4695,2,tma3_F1,0.0,0.5061651146457757,0.639344262295082,0.8942681884717025
4696,2,tma3_F1,0.0,0.5731190938487013,0.6923076923076923,1.0
4697,2,tma3_F1,0.0,0.3332094451021068,0.75,1.0
4698,2,tma3_F1,0.0,0.6037055155634101,0.8235294117647058,0.9095800942227491
4699,2,tma3_F2,0.0,0.6986548473827001,0.4885844748858447,0.8659212202645745
4700,2,tma3_E1,0.0,0.651995324160697,0.7586206896551724,0.8465621103047914
4701,2,tma3_E1,0.0,0.26973560494948623,1.0,0.7194013370846555
4702,2,tma3_E1,0.0,0.14338784162081464,1.0,1.0
4703,2,tma3_E1,0.0,0.19415592711879137,1.0,0.8557483317900393
4704,2,tma3_F2,0.0,0.4720913920327138,0.8,1.0
4705,2,tma3_F2,0.0,0.7236312782682041,0.8571428571428571,1.0
4706,2,tma3_F2,0.0,0.014460747427670007,0.48447789275634995,0.7226540011692583
4707,2,tma3_F2,0.0,0.42228963365892325,0.4937655860349127,0.8932413679852611
4708,2,tma3_F2,0.0,0.4686724967982058,0.5619242579324463,1.0
4709,2,tma3_F2,0.0,0.23028425323073376,0.8130841121495327,0.7401180445690275
4710,2,tma3_F2,0.0,0.070960295523671,0.8809523809523809,0.820611424411318
4711,2,tma3_F2,0.0,0.3569341258639891,0.8571428571428571,0.8696574354686771
4712,2,tma3_F2,0.0,0.26290712635110214,0.4374508261211644,0.8575100407394949
4713,2,tma3_F2,0.0,0.4833319483029159,0.39092604101926665,1.0
4714,2,tma3_F2,0.0,0.5193005262788599,0.6047430830039525,1.0
4715,2,tma3_F2,0.0,0.6358289456015183,0.65,1.0
4716,2,tma3_F2,0.0,0.6155318235004898,0.59375,1.0
4717,2,tma3_F2,0.0,0.6962659898011012,0.8947368421052632,1.0
4718,2,tma3_F2,0.0,0.5653055479340086,0.6470588235294118,1.0
4719,2,tma3_F2,0.0,0.41532781369603256,0.9393939393939394,1.0
4720,2,tma3_F2,0.0,0.5466888143825178,0.5922330097087378,1.0
4721,2,tma3_F2,0.0,0.5171604006149351,0.4106412005457026,1.0
4722,2,tma3_F2,0.0,0.5509327396993134,0.8076923076923077,0.8115209465197328
4723,2,tma3_F2,0.0,0.6524873549442125,1.0,1.0
4724,2,tma3_F2,0.0,0.5014484045171457,0.6060606060606061,1.0
4725,2,tma3_F2,0.0,0.27894354755283157,0.7195121951219512,0.7219771839021232
4726,2,tma3_F3,0.0,0.4333196028870805,0.9375,0.8220503026105981
4727,2,tma3_E3,0.0,0.7466312799216259,0.4936708860759494,1.0
4728,2,tma3_F3,0.0,0.6643497465277942,0.9523809523809523,1.0
4729,2,tma3_E3,0.0,0.5669255586269654,0.5833333333333334,1.0
4730,2,tma3_D3,0.0,0.11514330427955033,0.6266666666666667,0.6902088941817054
4731,2,tma3_E3,0.0,0.5129573281813427,0.9166666666666666,1.0
4732,2,tma3_F2,0.0,0.48034305363483876,0.7708333333333334,1.0
4733,2,tma3_F2,0.0,0.09372644227098947,0.5357142857142857,0.7339283536161179
4734,2,tma3_F2,0.0,0.17117569592466275,0.735632183908046,0.7487626642766368
4735,2,tma3_F2,0.0,0.24107602980270437,0.45618556701030927,0.7693942575277415
4736,2,tma3_F2,0.0,0.5179713997131463,0.5483870967741935,1.0
4737,2,tma3_E2,0.0,0.21489098291790953,0.4583333333333333,0.9088878972476165
4738,2,tma3_E2,0.0,0.4613168516512218,0.8709677419354839,0.8578376209024328
4739,2,tma3_E2,0.0,0.6382602665860013,0.7647058823529411,1.0
4740,2,tma3_E2,0.0,0.19613128002754665,0.6041666666666666,0.6819593244301216
4741,2,tma3_E2,0.0,0.048190420850752314,0.9,1.0
4742,2,tma3_E2,0.0,0.30260103359775614,0.47435897435897434,0.7327995791661441
4743,2,tma3_E2,0.0,0.6427854060614027,0.7142857142857143,0.8567097898043914
4744,2,tma3_E2,0.0,0.2134605843684716,0.631578947368421,1.0
4745,2,tma3_E2,0.0,0.6684410468502733,0.627906976744186,0.9306899154502897
4746,2,tma3_E2,0.022171725759173033,0.014285680078908292,0.6666666666666666,0.7040916466384058
4747,2,tma3_F2,0.0,0.2062300778595022,0.7,0.7151668830989496
4748,2,tma3_E2,0.0,0.4083033440920143,0.8571428571428571,0.8082356262646778
4749,2,tma3_E2,0.0,0.5615077985886936,0.5,1.0
4750,2,tma3_E2,0.0,0.4418394106245016,0.6923076923076923,0.765230824165923
4751,2,tma3_E2,0.0,0.6692127447769016,0.7,1.0
4752,2,tma3_E2,0.0,0.2774281699354971,0.676056338028169,0.8648471240855926
4753,2,tma3_E2,0.0,0.6128671655865421,0.6206896551724138,1.0
4754,2,tma3_E2,0.0,0.32468643436926947,0.5324675324675324,1.0
4755,2,tma3_F2,0.0,0.5249185927053941,0.5454545454545454,0.8422126457499285
4756,2,tma3_F3,0.0,0.5286076526393145,0.5051546391752577,1.0
4757,2,tma3_F3,0.0,0.27024859435596793,0.7446808510638298,0.8004112424368433
4758,2,tma3_F3,0.0,0.4346904360478935,0.9285714285714286,1.0
4759,2,tma3_F3,0.0,0.39591304013674444,0.5206611570247934,1.0
4760,2,tma3_F3,0.0,0.11162976750105313,0.5517241379310345,0.7127672362432006
4761,2,tma3_F3,0.0,0.14959367423571257,1.0,0.7973660787999787
4762,2,tma3_F3,0.0,0.7295696597023478,0.9411764705882353,1.0
4763,2,tma3_E3,0.0,0.7413647200900635,0.39823008849557523,1.0
4764,2,tma3_E3,0.0,0.7649668199785684,0.6578947368421053,1.0
4765,2,tma3_E3,0.0,0.43127108015555093,0.4977578475336323,1.0
4766,2,tma3_E3,0.0,0.1379662784609288,0.8412698412698413,0.8466799568948605
4767,2,tma3_E3,0.0,0.5071830626841765,0.8421052631578947,0.8039514809042408
4768,2,tma3_E3,0.0,0.20322284218704634,0.85,0.6176171708753838
4769,2,tma3_E3,0.0,0.04823145422229391,0.33430162188332124,0.8018463916215243
4770,2,tma3_E3,0.0,0.28215161307921244,1.0,1.0
4771,2,tma3_F3,0.0,0.037227375719265154,0.6206896551724138,0.7510452408861666
4772,2,tma3_F3,0.0,0.013318468326622201,0.5511811023622047,0.9118950024485508
4773,2,tma3_F3,0.0,0.23758140900849156,0.6444444444444445,0.7545637129985497
4774,2,tma3_F3,0.0,0.23428293373040876,0.6083650190114068,0.7346968279593274
4775,2,tma3_F3,0.0,0.6772962092436097,0.6027397260273972,0.8865309269036508
4776,2,tma3_F3,0.0,0.48838408037721204,0.8387096774193549,0.6956597131183475
4777,2,tma3_E3,0.0,0.5928340203596076,0.6385542168674698,1.0
4778,2,tma3_E3,0.0,0.4633580736853282,0.6911764705882353,0.8593606632633357
4779,2,tma3_E3,0.0,0.4520295604689293,0.3831891223733004,0.8316512188729864
4780,2,tma3_E3,0.0,0.26101203378515747,0.8181818181818182,0.8676359583111988
4781,2,tma3_E3,0.0,0.64883380302507,0.782608695652174,1.0
4782,2,tma3_E3,0.0,0.6158754860506781,0.8709677419354839,1.0
4783,2,tma3_E3,0.0,0.685121762783058,0.8947368421052632,1.0
4784,2,tma3_D3,0.0,0.1069190727330539,0.9473684210526315,0.7239757761845821
4785,2,tma3_D3,0.0,0.7287592918925889,0.8636363636363636,1.0
4786,2,tma3_D3,0.0,0.16287673596691454,0.6153846153846154,0.7225478600206396
4787,2,tma3_D3,0.0,0.36113939153094476,0.5535714285714286,0.774424335301785
4788,2,tma3_D3,0.0,0.540953423530018,0.6956521739130435,1.0
4789,2,tma3_D3,0.0,0.44857069400936,0.7570093457943925,1.0
4790,2,tma3_D3,0.0,0.5387631165734437,0.8888888888888888,1.0
4791,2,tma3_D3,0.0,0.47317471578012915,0.8421052631578947,1.0
4792,2,tma3_D3,0.0020647016751924596,0.5354748962973055,0.7647058823529411,0.7867141202445237
4793,2,tma3_D3,0.0,0.3935116509865435,1.0,1.0
4794,2,tma3_D3,0.0,0.16355254577033096,0.6048387096774194,1.0
4795,2,tma3_D3,0.0,0.2007841544097222,0.7368421052631579,0.7446712382105269
4796,2,tma3_E3,0.0,0.5460886241518849,0.8461538461538461,1.0
4797,2,tma3_E3,0.0,0.4360339105490847,0.43043478260869567,1.0
4798,2,tma3_E3,0.0,0.3167022891556964,0.7951807228915663,0.9060958673238919
4799,2,tma3_E3,0.0,0.6059844401823974,0.85,0.8417325357455597
4800,2,tma3_E3,0.0,0.22278723051343896,0.5236220472440944,0.91255537606911
4801,2,tma3_F3,0.0,0.50944901851138,0.5772727272727273,1.0
4802,2,tma3_F3,0.0,0.6164261916092508,0.6074766355140186,0.8821488698022419
4803,2,tma3_F3,0.0,0.5401341377725082,0.6857142857142857,1.0
4804,2,tma3_F3,0.0,0.278513021310802,0.78,0.8335117820933751
4805,2,tma3_F3,0.0,0.5925087893387636,0.8,1.0
4806,2,tma3_F3,0.0,0.041807253463121974,0.5,0.855491592740608
4807,2,tma3_F3,0.0,0.6171195961860605,0.5263157894736842,1.0
4808,2,tma3_F3,0.0,0.5004388845174138,0.8181818181818182,1.0
4809,2,tma3_E3,0.0,0.5007255748576076,0.5544217687074829,0.8141049971126578
4810,2,tma3_E3,0.0,0.447862088597749,0.6970802919708029,1.0
4811,2,tma3_E3,0.0,0.4043336047143916,0.5986394557823129,1.0
4812,2,tma3_E3,0.0,0.12321628211702373,0.9,0.8162382791956956
4813,2,tma3_F3,0.0,0.8247583587494087,0.84,1.0
4814,2,tma3_F3,0.0,0.5715324523811139,0.6136363636363636,1.0
4815,2,tma3_F3,0.0,0.6248144565317667,0.9523809523809523,1.0
4816,2,tma3_F3,0.0,0.4185505110502191,0.5661375661375662,1.0
4817,2,tma3_F3,0.0,0.8083379677848365,0.7346938775510204,1.0
4818,2,tma3_F3,0.0,0.45033625456274395,0.78125,1.0
4819,2,tma3_F3,0.0,0.33054743616714166,0.7037037037037037,0.8552045637183102
4820,2,tma3_F3,0.0,0.3637505081260728,0.8076923076923077,0.9315490274337229
4821,2,tma3_E3,0.0,0.5582450972882356,0.5854922279792746,1.0
4822,2,tma3_E3,0.0,0.44306952940695987,0.44886363636363635,0.8097749562627417
4823,2,tma3_E3,0.0,0.2743127455783726,0.603448275862069,0.7009774675383055
4824,2,tma3_E3,0.0,0.5817268754484057,0.6923076923076923,1.0
4825,2,tma3_E3,0.0,0.18344354764834303,0.6377952755905512,0.747341656018186
4826,2,tma3_E3,0.0,0.4590288994738113,0.5517241379310345,0.8317149929276656
4827,2,tma3_E3,0.0,0.7144432992736649,0.6666666666666666,1.0
4828,2,tma3_E3,0.0,0.5658557524816825,0.6296296296296297,0.8061106944229727
4829,2,tma3_E3,0.0,0.5824345764151475,0.7,1.0
4830,2,tma3_E3,0.0,0.24278692814761882,1.0,1.0
4831,2,tma3_E3,0.0,0.5475816657131636,0.6521739130434783,1.0
4832,2,tma3_E3,0.0,0.2958887753135637,0.8421052631578947,0.7500279330048223
4833,2,tma3_E3,0.0,0.372577069014717,1.0,1.0
4834,2,tma3_E3,0.0,0.5663471635277746,0.5,1.0
4835,2,tma3_E3,0.0,0.5432978063367486,0.7678571428571429,1.0
4836,2,tma3_E3,0.0,0.6209357618876995,0.49019607843137253,1.0
4837,2,tma3_D3,0.0,0.6201260086734889,1.0,1.0
4838,2,tma3_D3,0.0,0.39948585812705684,0.6521739130434783,1.0
4839,2,tma3_D3,0.0,0.6390454483515696,0.8571428571428571,0.9188133476244831
4840,2,tma3_D3,0.0,0.21958962142421634,0.7096774193548387,0.725895523255494
4841,2,tma3_C3,0.0,0.5121979959109357,0.6440677966101694,1.0
4842,2,tma3_C3,0.0,0.19054091648480298,0.550561797752809,0.7923608338095397
4843,2,tma3_C3,0.0,0.4784668172337121,0.5586206896551724,0.7821292461259102
4844,2,tma3_C3,0.0,0.47010784475430467,0.65625,0.8504295846736822
4845,2,tma3_C3,0.0,0.44394281468061514,0.7954545454545454,1.0
4846,2,tma3_C3,0.0,0.5942215708912975,0.6030534351145038,1.0
4847,2,tma3_C3,0.0,0.705260108980767,0.47345132743362833,1.0
4848,2,tma3_C3,0.0,0.6635003649124485,0.9411764705882353,0.848992751274461
4849,2,tma3_C3,0.0,0.2507778558889423,0.6555555555555556,0.7286589568682991
4850,2,tma3_C3,0.0,0.4008252353820171,0.6666666666666666,0.8053413561637863
4851,2,tma3_C3,0.0,0.6542826259563403,0.9230769230769231,1.0
4852,2,tma3_C3,0.0,0.4909431682893004,0.5272727272727272,1.0
4853,2,tma3_C3,0.0,0.03181206179521412,0.813953488372093,0.9190248930123968
4854,2,tma3_C3,0.0,0.3378683841282041,0.7777777777777778,1.0
4855,2,tma3_C3,0.0,0.3937678015119841,0.8823529411764706,0.7925926247297662
4856,2,tma3_C3,0.0,0.5230391614335297,0.6551724137931034,0.8235535949101921
4857,2,tma3_C3,0.0,0.636787570834503,0.5956284153005464,1.0
4858,2,tma3_C3,0.0,0.45632388603515617,0.625,1.0
4859,2,tma3_C3,0.0,0.5229916828433222,0.4519774011299435,1.0
4860,2,tma3_C3,0.0,0.6464921108704025,0.7407407407407407,1.0
4861,2,tma3_C3,0.0,0.3300943591991262,0.9428571428571428,0.8693511795745605
4862,2,tma3_C3,0.0,0.2715449859097173,0.5333333333333333,0.8424111916233503
4863,2,tma3_C3,0.0,0.4273953982258396,0.6744186046511628,0.784630180097303
4864,2,tma3_C3,0.0,0.6607435164781446,0.5,1.0
4865,2,tma3_C3,0.0,0.2593140343948307,0.8888888888888888,1.0
4866,2,tma3_C3,0.0,0.3907571048354652,0.6444444444444445,0.8285283309277581
4867,2,tma3_C3,0.0,0.026910364420559163,0.8666666666666667,0.8143226193457073
4868,2,tma3_C3,0.0,0.4152770561431064,0.76,1.0
4869,2,tma3_C3,0.0,0.40624395997835006,0.5862068965517241,0.7986249174334525
4870,2,tma3_D3,0.0,0.36383335809258976,0.5376344086021505,0.7907665194506325
4871,2,tma3_D3,0.0,0.7429553521828813,0.7586206896551724,1.0
4872,2,tma3_D3,0.0,0.4477465813296202,0.68,0.771528365192713
4873,2,tma3_D3,0.0,0.639710182887109,0.6,0.8564512857656926
4874,2,tma3_D3,0.0,0.49627575432106075,0.7428571428571429,0.7838511853911204
4875,2,tma3_D3,0.0,0.4286956894925418,0.9473684210526315,1.0
4876,2,tma3_E3,0.0,0.5995835825641168,0.5777777777777777,1.0
4877,2,tma3_D3,0.0,0.09611884554547145,0.5507246376811594,0.6988081239646283
4878,2,tma3_D3,0.0,0.5448565033245205,0.6547619047619048,1.0
4879,2,tma3_D3,0.0,0.6695837922766232,0.8461538461538461,1.0
4880,2,tma3_D3,0.0,0.5401370759907156,0.45132743362831856,0.8244987757458951
4881,2,tma3_D3,0.0,0.16782286831929405,0.8363636363636363,0.7001350184187275
4882,2,tma3_D3,0.0,0.03778485142882926,0.9215686274509803,0.7043814766943656
4883,2,tma3_D3,0.0,0.646410548941556,0.8888888888888888,1.0
4884,2,tma3_D3,0.0,0.3752562279285496,0.6296296296296297,0.7763171300491201
4885,2,tma3_D3,0.0,0.05160267062999979,0.8421052631578947,0.5875166740837695
4886,2,tma3_E3,0.0,0.6101383474502018,0.6666666666666666,1.0
4887,2,tma3_C3,0.0,0.5079488128396611,0.7647058823529411,1.0
4888,2,tma3_D3,0.0,0.7116971212599961,0.7619047619047619,1.0
4889,2,tma3_D3,0.0,0.3920522461363647,0.6551724137931034,1.0
4890,2,tma3_D3,0.0,0.3906257385184009,0.47959183673469385,0.9093191596535884
4891,2,tma3_D3,0.0,0.6150881123838554,0.6857142857142857,0.8587095422368161
4892,2,tma3_D3,0.0,0.5857141585126251,0.8148148148148148,1.0
4893,2,tma3_D3,0.0,0.5790319679710796,1.0,1.0
4894,2,tma3_D3,0.0,0.5521734318372039,0.6060606060606061,0.7998953912421723
4895,2,tma3_E3,0.0,0.2175702700468215,0.6405228758169934,0.702830747683198
4896,2,tma3_E3,0.0,0.621228840179536,0.8666666666666667,1.0
4897,2,tma3_E3,0.0,0.09202816697213079,1.0,0.7979967314287291
4898,2,tma3_E3,0.0,0.13652739487644427,0.4925373134328358,0.9279524224142488
4899,2,tma3_E3,0.0,0.5766164740311166,0.7058823529411765,1.0
4900,2,tma3_F3,0.0,0.4229218416642425,0.7413793103448276,0.8314341993155238
4901,2,tma3_F3,0.0,0.5969620330417628,0.7446808510638298,1.0
4902,2,tma3_F3,0.0,0.5539573854504416,0.68,1.0
4903,2,tma3_F3,0.0,0.46537362927547576,0.75,1.0
4904,2,tma3_F3,0.0,0.6850965199730306,0.5957446808510638,1.0
4905,2,tma3_F3,0.0,0.6509078774541902,0.5675675675675675,1.0
4906,2,tma3_F3,0.0,0.08156586721753523,0.5234899328859061,0.8061517504426415
4907,2,tma3_F3,0.0,0.33365989577651267,0.6455696202531646,0.9192002764657937
4908,2,tma3_F3,0.0,0.5477546321485167,0.5348837209302325,0.907727894454187
4909,2,tma3_F3,0.0,0.5839085331889906,0.675,0.8869822336114621
4910,2,tma3_F3,0.0,0.47334411618987837,0.6785714285714286,1.0
4911,2,tma3_F3,0.0,0.2374029243438628,0.9444444444444444,0.8064668047678095
4912,2,tma3_F3,0.0,0.10290367098495368,1.0,1.0
4913,2,tma3_F3,0.0,0.5423270536496232,0.7272727272727273,0.9223809972068956
4914,2,tma3_F3,0.0,0.4856675382843715,0.45754716981132076,1.0
4915,2,tma3_F3,0.0,0.5532815781987432,1.0,1.0
4916,2,tma3_F3,0.0,0.36188069348483554,1.0,0.9414314969960201
4917,2,tma3_F3,0.0,0.6998490335979586,0.5185185185185185,1.0
4918,2,tma3_F3,0.0,0.6220163717570589,0.5833333333333334,1.0
4919,2,tma3_F3,0.0,0.454406158675541,0.5757575757575758,1.0
4920,2,tma3_F3,0.0,0.42791258492277817,0.72,1.0
4921,2,tma3_F3,0.0,0.754338471424395,0.8823529411764706,1.0
4922,2,tma3_F3,0.0,0.3595598640611607,0.8421052631578947,1.0
4923,2,tma3_F3,0.0,0.4964182330253075,0.5306122448979592,0.8233040983761571
4924,2,tma3_F3,0.0,0.5955468769010279,0.7714285714285715,1.0
4925,2,tma3_F3,0.0,0.20434499629129876,0.7083333333333334,0.8874078164479111
4926,2,tma3_F3,0.0,0.33607669951121966,0.875,1.0
4927,2,tma3_F3,0.0,0.36883893588466565,0.7692307692307693,0.9019813927005451
4928,2,tma3_F3,0.0,0.16710662742837512,0.8333333333333334,0.7512169216486486
4929,2,tma3_D2,0.0,0.5842441428538259,0.7105263157894737,1.0
4930,2,tma3_D2,0.0,0.4334734588304696,0.74,0.7916205132642875
4931,2,tma3_D2,0.0,0.6948327512835445,0.8181818181818182,0.9203578441701903
4932,2,tma3_D2,0.0,0.03663910390808245,0.5625,0.9067509149876888
4933,2,tma3_D2,0.0,0.387875406463826,0.568,1.0
4934,2,tma3_D2,0.0,0.3658791689792308,0.5686274509803921,1.0
4935,2,tma3_D2,0.0,0.6032254253611218,0.875,0.926245626378026
4936,2,tma3_D2,0.0,0.7239329717063685,0.5714285714285714,1.0
4937,2,tma3_D2,0.0,0.1953933996142423,0.9090909090909091,0.7285811294527574
4938,2,tma3_D2,0.0,0.05605326188505266,1.0,1.0
4939,2,tma3_D2,0.0,0.49028282757405894,0.8461538461538461,0.8006032978067468
4940,2,tma3_D2,0.0,0.5741208272112461,0.5833333333333334,1.0
4941,2,tma3_D2,0.0,0.6492854898026619,0.625,0.848215606831234
4942,2,tma3_D2,0.0,0.39883711779750364,1.0,0.8382770002039169
4943,2,tma3_D2,0.016016443041138584,0.19964772989605162,0.5714285714285714,0.7660785199382447
4944,2,tma3_D2,0.0,0.5652301788998042,0.7894736842105263,1.0
4945,2,tma3_D2,0.0,0.14482925321965645,0.8421052631578947,0.7257913217968036
4946,2,tma3_D2,0.0,0.4026546185004659,0.9047619047619048,1.0
4947,2,tma3_D1,0.0,0.17986550281487157,0.7037037037037037,1.0
4948,2,tma3_C1,0.0,0.037791281663450804,0.6875,1.0
4949,2,tma3_C1,0.0,0.25069411434772615,0.5625,1.0
4950,2,tma3_C1,0.0,0.42614726104228884,0.5,1.0
4951,2,tma3_C1,0.0,0.7292248868729663,0.8125,1.0
4952,2,tma3_C1,0.0,0.38586414519277024,0.68,0.9208297691923073
4953,2,tma3_C1,0.0,0.013127170195337712,0.73,0.7106070184135239
4954,2,tma3_C1,0.0,0.36195604020628125,0.7407407407407407,0.7865134843793249
4955,2,tma3_C1,0.0,0.5235827703231928,0.9375,1.0
4956,2,tma3_C1,0.0,0.5586691823720846,1.0,1.0
4957,2,tma3_C1,0.0,0.4423337644882229,0.8095238095238095,0.9103500720620711
4958,2,tma3_C1,0.0,0.5802024005758007,0.7727272727272727,1.0
4959,2,tma3_C1,0.0,0.3165090731098298,0.8043478260869565,1.0
4960,2,tma3_C1,0.0,0.5580027055288412,0.9787234042553191,1.0
4961,2,tma3_D2,0.0,0.5355398409216985,0.6904761904761905,0.8236521080380282
4962,2,tma3_A3,0.0,0.03386101907309025,0.9375,0.7181951100519853
4963,2,tma3_A3,0.0,0.2048469125902047,1.0,0.8912851589793795
4964,2,tma3_A3,0.0,0.10574640607717223,0.95,0.7632152719312875
4965,2,tma3_A3,0.0,0.2555509762843833,1.0,1.0
4966,2,tma3_A3,0.0,0.020906276291543846,0.7142857142857143,0.7843075920104586
4967,2,tma3_A3,0.0,0.25993679331997044,0.6795580110497238,0.899828931487341
4968,2,tma3_A3,0.0,0.226767820705287,0.7708333333333334,0.8567546377319927
4969,2,tma3_A3,0.0,0.024775351247345312,0.6956521739130435,1.0
4970,2,tma3_A3,0.07410779453302996,0.2502268212621247,0.6363636363636364,0.732150378310994
4971,2,tma3_A3,0.0,0.5156000504083481,0.4251497005988024,1.0
4972,2,tma3_A3,0.0,0.4755767733156083,0.5447154471544715,0.7807421960121149
4973,2,tma3_A3,0.0,0.023571386154033425,0.9811320754716981,0.806733024069904
4974,2,tma3_A3,0.0,0.6266234859400436,0.7894736842105263,1.0
4975,2,tma3_A3,0.0,0.41547866583121085,0.9285714285714286,0.8366593690403562
4976,2,tma3_A3,0.0,0.6277120027688021,0.7948717948717948,1.0
4977,2,tma3_A3,0.0,0.8145757662743371,0.7142857142857143,1.0
4978,2,tma3_A3,0.0,0.46406811707573126,0.8,0.7747159881643624
4979,2,tma3_A3,0.0,0.6300458899344059,0.6694214876033058,1.0
4980,2,tma3_A3,0.0,0.02187173987853208,0.96,0.8180942945669205
4981,2,tma3_A3,0.0,0.6732245925646819,0.8235294117647058,1.0
4982,2,tma3_A3,0.0,0.4867447792218038,0.8387096774193549,1.0
4983,2,tma3_A3,0.0,0.6799085553685853,0.7647058823529411,1.0
4984,2,tma3_A3,0.0,0.4682677750096056,0.90625,1.0
4985,2,tma3_A3,0.0,0.45237840156822373,0.8846153846153846,1.0
4986,2,tma3_A3,0.0,0.48890154294290256,0.5478260869565217,1.0
4987,2,tma3_A3,0.0,0.04659460923534686,0.6206896551724138,0.8485623528823943
4988,2,tma3_C2,0.0,0.36664832120456425,0.9375,0.9185757472596376
4989,2,tma3_C2,0.0,0.5045824339290855,0.7,0.9147924612664505
4990,2,tma3_C2,0.0,0.4597551725259209,0.78125,1.0
4991,2,tma3_C2,0.0,0.663824065634818,0.6451612903225806,1.0
4992,2,tma3_C2,0.0,0.6343753749570814,0.6,1.0
4993,2,tma3_C2,0.0,0.20791421931921195,0.5581395348837209,0.8223279047487135
4994,2,tma3_C2,0.0,0.22915797355537815,0.75,1.0
4995,2,tma3_C2,0.0,0.4258540556191861,1.0,0.7479830832264611
4996,2,tma3_C2,0.0,0.3683626865729279,0.85,0.6241127469168919
4997,2,tma3_C2,0.0,0.0004824788590301887,0.8448275862068966,1.0
4998,2,tma3_E1,0.0,0.3450185623835993,1.0,1.0
4999,2,tma2_D1,0.0,0.22621200958442778,0.8571428571428571,0.7512157733261694
5000,2,tma2_E1,0.0,0.18207392678283463,0.3945529617278069,1.0
5001,2,tma2_D1,0.0,0.17841527853822292,0.5543478260869565,0.8906640320834683
5002,2,tma2_D1,0.0,0.1904134528836775,0.4666666666666667,0.7084482364612156
5003,2,tma2_D1,0.0,0.26324521323965255,0.35179640718562877,1.0
5004,2,tma2_E1,0.0,0.1532848599938994,0.8529411764705882,0.6864076610385278
5005,2,tma2_E1,0.0,0.4369504656192639,0.7377777777777778,0.9343993376601335
5006,2,tma2_E1,0.0,0.2491301848807257,0.42857142857142855,0.8555235470079117
5007,2,tma2_E1,0.0,0.46569979375541093,1.0,0.8762967643225357
5008,2,tma2_E1,0.0,0.6684730640836359,0.8409785932721713,1.0
5009,2,tma2_D1,0.0,0.6635909372743107,0.39,1.0
5010,2,tma2_D1,0.0,0.6560938812092953,0.85,1.0
5011,2,tma2_D1,0.0,0.5426486525796484,0.5466666666666666,0.8390593065262754
5012,2,tma2_D1,0.0,0.6948204400185743,0.671875,1.0
5013,2,tma2_D1,0.0,0.4681519577029407,0.41007194244604317,1.0
5014,2,tma2_D1,0.0,0.6772924079848042,0.416,0.8775954566153936
5015,2,tma2_D1,0.0,0.5664921771121219,1.0,1.0
5016,2,tma2_D1,0.0,0.6309826949107573,0.8666666666666667,1.0
5017,2,tma2_D1,0.0,0.3946002792566927,0.4925373134328358,0.815484482269623
5018,2,tma2_D1,0.0,0.6440948481783076,0.5082417582417582,1.0
5019,2,tma2_D1,0.0,0.0003796863639606851,0.9069767441860465,0.8719674703824886
5020,2,tma2_D1,0.0,0.22418241479287115,1.0,0.7251716000771368
5021,2,tma2_D1,0.0,0.5145052702221004,0.7777777777777778,1.0
5022,2,tma2_F1,0.0,0.25247269408875006,0.514625992478061,0.909251588421623
5023,2,tma2_F1,0.0,0.46792772808658223,0.46082337317397076,1.0
5024,2,tma2_E1,0.0,0.04949085129745556,1.0,0.8627691154248678
5025,2,tma2_E1,0.0,0.3500207365834779,0.4991023339317774,1.0
5026,2,tma2_E1,0.0,0.15321243779388427,0.4346672562458545,1.0
5027,2,tma2_E1,0.0,0.5439045344572083,0.9444444444444444,1.0
5028,2,tma2_E1,0.0,0.5164550196288071,0.6036036036036037,1.0
5029,2,tma2_E1,0.0,0.4913228672629445,0.8771929824561403,1.0
5030,2,tma2_E1,0.0,0.4000501827602426,0.9473684210526315,1.0
5031,2,tma2_E1,0.0,0.4062848123611147,0.535031847133758,1.0
5032,2,tma2_E1,0.0,0.04942770250227402,0.5286783042394015,0.694238716390606
5033,2,tma2_E1,0.0,0.6349011094837981,0.8947368421052632,1.0
5034,2,tma2_F1,0.0,0.544307185176704,0.5702479338842975,1.0
5035,2,tma2_F1,0.009475685247183119,0.1969658273096352,0.746031746031746,0.7552095806788433
5036,2,tma2_F1,0.0,0.25538917707392994,1.0,1.0
5037,2,tma2_F1,0.0,0.4800125306480103,0.5077881619937694,1.0
5038,2,tma2_F1,0.0,0.49038658131751267,0.6306818181818182,0.848451931779686
5039,2,tma2_F1,0.0,0.3429625659778749,0.38833399920095885,0.8249318851093715
5040,2,tma2_F1,0.0,0.3862019391874657,0.7064220183486238,0.7623984336382957
5041,2,tma2_F1,0.0,0.43302958432129857,0.8518518518518519,0.9366960168260944
5042,2,tma2_F1,0.0,0.5287006740535785,0.6774193548387096,1.0
5043,2,tma2_F1,0.0,0.3246466440488259,0.8888888888888888,0.7526272088066336
5044,2,tma2_F1,0.0,0.3398319207915237,0.46894803548795944,1.0
5045,2,tma2_F1,0.0,0.5441134931615812,0.647887323943662,1.0
5046,2,tma2_F1,0.0,0.3804590977307646,0.3384615384615385,1.0
5047,2,tma2_E1,0.0,0.3173546222886954,0.46574225122349105,1.0
5048,2,tma2_E1,0.0,0.24158310999112365,0.4358974358974359,0.7238965807110808
5049,2,tma2_E1,0.0,0.19237341966626542,0.6444444444444445,1.0
5050,2,tma2_E1,0.0,0.5107847609768595,0.8018867924528302,1.0
5051,2,tma2_E1,0.0,0.4448741206450415,0.7666666666666667,1.0
5052,2,tma2_E1,0.0,0.6737537499656836,0.6428571428571429,1.0
5053,2,tma2_E1,0.0,0.2744169036199766,0.6952380952380952,0.842876072438089
5054,2,tma2_E1,0.0,0.6767258453600353,0.7319587628865979,1.0
5055,2,tma2_E1,0.0,0.4408358679015718,0.5417940876656473,1.0
5056,2,tma2_E1,0.0,0.36863310327069376,0.9047619047619048,0.868652999947687
5057,2,tma2_E1,0.0,0.7073636206292835,0.8636363636363636,1.0
5058,2,tma2_D1,0.0,0.23626546676868476,0.5643564356435643,1.0
5059,2,tma2_D1,0.0,0.5334699408412564,0.6590909090909091,1.0
5060,2,tma2_D1,0.0,0.16757866934494936,0.4666666666666667,0.7605605535345875
5061,2,tma2_D1,0.0,0.7008988546139274,0.44920440636474906,1.0
5062,2,tma2_D1,0.0,0.5472860869621643,0.5652173913043478,1.0
5063,2,tma2_D1,0.0,0.47743660482419736,0.7916666666666666,0.8012201172575587
5064,2,tma2_D1,0.0,0.22184420064978694,0.8076923076923077,0.9045704060600976
5065,2,tma2_D1,0.0,0.42470111774782626,0.6428571428571429,0.7550140062886179
5066,2,tma2_D1,0.05205606161130727,0.19017019874372276,0.9,0.7273985043636727
5067,2,tma2_D1,0.0,0.1915135428603698,0.5394736842105263,0.7525788460404914
5068,2,tma2_E1,0.0,0.18574611177411016,1.0,0.7329635199549109
5069,2,tma2_E1,0.0,0.372262964468944,0.5666666666666667,0.7810647975522237
5070,2,tma2_E1,0.0,0.43544128015370764,0.9411764705882353,0.7745171296280814
5071,2,tma2_E1,0.0,0.01210977815803993,1.0,0.8235425540509741
5072,2,tma2_E1,0.0,0.1337142337633983,0.8888888888888888,0.8269249297439015
5073,2,tma2_D1,0.0,0.6327632157776699,0.7368421052631579,1.0
5074,2,tma2_E1,0.0,0.21199796610187915,0.7894736842105263,0.7379653647475911
5075,2,tma2_D1,0.0,0.030338254274547505,0.5763546798029556,0.8580922944988898
5076,2,tma2_D1,0.0,0.06106949750478208,1.0,0.79951697687284
5077,2,tma2_D1,0.0,0.6039755728161638,0.6551724137931034,1.0
5078,2,tma2_D1,0.0,0.6747174740928618,0.5691823899371069,1.0
5079,2,tma2_E1,0.0,0.23248441706019363,0.458477508650519,0.7994774569008446
5080,2,tma2_E1,0.0,0.28298971037892096,0.6785714285714286,1.0
5081,2,tma2_B2,0.0,0.35253412612410007,0.6420454545454546,0.8756741951802376
5082,2,tma2_B2,0.0,0.3842509914568982,0.8,1.0
5083,2,tma2_B2,0.0,0.30791212916222144,0.85,0.7497166186730494
5084,2,tma2_B2,0.0,0.44771062492384195,0.88,0.7990717002284431
5085,2,tma2_B2,0.0,0.1588986391003836,0.5357142857142857,0.7310329467251819
5086,2,tma2_B2,0.0,0.268574930436427,0.7,0.9338926290505883
5087,2,tma2_B2,0.0,0.04446367205118851,0.75,0.7661476115177623
5088,2,tma2_B2,0.0,0.4814846265134507,0.8125,1.0
5089,2,tma2_B2,0.0,0.5735707745219093,0.5555555555555556,1.0
5090,2,tma2_B2,0.0,0.3295295123097449,0.46619217081850534,0.8657396403201791
5091,2,tma2_B2,0.0,0.2232758315485981,0.7021276595744681,0.802757409233905
5092,2,tma2_B2,0.0,0.42306370832066764,0.6428571428571429,1.0
5093,2,tma2_B2,0.0,0.591311159879425,0.44680851063829785,1.0
5094,2,tma2_B2,0.0,0.5931997138711813,0.9473684210526315,1.0
5095,2,tma2_B2,0.0,0.4110265235569073,0.6363636363636364,0.7582199561033751
5096,2,tma2_B2,0.0,0.524768345443311,0.717948717948718,1.0
5097,2,tma2_B2,0.0,0.49335885732837736,0.7,0.6797452247774189
5098,2,tma2_B2,0.0,0.6220620353223265,0.8064516129032258,1.0
5099,2,tma2_B2,0.0,0.19981890295081395,0.6865671641791045,0.8365899241500546
5100,2,tma2_B2,0.0,0.3523484987890052,0.4838709677419355,0.9138299133067947
5101,2,tma2_B2,0.0,0.5882698801791373,0.9333333333333333,1.0
5102,2,tma2_B2,0.0,0.42737610938397796,0.6129032258064516,0.7745940089509649
5103,2,tma2_B2,0.0,0.4309887268304483,0.7647058823529411,0.7409316431755055
5104,2,tma2_B2,0.0,0.3024540807949715,0.9333333333333333,0.9131038871186735
5105,2,tma2_B2,0.0,0.5348295497272721,0.5666666666666667,1.0
5106,2,tma2_B2,0.0,0.32260107100525826,0.75,0.8036121788329362
5107,2,tma2_B2,0.0,0.4298860227344785,1.0,0.7893943568661843
5108,2,tma2_B2,0.0,0.4464534177936479,0.875,1.0
5109,2,tma2_B2,0.0,0.2230627557897874,1.0,1.0
5110,2,tma2_B3,0.0,0.13121520910078743,0.5588235294117647,0.8014058018200146
5111,2,tma2_B3,0.0,0.49647737415342885,0.584070796460177,1.0
5112,2,tma2_B3,0.0,0.5907071428745947,0.7254901960784313,1.0
5113,2,tma2_B3,0.0,0.5918841649341828,0.53125,1.0
5114,2,tma2_B3,0.0,0.0117308833049109,0.6607142857142857,1.0
5115,2,tma2_B3,0.0,0.47903366769029443,0.515625,1.0
5116,2,tma2_B3,0.0,0.5535728895608132,0.9375,0.905957447066199
5117,2,tma2_B3,0.0,0.36999591083717476,1.0,0.8919089308936773
5118,2,tma2_B3,0.0,0.48510921035744214,0.7380952380952381,0.737251877316763
5119,2,tma2_B3,0.0,0.44304814336792264,0.7162162162162162,0.9417627494031676
5120,2,tma2_B3,0.0,0.5915347161309084,0.8636363636363636,0.8725973826032639
5121,2,tma2_B3,0.0,0.004226802433710541,0.5298013245033113,0.8099169404017441
5122,2,tma2_B3,0.0,0.28371574864807114,0.6714285714285714,0.799909257354845
5123,2,tma2_B3,0.0,0.7188369822048392,0.6779661016949152,0.9261932997200235
5124,2,tma2_B3,0.0,0.6212586766039718,0.6304347826086957,1.0
5125,2,tma2_B3,0.0,0.6317839221187249,0.6785714285714286,0.8336337352864075
5126,2,tma2_B3,0.0,0.32034505646764566,0.7777777777777778,1.0
5127,2,tma2_B3,0.0,0.542943357222541,0.875,0.8424055284209419
5128,2,tma2_A3,0.0,0.13276586276876856,0.5319148936170213,0.7443815556215136
5129,2,tma2_D3,0.0,0.20318552020258496,0.7948717948717948,1.0
5130,2,tma2_D3,0.0,0.5494667359642137,0.8947368421052632,0.8875821282983845
5131,2,tma2_A3,0.0,0.25756688991376697,0.544,1.0
5132,2,tma2_A3,0.0,0.3070303724873009,0.7777777777777778,0.945699004665307
5133,2,tma2_A3,0.0,0.23243544017599727,1.0,0.8583996979369329
5134,2,tma2_A3,0.0,0.35027655065989727,0.7837837837837838,1.0
5135,2,tma2_A3,0.0,0.33858494396885164,0.9473684210526315,0.7938235001563811
5136,2,tma2_A3,0.0,0.3689917830589444,0.6153846153846154,0.687615333581911
5137,2,tma2_B3,0.0,0.31684762191215055,0.7692307692307693,0.7437082354376202
5138,2,tma2_A3,0.0,0.43803150287773096,0.9210526315789473,1.0
5139,2,tma2_A3,0.0,0.4920920487472741,1.0,0.7876218381270431
5140,2,tma2_B3,0.0,0.6696259100696977,0.7894736842105263,1.0
5141,2,tma2_B3,0.0,0.6044900125115025,0.96,0.8662453449156363
5142,2,tma2_A3,0.0,0.49794808034988025,0.9230769230769231,1.0
5143,2,tma2_A3,0.0,0.37341713413229727,0.5833333333333334,1.0
5144,2,tma2_A3,0.0,0.5435891671173151,0.6410256410256411,1.0
5145,2,tma2_A3,0.0,0.4472448834608179,0.8823529411764706,0.7659861821549235
5146,2,tma2_A3,0.0,0.31706396577972007,0.6842105263157895,1.0
5147,2,tma2_A3,0.0,0.5718265353791502,0.6896551724137931,0.8585099973496055
5148,2,tma2_A3,0.0,0.4200881980614596,0.6458333333333334,1.0
5149,2,tma2_A3,0.0,0.5461175439361947,1.0,1.0
5150,2,tma2_A3,0.0,0.11348443403884922,0.7083333333333334,1.0
5151,2,tma2_A3,0.0,0.45451045443263993,0.6078431372549019,0.8277391382346623
5152,2,tma2_A3,0.0,0.5699467060119159,0.8666666666666667,0.8372122172429267
5153,2,tma2_A3,0.0,0.323852741768185,0.7205882352941176,0.8845120409169106
5154,2,tma2_A3,0.0,0.6213739961158322,0.5945945945945946,1.0
5155,2,tma2_A3,0.0,0.3482842362429579,0.6491228070175439,0.736394681882639
5156,2,tma2_B2,0.0,0.7439845096338651,1.0,1.0
5157,2,tma2_B2,0.0,0.47449052864400765,0.9047619047619048,0.8013437198102876
5158,2,tma2_B2,0.0,0.45637442601702904,1.0,0.9274384026436304
5159,2,tma2_B2,0.0,0.8479575401359382,0.8787878787878788,0.9420479823747429
5160,2,tma2_B2,0.0,0.32269655392766894,0.6808510638297872,1.0
5161,2,tma2_B2,0.0,0.2697227092881601,0.65,0.9057829963987921
5162,2,tma2_B2,0.0,0.04728786219866277,0.7419354838709677,0.7306766548529195
5163,2,tma2_B2,0.0,0.40131085116400533,0.8305084745762712,0.851919418897961
5164,2,tma2_B2,0.0,0.17938449972873782,0.9642857142857143,0.7444034525584612
5165,2,tma2_B2,0.0,0.5754870490696744,0.6703296703296703,1.0
5166,2,tma2_B2,0.0,0.4725997727340434,0.8666666666666667,1.0
5167,2,tma2_B2,0.0,0.40961402684932036,0.8125,1.0
5168,2,tma2_B2,0.0,0.6094346676539037,0.6785714285714286,1.0
5169,2,tma2_B2,0.0,0.49424201487424235,0.6136363636363636,1.0
5170,2,tma2_B2,0.0,0.3739975907494896,0.53125,0.835622801653795
5171,2,tma2_B2,0.0,0.6690901863358356,0.6363636363636364,1.0
5172,2,tma2_B2,0.0,0.41856457434009353,1.0,1.0
5173,2,tma2_A3,0.0,0.34107249963304687,0.7636363636363637,0.9159858457795467
5174,2,tma2_A3,0.0,0.4732276303237818,0.5723270440251572,1.0
5175,2,tma2_A3,0.0,0.41004119277612905,0.71875,0.8067867386214769
5176,2,tma2_A3,0.0,0.5272434912819933,0.5555555555555556,1.0
5177,2,tma2_A3,0.0,0.6559676359312401,0.8333333333333334,1.0
5178,2,tma2_A3,0.0,0.2206559386922241,0.75,0.7218663556437525
5179,2,tma2_A3,0.0,0.6135748175209594,0.6428571428571429,1.0
5180,2,tma2_A3,0.0,0.10070225116375708,0.44642857142857145,1.0
5181,2,tma2_A3,0.0,0.3111328908711255,0.627906976744186,0.7690374635902694
5182,2,tma2_A3,0.0,0.22600351150031894,0.78125,0.7415189269098734
5183,2,tma2_A3,0.0022159816400415533,0.3366111573322944,0.85,0.7587927299114079
5184,2,tma2_A3,0.0,0.4406610174407425,0.7317073170731707,1.0
5185,2,tma2_A3,0.0,0.5361325390704592,0.9545454545454546,0.7799603803768943
5186,2,tma2_A3,0.0,0.4147333170761074,0.5185185185185185,0.7643009344719688
5187,2,tma2_D3,0.0,0.573626782428806,0.7619047619047619,0.8247129797608889
5188,2,tma2_B3,0.0,0.301297447375682,0.6326530612244898,0.75847432466783
5189,2,tma2_B3,0.0,0.2491435296523561,0.6311475409836066,1.0
5190,2,tma2_B3,0.0,0.20471278156526773,0.4533333333333333,0.7712053814655043
5191,2,tma2_B3,0.0,0.23637284109299117,0.6052631578947368,0.5836950092331697
5192,2,tma2_F1,0.0,0.44297725202218463,0.5659340659340659,1.0
5193,2,tma2_F1,0.0,0.02626655992679472,0.5490909090909091,0.7177787611085786
5194,2,tma2_F1,0.0,0.0037775433669906544,0.6131386861313869,0.8106447362251389
5195,2,tma2_F1,0.0,0.3959793661381995,0.918918918918919,1.0
5196,2,tma2_F1,0.0,0.41974766288606635,0.6833333333333333,0.9191630730105949
5197,2,tma2_F1,0.0,0.17499353347479596,0.75,0.7913171234624277
5198,2,tma2_F1,0.0,0.6493834328889114,0.6066176470588235,1.0
5199,2,tma2_F1,0.0,0.32807053586793455,0.6655574043261231,0.8643929090730288
5200,2,tma2_F1,0.0,0.5342301231580959,0.9444444444444444,1.0
5201,2,tma2_F1,0.0,0.6045384872655089,0.9090909090909091,1.0
5202,2,tma2_F1,0.0,0.26293135555873803,0.49110401459854014,0.7672099744625323
5203,2,tma2_F1,0.0,0.2981779066535132,0.5228310502283106,1.0
5204,2,tma2_F1,0.0,0.5981412808790194,0.7333333333333333,1.0
5205,2,tma2_F1,0.0,0.39962304950926464,0.5063291139240507,1.0
5206,2,tma2_F1,0.0,0.00961555259891933,0.9166666666666666,0.8830172986486133
5207,2,tma2_F1,0.0,0.015857857738983072,0.46885617214043035,0.7382171739882039
5208,2,tma2_F1,0.0,0.6663752463881992,0.46303501945525294,1.0
5209,2,tma2_F1,0.0,0.00668200859531809,0.6538461538461539,0.7054060740733714
5210,2,tma2_F1,0.0,0.5356568772960815,0.5377358490566038,1.0
5211,2,tma2_F1,0.0,0.24349988682089485,0.7575757575757576,1.0
5212,2,tma2_F1,0.0,0.6824564018434478,0.9166666666666666,1.0
5213,2,tma2_F1,0.0,0.5113543509358692,0.48717948717948717,0.9355386713532426
5214,2,tma2_F1,0.0,0.49419922732877597,1.0,1.0
5215,2,tma2_F1,0.0,0.33220373858392405,0.8333333333333334,1.0
5216,2,tma2_F1,0.0,0.2852619451488003,0.8636363636363636,1.0
5217,2,tma2_F1,0.0,0.3783767673440118,0.8947368421052632,0.8031906459092083
5218,2,tma2_E2,0.0,0.4611630617931374,0.64,0.7768974661010455
5219,2,tma2_E2,0.0,0.3004587829913168,0.38388625592417064,1.0
5220,2,tma2_E2,0.0,0.5434383162054258,0.46875,1.0
5221,2,tma2_E2,0.0,0.1160436542924499,0.6913357400722022,1.0
5222,2,tma2_E2,0.0,0.6264817581209042,0.575,1.0
5223,2,tma2_E2,0.0,0.19574667039041427,0.4627659574468085,0.8094514055943656
5224,2,tma2_E2,0.0,0.6994343299532384,0.5176470588235295,1.0
5225,2,tma2_E2,0.0,0.5307432326626331,0.5015290519877675,0.8977687288038589
5226,2,tma2_E3,0.0,0.5765945158814548,0.5320197044334976,1.0
5227,2,tma2_E2,0.0,0.035924039880357195,0.53125,0.6894262371626234
5228,2,tma2_D3,0.0,0.2925668038927228,0.6944444444444444,1.0
5229,2,tma2_D3,0.0,0.5091682292220525,1.0,1.0
5230,2,tma2_D3,0.0,0.4868129310748307,0.9,1.0
5231,2,tma2_D3,0.0,0.5409637461887817,1.0,1.0
5232,2,tma2_D3,0.0,0.43829091257989616,0.7586206896551724,0.8681491548090245
5233,2,tma2_D3,0.0,0.5449525605436331,0.6,1.0
5234,2,tma2_D3,0.0,0.20183288657980125,0.8,0.865208957258824
5235,2,tma2_D3,0.0,0.36825816844120585,0.6590909090909091,0.7442646368973658
5236,2,tma2_D3,0.0,0.3724268585428959,0.5384615384615384,0.9305840331753024
5237,2,tma2_D3,0.0,0.2473151014756897,0.7567567567567568,1.0
5238,2,tma2_D3,0.0,0.2669453334584383,0.42990654205607476,0.7731520999767577
5239,2,tma2_D3,0.0,0.6502718922784827,0.9230769230769231,1.0
5240,2,tma2_D3,0.0,0.4586383263237409,0.7916666666666666,1.0
5241,2,tma2_D3,0.0,0.6615921666049823,0.7894736842105263,0.8278953227106226
5242,2,tma2_D3,0.0,0.20934978823700578,0.85,0.75374485602543
5243,2,tma2_D3,0.0,0.38659962798170966,0.8695652173913043,0.8016424158165201
5244,2,tma2_D3,0.0,0.11564793858808287,0.95,0.7197942561263203
5245,2,tma2_E3,0.0,0.3464315643028356,0.8823529411764706,1.0
5246,2,tma2_E3,0.0,0.5451896549021721,0.8260869565217391,1.0
5247,2,tma2_D3,0.0,0.7014065439597859,0.7272727272727273,1.0
5248,2,tma2_E3,0.0,0.3398977648063759,0.88,0.8924142433989803
5249,2,tma2_E3,0.0,0.35646498950523864,1.0,1.0
5250,2,tma2_E2,0.0,0.32698666197684934,0.8636363636363636,0.9016298263970847
5251,2,tma2_E2,0.0,0.34804549661228035,0.6458333333333334,0.6773414178644964
5252,2,tma2_E2,0.0,0.43836131406400414,0.7592592592592593,1.0
5253,2,tma2_E2,0.0,0.1913809795652397,0.5486725663716814,0.841096572615863
5254,2,tma2_E2,0.0,0.5074332291958523,0.5137614678899083,0.9123313143837658
5255,2,tma2_E2,0.0,0.7316666742996225,0.8235294117647058,1.0
5256,2,tma2_E2,0.0,0.31878589929290524,0.38571428571428573,0.6711124824628837
5257,2,tma2_E2,0.0,0.5025982554843931,0.5434782608695652,0.8195128260037059
5258,2,tma2_E2,0.0,0.35547513644581197,0.7333333333333333,1.0
5259,2,tma2_E2,0.0,0.41888787891625645,0.5714285714285714,1.0
5260,2,tma2_E2,0.0,0.667281406118496,0.5522388059701493,1.0
5261,2,tma2_E2,0.0,0.6142387065646262,0.9130434782608695,1.0
5262,2,tma2_E2,0.0,0.33889649641179975,0.6136363636363636,0.9159781385050252
5263,2,tma2_E2,0.0,0.38144157599744366,0.5106382978723404,0.8112783368172161
5264,2,tma2_E2,0.0,0.6044315687534647,0.6867469879518072,0.8901989232078367
5265,2,tma2_E2,0.0,0.34674830074510454,0.6638655462184874,0.8632101859273447
5266,2,tma2_E2,0.0,0.288369956676345,0.6756756756756757,1.0
5267,2,tma2_E2,0.0,0.5688588446987831,0.5185185185185185,0.8970424978077908
5268,2,tma2_E2,0.0,0.4177967131635447,1.0,1.0
5269,2,tma2_E2,0.0,0.5948414541832394,0.5652173913043478,1.0
5270,2,tma2_E2,0.0,0.12047954855003751,0.5106382978723404,0.7550841324229566
5271,2,tma2_E2,0.0,0.3607236684852412,0.5263157894736842,0.8462369927118871
5272,2,tma2_E2,0.0,0.767637149017527,0.9285714285714286,1.0
5273,2,tma2_E2,0.0,0.6340192123112308,0.7222222222222222,0.8368154998105363
5274,2,tma2_E1,0.0,0.4520809763528092,0.6666666666666666,1.0
5275,2,tma2_E1,0.0,0.2853150210012949,0.6379310344827587,1.0
5276,2,tma2_E1,0.0,0.42051920869789805,0.8666666666666667,1.0
5277,2,tma2_E1,0.0,0.5375827951368449,0.725,0.8019133411344425
5278,2,tma2_E1,0.0,0.4257310049860631,0.7647058823529411,0.8419983732042293
5279,2,tma2_E1,0.0,0.2306070695415252,0.48743718592964824,0.7426381930210891
5280,2,tma2_E1,0.0,0.7885015865351828,0.72,1.0
5281,2,tma2_E1,0.0,0.8048979822669314,0.5423340961098398,0.9476712325021891
5282,2,tma2_E1,0.0,0.6225873489722491,0.51,0.8125317170572364
5283,2,tma2_E1,0.0,0.6800095091135063,0.7313432835820896,0.8883617286700132
5284,2,tma2_E1,0.0,0.1199312939658338,0.553072625698324,0.7090795693625763
5285,2,tma2_E1,0.0,0.6862713294522615,0.875,1.0
5286,2,tma2_E1,0.0,0.7482752828388232,1.0,1.0
5287,2,tma2_E2,0.0,0.38089158234012555,0.5967741935483871,0.8779480685916328
5288,2,tma2_E2,0.0,0.4068485364652079,0.6363636363636364,1.0
5289,2,tma2_E2,0.0,0.25270124765276614,0.8125,1.0
5290,2,tma2_E2,0.0,0.494263708982697,0.7631578947368421,0.7908870320677491
5291,2,tma2_E2,0.0,0.6588538436521592,0.8,1.0
5292,2,tma2_E2,0.0,0.5506703943156089,0.7777777777777778,1.0
5293,2,tma2_E2,0.0,0.5405594145294652,0.5714285714285714,0.9442545871886757
5294,2,tma2_E2,0.0,0.40043546091174553,0.6086956521739131,0.7556036591404982
5295,2,tma2_E2,0.0,0.04627187410574729,0.92,0.673708604920694
5296,2,tma2_E1,0.0,0.32855373417053413,0.5126903553299492,0.7520877486146824
5297,2,tma2_E1,0.0,0.7441549940561867,0.9473684210526315,1.0
5298,2,tma2_E1,0.0,0.18491889262192962,0.7272727272727273,0.7866976815087396
5299,2,tma2_E1,0.0,0.5200548584857406,0.6973684210526315,1.0
5300,2,tma2_E1,0.0,0.5703499983107638,0.6886792452830188,1.0
5301,2,tma2_E2,0.0,0.4088370139535139,0.8461538461538461,0.7949581439782282
5302,2,tma2_E2,0.0,0.45140629846888014,0.5121951219512195,0.8453108497497124
5303,2,tma2_E2,0.0,0.3370035014311279,0.84,1.0
5304,2,tma2_E2,0.0,0.5357801037912151,0.47530864197530864,1.0
5305,2,tma2_E2,0.0,0.5393896299148119,0.6,0.8450655480926891
5306,2,tma2_E2,0.0,0.5857244151877836,0.5638297872340425,1.0
5307,2,tma2_E2,0.0,0.07256689587608733,0.8888888888888888,0.6799424221135502
5308,2,tma2_E1,0.0,0.3897413436987397,0.5701357466063348,0.8466536312091011
5309,2,tma2_E1,0.0,0.7061734185314663,0.9310344827586207,1.0
5310,2,tma2_E1,0.0,0.31602959684749277,0.592,1.0
5311,2,tma2_E1,0.0,0.09508427646035456,0.7017543859649122,0.8343182387957391
5312,2,tma2_E1,0.0,0.4370786592522661,0.6956521739130435,1.0
5313,2,tma2_E1,0.0,0.6722763681677068,0.6666666666666666,1.0
5314,2,tma2_E1,0.0,0.0901743931203457,0.6031331592689295,0.8141449486294077
5315,2,tma2_E1,0.0,0.4991801740730166,0.9375,1.0
5316,2,tma2_E1,0.0,0.6381901951161462,0.6341463414634146,1.0
5317,2,tma2_E1,0.0,0.5377322991071223,0.8333333333333334,1.0
5318,2,tma2_E1,0.0,0.6066261481945131,0.8125,0.8621934665038014
5319,2,tma2_E2,0.0,0.3761229802530748,0.9285714285714286,0.9155454084198502
5320,2,tma2_E2,0.0,0.6556462806315059,0.5,1.0
5321,2,tma2_E2,0.0,0.23505862340112516,0.88,0.9138907354337445
5322,2,tma2_E2,0.0,0.0007798867123675057,0.9393939393939394,0.9055577473412958
5323,2,tma2_E2,0.0,0.4938469625506201,0.7692307692307693,1.0
5324,2,tma2_E2,0.0,0.4890914350580633,0.5625,0.8795603691404463
5325,2,tma2_E2,0.0,0.26320092771870585,0.7407407407407407,0.8707492888512774
5326,2,tma2_E2,0.0,0.5490872305635659,0.8125,0.9309950329036479
5327,2,tma2_E2,0.0,0.28267616738473655,0.6571428571428571,0.8980311936112757
5328,2,tma2_E2,0.0,0.12772391808831274,0.6875,1.0
5329,2,tma2_E2,0.0,0.49773271790217677,0.4827586206896552,1.0
5330,2,tma2_E2,0.0,0.2746925034278519,0.6181818181818182,0.8625769665203826
5331,2,tma2_E2,0.0,0.6277180798600257,0.4166666666666667,1.0
5332,2,tma2_E2,0.1884492292657557,0.03534397431746117,1.0,0.7848298765553742
5333,2,tma2_E2,0.0,0.2987813707213315,0.75,1.0
5334,2,tma2_E2,0.0,0.06562096338086665,0.9310344827586207,0.7363871392192219
5335,2,tma2_E2,0.0,0.13442220804269245,0.5813953488372093,0.7906907790014313
5336,2,tma2_E2,0.0,0.11838059198246598,0.47560975609756095,0.8954217267099344
5337,2,tma2_E2,0.0,0.424486461043729,0.6428571428571429,1.0
5338,2,tma2_E2,0.0,0.47937063107008804,0.7083333333333334,1.0
5339,2,tma2_E2,0.0,0.10879287898196355,0.6909090909090909,0.6507776091865777
5340,2,tma2_E2,0.0,0.38781951281619453,0.6,1.0
5341,2,tma2_E2,0.0,0.0799193941820795,0.5373134328358209,0.6923861422184427
5342,2,tma2_E2,0.0,0.6070014800326003,0.43,1.0
5343,2,tma2_E2,0.0,0.539312047595327,0.46153846153846156,1.0
5344,2,tma2_E2,0.0,0.5801431170671941,0.8823529411764706,0.7305107219566798
5345,2,tma2_E2,0.0,0.2943372637319337,0.48148148148148145,0.7614095628004608
5346,2,tma2_E2,0.0,0.6542346944053583,0.7407407407407407,0.9342715629281556
5347,2,tma2_E2,0.0,0.48563987216568894,0.53125,0.9342991230387175
5348,2,tma2_E2,0.0,0.32091076909005267,0.6344086021505376,0.8669200982372284
5349,2,tma2_E2,0.0,0.5348290461927017,1.0,1.0
5350,2,tma2_E2,0.0,0.5702858229043511,0.7083333333333334,0.9163295765687135
5351,2,tma2_E2,0.0,0.1914094188423363,0.7586206896551724,0.9224675670364191
5352,2,tma2_E2,0.0,0.20974400730744014,0.6813186813186813,1.0
5353,2,tma2_E2,0.0,0.5426172726798495,0.7307692307692307,1.0
5354,2,tma2_E2,0.0,0.5018607746899477,0.6818181818181818,1.0
5355,2,tma2_E2,0.0,0.53297719876007,0.6190476190476191,1.0
5356,2,tma2_F1,0.0,0.08400830627664557,0.5707410972088547,0.7645270529696716
5357,2,tma2_F1,0.0,0.6057947711245688,0.9629629629629629,0.8699666493575382
5358,2,tma2_F1,0.0,0.506350909885699,0.9333333333333333,1.0
5359,2,tma2_F3,0.0,0.364627805909976,1.0,0.9483092476550985
5360,2,tma2_F3,0.0,0.3837725959749996,0.75,1.0
5361,2,tma2_F3,0.0,0.43967810161722043,0.9176470588235294,0.8355704538513372
5362,2,tma2_F3,0.0,0.23291125305556415,0.8666666666666667,0.9058275695474816
5363,2,tma2_F3,0.0,0.31358013537083584,0.9213483146067416,1.0
5364,2,tma2_F3,0.0,0.6609791807646495,0.6052631578947368,1.0
5365,2,tma2_F3,0.0,0.25595522937752246,0.4766355140186916,1.0
5366,2,tma2_F3,0.0,0.2710131638065373,0.7297297297297297,0.887987076182705
5367,2,tma2_F3,0.0,0.1654426967539574,1.0,1.0
5368,2,tma2_F3,0.0,0.41366905865733306,0.5565217391304348,0.7727250023602023
5369,2,tma2_F3,0.0,0.7884049199539651,0.4594594594594595,1.0
5370,2,tma2_F3,0.0,0.4684050235259877,0.7272727272727273,0.7582147177502168
5371,2,tma2_F3,0.0,0.39062897164406585,0.7578125,1.0
5372,2,tma2_F3,0.0,0.3251085761839454,0.6756756756756757,1.0
5373,2,tma2_F3,0.0,0.32532679910558115,0.9259259259259259,1.0
5374,2,tma2_F3,0.0,0.4222284910575089,0.9117647058823529,1.0
5375,2,tma2_F3,0.0,0.6180755326600894,0.8571428571428571,1.0
5376,2,tma2_F3,0.0,0.18380772348406682,1.0,0.7054379260926276
5377,2,tma2_F3,0.0,0.4166213707942513,0.9473684210526315,1.0
5378,2,tma2_F3,0.0,0.4755828536109624,0.9166666666666666,1.0
5379,2,tma2_F3,0.0,0.3090040577377944,0.8461538461538461,1.0
5380,2,tma2_F3,0.0,0.24869484278139886,0.5031446540880503,0.7722672296348486
5381,2,tma2_F1,0.0,0.23120143045327213,0.45222929936305734,0.9477424565795008
5382,2,tma2_F1,0.0,0.614061979517997,0.46220302375809935,1.0
5383,2,tma2_F1,0.0,0.28021162151059176,0.6153846153846154,0.7687333768455159
5384,2,tma2_F1,0.0,0.44539899048059195,0.8947368421052632,1.0
5385,2,tma2_D1,0.0,0.015808543858148227,0.3736951983298539,0.8123911742664818
5386,2,tma2_D1,0.0,0.5949672524733578,0.75,0.9062852497456919
5387,2,tma2_D1,0.0,0.3183621340800903,0.58,1.0
5388,2,tma2_D1,0.0,0.3450731554867671,0.5655172413793104,1.0
5389,2,tma2_D1,0.0,0.18243185300624387,0.8666666666666667,0.6940986012227353
5390,2,tma4_C1,0.0,0.658611999673,0.782608695652174,1.0
5391,2,tma4_C1,0.0,0.5766579125638884,0.5384615384615384,0.7915915103305149
5392,2,tma4_C1,0.0,0.25208510101836135,0.5686274509803921,0.7829409600732828
5393,2,tma4_C1,0.0,0.4498809044038006,0.6495726495726496,0.7906502620695314
5394,2,tma4_C1,0.0,0.5141916820500041,0.8,0.9422998689649594
5395,2,tma4_C1,0.0,0.5597899573167502,0.5675675675675675,1.0
5396,2,tma4_C1,0.0,0.2578664629455484,0.5897435897435898,0.7528364126781202
5397,2,tma4_C1,0.0,0.6684709818687247,0.875,0.8848915472600059
5398,2,tma4_C1,0.0,0.5159202549429647,0.875,0.8860811766101756
5399,2,tma4_C1,0.0,0.5351350192627519,0.4454828660436137,0.8473147772202585
5400,2,tma4_C1,0.0,0.5159036920301261,0.7111111111111111,1.0
5401,2,tma4_C1,0.0,0.6181075557851192,0.6491228070175439,1.0
5402,2,tma4_C1,0.0,0.1898525391882372,0.5797101449275363,0.888359537698493
5403,2,tma4_C1,0.0,0.30823556685735376,0.7391304347826086,0.7307812126173747
5404,2,tma4_C1,0.0,0.5150381023861113,0.5,1.0
5405,2,tma4_C1,0.0,0.38302146250769464,0.7843137254901961,0.8532070773092546
5406,2,tma4_C1,0.0,0.4551664390449426,0.8571428571428571,1.0
5407,2,tma4_C1,0.0,0.6024787337644291,0.4420289855072464,1.0
5408,2,tma4_C1,0.0,0.4067929244052416,0.9285714285714286,0.7721258673121115
5409,2,tma4_C1,0.0,0.44392192463930624,0.95,0.9219127371890369
5410,2,tma4_C1,0.0,0.4889986099449808,0.9473684210526315,1.0
5411,2,tma4_C1,0.0,0.6733781108777904,0.627906976744186,1.0
5412,2,tma4_C1,0.0,0.3100602092230941,0.6229508196721312,0.7292141012502499
5413,2,tma4_C1,0.0,0.35609313545336263,0.6384615384615384,1.0
5414,2,tma4_C1,0.0,0.40267778650850317,0.9230769230769231,0.7651769466951115
5415,2,tma4_C1,0.0,0.24529973622055334,0.72,0.7896642111979547
5416,2,tma4_C1,0.0,0.15971259022787454,0.8048780487804879,0.7698035732367184
5417,2,tma4_C1,0.0,0.07559525332796202,0.9090909090909091,0.8765360478805408
5418,2,tma4_C1,0.0,0.3741475012626765,0.5068493150684932,0.9115799841784232
5419,2,tma4_C1,0.0,0.48939784306293577,0.46,1.0
5420,2,tma4_C1,0.0,0.18394600560998897,0.5737704918032787,0.7632451390078706
5421,2,tma4_C1,0.0,0.5564911457399566,0.4246575342465753,1.0
5422,2,tma4_C1,0.0,0.5453187745307196,0.8888888888888888,1.0
5423,2,tma4_C1,0.0,0.5321875580880283,1.0,1.0
5424,2,tma4_C1,0.0,0.4564611555348488,0.6410256410256411,1.0
5425,2,tma4_C1,0.0,0.20592765223518572,0.7647058823529411,0.6754650144818557
5426,2,tma4_C1,0.0,0.5086808838279644,0.7352941176470589,1.0
5427,2,tma4_C1,0.0,0.6006548568877177,0.6111111111111112,1.0
5428,2,tma4_C1,0.0,0.5732463519037438,0.5457627118644067,1.0
5429,2,tma4_C1,0.0,0.13420135850808668,0.5714285714285714,0.7478376500800888
5430,2,tma4_C1,0.0,0.45929246952767844,0.9375,1.0
5431,2,tma4_C1,0.0,0.3779455872669961,0.48854961832061067,1.0
5432,2,tma4_C1,0.0,0.2216480547544697,0.5531914893617021,0.7142203384209274
5433,2,tma4_C1,0.0,0.3027117390386471,0.4819672131147541,1.0
5434,2,tma4_C1,0.0,0.5208070552904315,0.6451612903225806,0.8631649260932681
5435,2,tma4_C1,0.025546860960983464,0.04376129141152074,0.5463917525773195,0.8217763880733058
5436,2,tma4_C1,0.0,0.42689054278818495,0.6129032258064516,0.8169888161831711
5437,2,tma4_C1,0.0,0.6647403342349267,0.803921568627451,0.8430471055623439
5438,2,tma4_C1,0.0,0.4115865312288939,0.8181818181818182,0.7778571454631439
5439,2,tma4_C1,0.0,0.5676553347702529,0.5769230769230769,0.798488799976892
5440,2,tma4_C1,0.0,0.3974634600578889,0.7941176470588235,1.0
5441,2,tma4_C1,0.0,0.35930394888426775,0.875,0.7123896276194307
5442,2,tma4_C1,0.0,0.46347301956436693,1.0,1.0
5443,2,tma4_C1,0.0,0.27525332463401264,0.8,0.8663257821402355
5444,2,tma4_B3,0.0,0.1754240888294364,0.5964912280701754,0.717038493125258
5445,2,tma4_A3,0.0,0.48219199135683355,0.9090909090909091,0.7629544198221919
5446,2,tma4_B3,0.0,0.3223763136153185,1.0,1.0
5447,2,tma4_B3,0.0,0.7200404487205347,0.8888888888888888,1.0
5448,2,tma4_B3,0.0,0.2816275870983238,0.6938775510204082,0.6873230049094198
5449,2,tma4_A3,0.0,0.31759231084457484,0.8,0.8475829749224917
5450,2,tma4_A3,0.0,0.5618556370304484,0.8648648648648649,1.0
5451,2,tma4_A3,0.0,0.7158348813447851,0.9565217391304348,0.8858085805113015
5452,2,tma4_A3,0.0,0.29025627425804756,0.8888888888888888,0.7398998338757369
5453,2,tma4_A3,0.0,0.7320498469771857,0.696078431372549,1.0
5454,2,tma4_A3,0.0,0.06840336682724113,0.7049180327868853,0.927659816796243
5455,2,tma4_A3,0.004216191228202493,0.03429067124325125,0.8421052631578947,1.0
5456,2,tma4_B3,0.0,0.20879927035436285,0.625,0.8167341094657334
5457,2,tma4_C2,0.0,0.402577567647351,0.8695652173913043,0.9222893466498862
5458,2,tma4_C2,0.0,0.4953934400085048,0.6666666666666666,1.0
5459,2,tma4_C2,0.0,0.09281076113621123,1.0,0.700065691073489
5460,2,tma4_C2,0.0,0.4786916624666959,0.60580204778157,1.0
5461,2,tma4_C2,0.0,0.4584989639905771,0.5925925925925926,0.8767811744567242
5462,2,tma4_C2,0.0,0.3562717230294813,0.868421052631579,1.0
5463,2,tma4_C1,0.0,0.4733708621356246,0.5476190476190477,0.8455246273731422
5464,2,tma4_C1,0.0,0.6222896371258687,0.6206896551724138,1.0
5465,2,tma4_C2,0.0,0.4644324444647381,0.43352601156069365,1.0
5466,2,tma4_C2,0.0,0.5589752944946647,0.6461538461538462,1.0
5467,2,tma4_C2,0.0,0.4913054824467251,0.6363636363636364,0.9175609808863654
5468,2,tma4_C2,0.0,0.667614188360071,0.76,0.9464037566287834
5469,2,tma4_C2,0.0,0.47293699633776864,0.4485049833887043,1.0
5470,2,tma4_C2,0.0,0.41853885262150026,0.5683453237410072,1.0
5471,2,tma4_C2,0.0,0.21569491550009168,0.5294117647058824,0.7570077906374589
5472,2,tma4_B3,0.0,0.5934588688311715,0.96,1.0
5473,2,tma4_C2,0.0,0.3369504419874788,0.45714285714285713,0.6982615229842968
5474,2,tma4_C2,0.0,0.42112980672755074,0.6530612244897959,0.8467088788898574
5475,2,tma4_C2,0.0,0.2380814864897287,0.6486486486486487,0.7312150207519537
5476,2,tma4_C2,0.0,0.19591127225985183,0.6122448979591837,0.7321577196740404
5477,2,tma4_C2,0.0,0.6598794629446705,0.8064516129032258,1.0
5478,2,tma4_C2,0.0,0.2218725539310945,0.5882352941176471,0.8503902399664806
5479,2,tma4_C2,0.0,0.5495583298993807,0.9230769230769231,1.0
5480,2,tma4_C2,0.0,0.6491789202412317,0.8723404255319149,1.0
5481,2,tma4_C2,0.0,0.25429622430642473,0.6071428571428571,0.8366470712893946
5482,2,tma4_C2,0.0,0.7101857750866769,0.53125,1.0
5483,2,tma4_C2,0.0,0.5629710802399811,0.8235294117647058,1.0
5484,2,tma4_C2,0.0,0.46965252298243554,0.7368421052631579,1.0
5485,2,tma4_C3,0.0,0.4529644856306061,0.9411764705882353,0.840188326316256
5486,2,tma4_C3,0.0,0.6062226775685344,0.7916666666666666,1.0
5487,2,tma4_B3,0.0,0.7091406982164101,0.6904761904761905,1.0
5488,2,tma4_B3,0.0,0.6076421616132873,0.631578947368421,1.0
5489,2,tma4_C3,0.0,0.5286085464991515,0.8076923076923077,1.0
5490,2,tma4_C1,0.0,0.2843884959951296,0.88,0.778987179117127
5491,2,tma4_E1,0.0,0.6665075278143615,0.5732217573221757,1.0
5492,2,tma4_C1,0.0,0.12426639414313467,0.75,0.7237448424511734
5493,2,tma4_C1,0.0,0.4410514561360809,0.8,0.7662493896795911
5494,2,tma4_C1,0.0,0.5664961441698064,0.6481481481481481,1.0
5495,2,tma4_D1,0.0,0.3728554926664346,0.9375,1.0
5496,2,tma4_C1,0.0,0.37166778974767845,0.7317073170731707,1.0
5497,2,tma4_C1,0.0,0.2893379224155319,0.9117647058823529,1.0
5498,2,tma4_C1,0.0,0.6144700401344869,0.40468227424749165,1.0
5499,2,tma4_D1,0.0,0.6182385844876931,0.38349954669084313,1.0
5500,2,tma4_D1,0.0,0.41285278351912047,0.5740072202166066,1.0
5501,2,tma4_D1,0.0,0.08457164651249716,1.0,0.8195299727175156
5502,2,tma4_D1,0.0,0.41472509821934567,0.4799107142857143,0.7742668494519549
5503,2,tma4_D1,0.0,0.28409341732052307,0.9090909090909091,1.0
5504,2,tma4_D1,0.0,0.6909214438861575,0.6551724137931034,0.9193452719879257
5505,2,tma4_E1,0.0,0.4993246632604844,0.6090909090909091,0.943349387677362
5506,2,tma4_E1,0.0,0.6911358725885925,1.0,1.0
5507,2,tma4_D1,0.0,0.1929041590064272,0.7169811320754716,1.0
5508,2,tma4_C1,0.0,0.48029792632784307,0.7931034482758621,1.0
5509,2,tma4_C1,0.0,0.33807097836585576,0.6,0.8023621207526297
5510,2,tma4_D1,0.0,0.02874161133930686,0.5866666666666667,0.8702079965570305
5511,2,tma4_D1,0.0,0.5567827015589565,0.4419615145872129,0.8638696031241178
5512,2,tma4_D1,0.0,0.46978906323173997,0.5633802816901409,1.0
5513,2,tma4_D1,0.0,0.283413860509273,1.0,0.8172695207059811
5514,2,tma4_D1,0.0,0.7523981439495606,0.8,1.0
5515,2,tma4_D1,0.0,0.46893725102619777,0.8275862068965517,1.0
5516,2,tma4_D1,0.0,0.5118253165633939,0.5294117647058824,1.0
5517,2,tma4_D1,0.0,0.4670455775940222,0.6862745098039216,1.0
5518,2,tma4_D1,0.0,0.6430985668868705,0.8333333333333334,1.0
5519,2,tma4_D1,0.0,0.6217908113236684,0.6885245901639344,1.0
5520,2,tma4_C1,0.0,0.5365996293999786,0.8148148148148148,1.0
5521,2,tma4_C1,0.0,0.396802757131382,0.6363636363636364,1.0
5522,2,tma4_C1,0.0,0.4631313209418969,0.6385542168674698,0.7854972320894639
5523,2,tma4_C1,0.0,0.4256413860988876,0.9411764705882353,1.0
5524,2,tma4_C1,0.0,0.432793526040667,1.0,1.0
5525,2,tma4_C1,0.0,0.133148663120776,1.0,1.0
5526,2,tma4_C1,0.0,0.48353255328365363,0.7352941176470589,1.0
5527,2,tma4_C1,0.0,0.1764764265996429,0.9642857142857143,0.8775137926429469
5528,2,tma4_C1,0.0,0.6615429790667996,0.5853658536585366,1.0
5529,2,tma4_C1,0.0,0.5475534209573594,0.5633802816901409,1.0
5530,2,tma4_C1,0.0,0.5748470515935991,0.9473684210526315,1.0
5531,2,tma4_C1,0.0,0.5331442350277962,0.7407407407407407,1.0
5532,2,tma4_C1,0.0,0.4660170012522551,0.75,0.9491086311957913
5533,2,tma4_E1,0.0,0.454924645750153,0.4729064039408867,1.0
5534,2,tma4_G1,0.0,0.21690897566306777,0.49411764705882355,0.8095149703602526
5535,2,tma4_E1,0.0,0.4167418091889483,0.65,1.0
5536,2,tma4_E1,0.0,0.44316254226481844,0.49836065573770494,0.7492139589737816
5537,2,tma4_F1,0.0,0.2976240193272224,0.6529411764705882,0.9453295820679347
5538,2,tma4_E1,0.0,0.08441675765144974,0.603448275862069,0.8251612544220961
5539,2,tma4_E1,0.0,0.2207518671712556,0.72,0.6916062252860613
5540,2,tma4_E1,0.0,0.30653145636646784,0.7096774193548387,1.0
5541,2,tma4_E1,0.0,0.5838716481765118,0.6464646464646465,1.0
5542,2,tma4_F1,0.0,0.43495670773362616,0.7647058823529411,1.0
5543,2,tma4_E1,0.0,0.5884474915130098,0.59375,1.0
5544,2,tma4_F1,0.0,0.2243745468085262,0.8448275862068966,1.0
5545,2,tma4_F1,0.0,0.06764973749040804,0.6496815286624203,0.7980214119076166
5546,2,tma4_D1,0.0,0.30988299571038014,0.96,0.8224472425897464
5547,2,tma4_D1,0.0,0.4289618334604417,0.5897435897435898,0.7813156975364831
5548,2,tma4_E1,0.0,0.26035427282737444,0.5271739130434783,1.0
5549,2,tma4_E1,0.0,0.512006941527902,0.6206896551724138,1.0
5550,2,tma4_E1,0.0,0.11278710635282341,1.0,0.8257503081806276
5551,2,tma4_D1,0.0,0.4678105615723831,0.76,0.9080779311016699
5552,2,tma4_D1,0.0,0.712741094468536,0.5735294117647058,1.0
5553,2,tma4_D1,0.0,0.5931706579323416,0.95,1.0
5554,2,tma4_D1,0.0,0.6705299366525668,0.8,1.0
5555,2,tma4_F1,0.0,0.45249869883257143,0.5897435897435898,0.7439894951172513
5556,2,tma4_F1,0.0,0.49516041157759594,1.0,1.0
5557,2,tma4_F1,0.0,0.03658856950016032,0.5012594458438288,0.8178342529557546
5558,2,tma4_F1,0.0,0.5071403252980771,0.75,1.0
5559,2,tma4_F1,0.0,0.6622185352576536,0.9166666666666666,1.0
5560,2,tma4_F1,0.0,0.04646364701120531,0.6590909090909091,0.7419834468394934
5561,2,tma4_F1,0.0,0.251325810170725,0.7692307692307693,0.7364500240261393
5562,2,tma4_F1,0.0,0.34502538103063884,0.5478927203065134,1.0
5563,2,tma4_G1,0.0,0.518286311007619,0.48148148148148145,0.8715348952451064
5564,2,tma4_G1,0.0,0.5496985416867615,0.7241379310344828,0.8268839197204778
5565,2,tma4_G1,0.0,0.5270391133324983,0.6,0.8938248369662292
5566,2,tma4_G1,0.0,0.5143182529928875,0.4492753623188406,1.0
5567,2,tma4_G1,0.0,0.41569391104726505,0.41025641025641024,0.8583785766597697
5568,2,tma4_G1,0.0,0.6011846441521889,0.8301886792452831,1.0
5569,2,tma4_G1,0.0,0.7079284529659654,0.6764705882352942,1.0
5570,2,tma4_G1,0.0,0.08816364646267749,0.7045454545454546,0.7205169198466321
5571,2,tma4_G1,0.0,0.3897816690122188,0.5102040816326531,1.0
5572,2,tma4_G1,0.0,0.2841650730663159,0.9411764705882353,0.7853770300072667
5573,2,tma4_G1,0.0,0.26638324328061924,0.96,0.791154695874634
5574,2,tma4_G1,0.0,0.656527641696345,0.4166666666666667,1.0
5575,2,tma4_G1,0.0,0.46851860215081376,0.7096774193548387,0.7745883569812723
5576,2,tma4_G1,0.0,0.6995846722489316,0.6470588235294118,1.0
5577,2,tma4_G1,0.0,0.6093154280839133,0.5849056603773585,0.8319157584489645
5578,2,tma4_G1,0.0,0.4618588148402243,0.6857142857142857,1.0
5579,2,tma4_G1,0.0,0.5035397681028733,0.7619047619047619,1.0
5580,2,tma4_G1,0.0,0.19329921080505696,0.72,0.9108089253319864
5581,2,tma4_G1,0.0,0.25909215948133923,0.47058823529411764,0.9485832492723575
5582,2,tma4_G1,0.0,0.44467201474090023,0.3918918918918919,1.0
5583,2,tma4_G1,0.0,0.1690127217438565,0.9473684210526315,0.8971829424270261
5584,2,tma4_G1,0.0,0.2287700074189165,0.46825396825396826,0.7005594971332674
5585,2,tma4_G1,0.0,0.43423309163422397,0.8125,1.0
5586,2,tma4_G1,0.0,0.23710708315790896,0.7631578947368421,0.8478228459611802
5587,2,tma4_G1,0.0,0.29190816820833954,0.4,0.7999847178462764
5588,2,tma4_G1,0.0,0.7805111646327973,1.0,1.0
5589,2,tma4_D1,0.0,0.49386510712887965,0.8769230769230769,1.0
5590,2,tma4_D1,0.0,0.2053056648500471,0.34710743801652894,0.8104721058559783
5591,2,tma4_E1,0.0,0.23781897787868123,0.8333333333333334,0.9059816787889011
5592,2,tma4_E1,0.0,0.13926718787465187,0.7647058823529411,0.7419026354441338
5593,2,tma4_E1,0.0,0.4724189987232966,0.5470085470085471,1.0
5594,2,tma4_E1,0.0,0.7114481756981045,0.5941176470588235,0.9377102176609645
5595,2,tma4_E1,0.0,0.5577039869643923,1.0,1.0
5596,2,tma4_E1,0.0,0.6726981593870692,0.6206896551724138,1.0
5597,2,tma4_E1,0.0,0.7005468105499482,0.9285714285714286,1.0
5598,2,tma4_F1,0.0,0.3963782154576415,0.6071428571428571,1.0
5599,2,tma4_F1,0.0,0.1834263028929366,1.0,0.7622920319194062
5600,2,tma4_F1,0.0,0.037630733856574006,0.8695652173913043,1.0
5601,2,tma4_F1,0.0,0.25601038710348656,0.6336633663366337,1.0
5602,2,tma4_F1,0.0,0.521995689933664,0.9473684210526315,1.0
5603,2,tma4_F1,0.0,0.4532042863854433,0.7894736842105263,1.0
5604,2,tma4_E1,0.0,0.37319326459791835,0.7055837563451777,1.0
5605,2,tma4_E1,0.0,0.48028643324182585,0.46596858638743455,0.9468463431451943
5606,2,tma4_E1,0.0,0.27969469843853345,0.9354838709677419,0.8097126189842536
5607,2,tma4_E1,0.0,0.6797396164319565,0.8666666666666667,1.0
5608,2,tma4_E1,0.0,0.23835242453827266,0.9009009009009009,0.6768088981563196
5609,2,tma4_E1,0.0,0.3263544011421655,0.7941176470588235,0.73895310501561
5610,2,tma4_E1,0.0,0.4763200995508028,0.7692307692307693,0.7973081531213457
5611,2,tma4_E1,0.0,0.21785228084420416,0.6417910447761194,0.819618088515679
5612,2,tma4_E1,0.0,0.6082291094024949,0.6538461538461539,1.0
5613,2,tma4_E1,0.0,0.12841866392079504,0.8888888888888888,0.8462683463672168
5614,2,tma4_E1,0.0,0.18010480411412844,0.75,1.0
5615,2,tma4_E1,0.0,0.36699110001238533,0.7392857142857143,0.7365239752917735
5616,2,tma4_E1,0.0,0.36197993886458435,0.72,0.9482731292196503
5617,2,tma4_D1,0.0,0.12371185035325527,0.5714285714285714,0.6147115596913204
5618,2,tma4_D1,0.0,0.3035556285459542,0.4879518072289157,1.0
5619,2,tma4_D1,0.0,0.4768902141286907,0.875,0.7878236089902805
5620,2,tma4_D1,0.0,0.10945286052694225,0.6415094339622641,0.6932466673268166
5621,2,tma4_D1,0.0,0.29328977336929274,0.46875,1.0
5622,2,tma4_D1,0.0,0.27372677129497447,0.7924528301886793,0.7379549809390566
5623,2,tma4_D1,0.0,0.4507397457051949,0.4682713347921225,0.9097128305806826
5624,2,tma4_D1,0.0,0.029104675114100198,0.6106194690265486,0.7069271399117826
5625,2,tma4_D1,0.0,0.5839026477714216,1.0,1.0
5626,2,tma4_E3,0.0,0.3610654044701971,0.3233280674038968,0.8084556794111594
5627,2,tma4_E3,0.0,0.37978551231597046,0.6,0.852040812416503
5628,2,tma4_E3,0.0,0.5255045238229321,0.6666666666666666,0.9019723497076458
5629,2,tma4_E3,0.0,0.44930437980890636,0.6363636363636364,1.0
5630,2,tma4_E3,0.0,0.6149436716569814,0.5601907032181168,1.0
5631,2,tma4_E3,0.0,0.40309072308623084,0.975609756097561,0.7478892940846417
5632,2,tma4_E3,0.0,0.29549572274378744,0.7294117647058823,0.7435566789457599
5633,2,tma4_E3,0.0,0.32072070820891263,0.9375,0.8386507510867649
5634,2,tma4_F3,0.0,0.06760237896581678,0.4948453608247423,0.9397893165329193
5635,2,tma4_F3,0.0,0.47973253994485077,0.42536475869809204,1.0
5636,2,tma4_F3,0.0,0.258790425883914,0.4606741573033708,0.7131738726912721
5637,2,tma4_F3,0.0,0.43583964394112884,0.3477570464470028,0.7729343454906206
5638,2,tma4_F3,0.0,0.42124205626709466,0.56,0.7905645466141121
5639,2,tma4_F3,0.0,0.20188792344244633,0.48273844353423057,0.7615660906474327
5640,2,tma4_E3,0.0,0.03714482723082457,0.43514150943396224,0.8468994102468705
5641,2,tma4_F3,0.0,0.5522956507402236,0.5740740740740741,1.0
5642,2,tma4_F3,0.0,0.5044872212964671,0.7529411764705882,1.0
5643,2,tma4_E3,0.0,0.3083221477184558,0.5919282511210763,0.7110480610021173
5644,2,tma4_E3,0.0,0.22739388686576867,0.6138613861386139,0.7971182736936467
5645,2,tma4_E3,0.0,0.3579464423428035,0.5191489361702127,1.0
5646,2,tma4_E3,0.0,0.6579299818881882,0.9629629629629629,1.0
5647,2,tma4_E3,0.0,0.3771090907743597,0.4026315789473684,1.0
5648,2,tma4_E3,0.0,0.11385441227905468,0.5689655172413793,0.7345115671127364
5649,2,tma4_E3,0.0,0.4991428684729905,0.7058823529411765,0.7920111067689225
5650,2,tma4_E3,0.0,0.5072629417238032,0.6419753086419753,0.8373487432901899
5651,2,tma4_E3,0.0,0.2080976458329058,0.6538461538461539,0.8095339209341019
5652,2,tma4_E3,0.0,0.2998254463975446,0.34886610748679714,0.8279288293853498
5653,2,tma4_E3,0.0,0.06812281801246867,0.7009345794392523,0.8808236301468282
5654,2,tma4_E3,0.0,0.5119326071918251,0.75,0.7807670830974799
5655,2,tma4_E3,0.0,0.22112984808436642,0.6213592233009708,0.8117192300658557
5656,2,tma4_E3,0.0,0.4204673313010887,0.8333333333333334,1.0
5657,2,tma4_E3,0.0,0.476422999502951,0.6875,1.0
5658,2,tma4_E3,0.0,0.6889220166936791,0.627906976744186,1.0
5659,2,tma4_E3,0.0,0.34139210634823824,0.8214285714285714,0.8975490283022266
5660,2,tma4_E3,0.0,0.48102398045477723,0.6444444444444445,0.7855820478736191
5661,2,tma4_F3,0.0,0.5901815185196674,0.88,0.846522951052167
5662,2,tma4_F3,0.0,0.11158659539333138,0.863013698630137,0.6909879088349973
5663,2,tma4_F3,0.0,0.3611148173843254,0.7142857142857143,1.0
5664,2,tma4_C3,0.0,0.35512700143932574,1.0,1.0
5665,2,tma4_C3,0.0,0.5411808815658337,1.0,0.8073412573529631
5666,2,tma4_C3,0.0,0.32612263994043156,0.8478260869565217,1.0
5667,2,tma4_D2,0.0,0.5313534403847909,0.547945205479452,1.0
5668,2,tma4_D2,0.0,0.6215682846293711,0.7575757575757576,1.0
5669,2,tma4_D2,0.0,0.4229692621320057,0.8421052631578947,0.7840568123511068
5670,2,tma4_D2,0.0,0.42683378899940816,0.6170212765957447,1.0
5671,2,tma4_D2,0.0,0.4409768419624076,0.8354430379746836,1.0
5672,2,tma4_D2,0.0,0.4216260069406603,0.7440476190476191,1.0
5673,2,tma4_D2,0.0,0.015322908414630576,1.0,0.800200641803752
5674,2,tma4_D2,0.0,0.18432503477475215,0.6666666666666666,0.792496748742802
5675,2,tma4_D2,0.0,0.029844911542527663,0.5898876404494382,0.7073999522451889
5676,2,tma4_C3,0.003617433874014475,0.025655825031544732,1.0,0.7284625083639134
5677,2,tma4_C3,0.0,0.2841147647584841,0.9032258064516129,1.0
5678,2,tma4_C3,0.0,0.503954939014135,0.96,1.0
5679,2,tma4_C3,0.0,0.21260216430854317,1.0,0.8073605590557664
5680,2,tma4_C3,0.0,0.064097087324407,0.9523809523809523,0.9488021318651195
5681,2,tma4_C3,0.0,0.49935298250234084,0.9411764705882353,1.0
5682,2,tma4_C3,0.0,0.40273448401889134,1.0,0.8392199219287384
5683,2,tma4_F2,0.0,0.2071930617327956,0.8095238095238095,0.7179346474454806
5684,2,tma4_F2,0.0,0.3595505895892128,0.9310344827586207,1.0
5685,2,tma4_F2,0.0,0.5806737880635344,0.5714285714285714,1.0
5686,2,tma4_F2,0.0,0.6063936901149238,0.8666666666666667,1.0
5687,2,tma4_F2,0.0,0.07077799035328114,0.9411764705882353,0.7604021880280524
5688,2,tma4_F2,0.0,0.36550233214699746,0.9333333333333333,1.0
5689,2,tma4_D2,0.0,0.4879022932893059,0.96875,1.0
5690,2,tma4_D2,0.0,0.1918775858502848,0.7575757575757576,0.7651581003495372
5691,2,tma4_D2,0.0,0.2908209712400329,0.9298245614035088,1.0
5692,2,tma4_D2,0.0,0.12647377884895328,0.7333333333333333,0.7601014204733515
5693,2,tma4_D2,0.0,0.2819809978566713,0.8130841121495327,0.823549854134163
5694,2,tma4_D2,0.0,0.5821101103179396,0.875,0.8853194376959868
5695,2,tma4_D2,0.0,0.4942467450608571,0.325,0.8805136720035355
5696,2,tma4_E1,0.0,0.669175760872186,0.8125,1.0
5697,2,tma4_F1,0.0,0.6357091831850805,0.7674418604651163,0.8313498463391565
5698,2,tma4_F1,0.0,0.6379701464966843,0.7647058823529411,1.0
5699,2,tma4_F1,0.0,0.41054994986038384,0.6111111111111112,1.0
5700,2,tma4_F1,0.0,0.5450046851928725,0.7,1.0
5701,2,tma4_F1,0.0,0.512183773597853,0.8846153846153846,1.0
5702,2,tma4_F1,0.0,0.5384223399658185,0.5526315789473685,1.0
5703,2,tma4_F1,0.0,0.3763003039373697,0.8571428571428571,0.8908554664100657
5704,2,tma4_F1,0.0,0.11052732026448853,0.525,0.7431192124082915
5705,2,tma4_D2,0.0,0.4256445476922879,0.7407407407407407,0.7437444145886988
5706,2,tma4_D2,0.0,0.11871840798394895,0.7547169811320755,0.7371766528061602
5707,2,tma4_E1,0.0,0.43387072708064234,0.47058823529411764,0.8797989464834003
5708,2,tma4_E1,0.0,0.5311930116938086,0.5614035087719298,1.0
5709,2,tma4_E1,0.0,0.6387278682484427,0.5161290322580645,1.0
5710,2,tma4_E1,0.0,0.5621085795804328,0.5537190082644629,0.8345626703187108
5711,2,tma4_E1,0.0,0.5359664653369345,1.0,0.8346201732292744
5712,2,tma4_E1,0.0,0.15308934290211373,0.8135593220338984,0.7402843353532134
5713,2,tma4_E1,0.0,0.33797405836587735,0.8648648648648649,0.9195199567459368
5714,2,tma4_E1,0.0,0.16442616264409227,0.8378378378378378,0.8179155884240747
5715,2,tma4_E1,0.0,0.2649553406848909,0.722972972972973,0.7722161548793132
5716,2,tma4_D2,0.0,0.6745314602156227,0.7317073170731707,1.0
5717,2,tma4_D2,0.0,0.6881069007152617,0.7083333333333334,1.0
5718,2,tma4_D2,0.0,0.33163027009517543,0.8571428571428571,0.7700785431287964
5719,2,tma4_D2,0.0,0.15465444403572826,0.8,0.7447349761097891
5720,2,tma4_D2,0.0,0.5441734291241735,0.8947368421052632,1.0
5721,2,tma4_D2,0.0,0.33790777223991353,0.5501519756838906,0.9140263182654869
5722,2,tma4_D2,0.0,0.10324029834346238,0.4986301369863014,0.7247836442085828
5723,2,tma4_D2,0.0,0.10381075176603294,0.48998091603053434,0.7691840002046136
5724,2,tma4_D2,0.0,0.2433732434471474,0.8363636363636363,0.9195746769395683
5725,2,tma4_D2,0.0,0.45090651243734203,0.6923076923076923,0.7719772647418208
5726,2,tma4_D2,0.0,0.41817456658781404,0.52046783625731,0.800771373962883
5727,2,tma4_D2,0.0,0.20978079638024594,0.7469879518072289,1.0
5728,2,tma4_D2,0.0,0.17791709672591083,0.6842105263157895,0.9324456497065182
5729,2,tma4_D2,0.0,0.2790150060325347,0.9047619047619048,0.8287193574026883
5730,2,tma4_D2,0.0,0.4465838467878406,0.7216494845360825,0.7985767728474784
5731,2,tma4_D2,0.0,0.0016638172581270316,0.7168141592920354,0.765575859375441
5732,2,tma4_D2,0.0,0.14654692866344055,0.6634615384615384,0.7513865554955479
5733,2,tma4_D2,0.0,0.49127673096101043,1.0,0.8189756175602058
5734,2,tma4_D2,0.0,0.13019400389576608,0.8292682926829268,0.7959981225936356
5735,2,tma4_D2,0.0,0.1708249609916641,0.6710963455149501,1.0
5736,2,tma4_D2,0.0,0.10812224458764619,0.9130434782608695,0.7772879855175823
5737,2,tma4_D2,0.0,0.629426906935789,0.69375,1.0
5738,2,tma4_D2,0.0,0.3729165095565512,0.8125,1.0
5739,2,tma4_D2,0.0,0.31149328143467603,0.8636363636363636,1.0
5740,2,tma4_D2,0.0,0.07410424113880365,0.6571428571428571,0.8642198310822224
5741,2,tma4_D2,0.0,0.2204678940368736,0.7647058823529411,1.0
5742,2,tma4_D2,0.0,0.05094471194313288,0.625,0.7289342913976045
5743,2,tma4_D2,0.0,0.4365740585660316,0.822429906542056,1.0
5744,2,tma4_D2,0.0,0.33176366664066836,0.8656716417910447,0.9274143908831226
5745,2,tma4_D2,0.0,0.564954269831718,0.75,0.820094297270393
5746,2,tma4_D2,0.0,0.28239263232044376,0.8135593220338984,0.7974786999649308
5747,2,tma4_F3,0.0,0.5636844739255811,0.9523809523809523,1.0
5748,2,tma4_F3,0.0,0.2815258855029211,0.6810344827586207,0.9142616623827854
5749,2,tma4_F3,0.0,0.27820990481222563,0.48623853211009177,1.0
5750,2,tma4_F3,0.0,0.27059872947687014,1.0,0.6423986372332117
5751,2,tma4_E3,0.0,0.43048364633689984,0.4931972789115646,1.0
5752,2,tma4_F3,0.0,0.012541884792370506,0.43473570658036675,0.7165049208507568
5753,2,tma4_F3,0.0,0.39797388199699846,0.5789473684210527,0.7465327074533786
5754,2,tma4_F3,0.0,0.5585245680293311,0.415,1.0
5755,2,tma4_F3,0.0,0.627291072664226,0.4827586206896552,0.930700046493626
5756,2,tma4_F3,0.0,0.4328292090630421,0.3766632548618219,0.9096957252405177
5757,2,tma4_F3,0.0,0.7038215150179912,0.9565217391304348,0.8957100117304174
5758,2,tma4_F3,0.0,0.08363767437726577,0.5573770491803278,0.6966718967420102
5759,2,tma4_F3,0.0,0.28086552967391176,0.49514563106796117,1.0
5760,2,tma4_F3,0.0,0.4485474210789524,0.6111111111111112,0.7665210128769955
5761,2,tma4_F3,0.0,0.1884228533264889,0.5895953757225434,1.0
5762,2,tma4_F3,0.0,0.18167754848070716,0.6836734693877551,0.7656782937767667
5763,2,tma4_F3,0.0,0.3667584204426624,0.5806451612903226,0.7895128350108278
5764,2,tma4_F3,0.0,0.34124156435982356,0.43577981651376146,1.0
5765,2,tma4_G2,0.0,0.5552099942314639,0.3366778149386845,1.0
5766,2,tma4_G2,0.0,0.37752303451239366,0.6875,1.0
5767,2,tma4_G2,0.0,0.28921888631009407,1.0,1.0
5768,2,tma4_G2,0.0,0.5425545796374183,0.4430379746835443,0.8335370977797733
5769,2,tma4_G2,0.0,0.23365253650191686,0.8823529411764706,0.7776382435205915
5770,2,tma4_G2,0.0,0.4811192713766548,0.6521739130434783,1.0
5771,2,tma4_G2,0.007146226846080017,0.1819346714880854,0.46511627906976744,0.7402472034954187
5772,2,tma4_G2,0.0,0.33888857090436175,0.5125448028673835,0.7679038395294646
5773,2,tma4_G2,0.0,0.48271099944070406,0.9375,0.772084722972413
5774,2,tma4_G2,0.0,0.4808659756160576,0.85,0.8563451798475753
5775,2,tma4_G2,0.0,0.4567412362137212,0.6013513513513513,1.0
5776,2,tma4_G2,0.0,0.5011334649100333,0.7027027027027027,0.826961498903197
5777,2,tma4_G2,0.0,0.004136456743906725,0.8857142857142857,0.6817194399887306
5778,2,tma4_G2,0.0,0.5190553017103585,0.5,0.801192451175587
5779,2,tma4_G2,0.0,0.7567368023543364,0.8148148148148148,1.0
5780,2,tma4_G2,0.0,0.39455982728695504,0.78,0.8306338411588283
5781,2,tma4_G2,0.0,0.6449039076544416,0.5339805825242718,1.0
5782,2,tma4_G2,0.0,0.5475207991647277,0.34375,1.0
5783,2,tma4_G2,0.0,0.1164973146103111,0.9285714285714286,0.7904472799269053
5784,2,tma4_G2,0.0,0.5216896827500482,0.7037037037037037,1.0
5785,2,tma4_G2,0.0,0.5500332894594612,0.6461538461538462,1.0
5786,2,tma4_G2,0.0,0.741802938354119,0.6097560975609756,0.8780358481455347
5787,2,tma4_G2,0.0,0.393629306908865,0.8888888888888888,0.7540130414109312
5788,2,tma4_G2,0.0,0.5878593138735895,0.6875,0.822767882352817
5789,2,tma4_G2,0.0,0.573965987898776,0.7681159420289855,1.0
5790,2,tma4_G2,0.0,0.47508718114828197,0.6518987341772152,1.0
5791,2,tma4_G2,0.0,0.4317631112527859,0.8888888888888888,0.7784554060754226
5792,2,tma4_G2,0.0,0.16482146115453133,0.8181818181818182,0.7906608653994991
5793,2,tma4_G2,0.0,0.660459043576304,0.7368421052631579,0.9336896721927657
5794,2,tma4_F3,0.0,0.31052148473739616,1.0,0.7461236389102177
5795,2,tma4_G2,0.0,0.6638278519312241,1.0,1.0
5796,2,tma4_G2,0.0,0.19050502380444967,1.0,0.9427264539784115
5797,2,tma4_G2,0.0,0.4739112658671165,0.9130434782608695,1.0
5798,2,tma4_F3,0.0,0.48332485441755446,0.4857142857142857,0.7830495668659739
5799,2,tma4_F3,0.0,0.41587524667676223,0.6481481481481481,0.8903175820310151
5800,2,tma4_F3,0.0,0.45067288941094774,0.7407407407407407,0.886052765222703
5801,2,tma4_F3,0.0,0.31229184626674733,0.6875,0.7898232393399159
5802,2,tma4_E3,0.0,0.4094043781951101,0.40653153153153154,0.8019671684499626
5803,2,tma4_E3,0.0,0.49765118740141556,0.782608695652174,1.0
5804,2,tma4_E3,0.0,0.47776742329106303,0.6551724137931034,1.0
5805,2,tma4_E3,0.0,0.6094105011495876,0.4307944307944308,1.0
5806,2,tma4_E3,0.04229980641283593,0.1841203767659264,0.6956521739130435,0.7387920141664825
5807,2,tma4_E3,0.0,0.4437390026882173,0.5921052631578947,0.8152804494823767
5808,2,tma4_E3,0.0,0.5902403279949622,0.6164705882352941,1.0
5809,2,tma4_F3,0.0,0.5536142481001202,0.9047619047619048,1.0
5810,2,tma4_F3,0.0,0.4649192851689372,1.0,1.0
5811,2,tma4_F3,0.0,0.1767838331899414,0.6440677966101694,0.7711262244409234
5812,2,tma4_F3,0.0,0.3814498420743534,0.7045454545454546,1.0
5813,2,tma4_E3,0.0,0.3291538381020934,0.5517241379310345,0.7953635519303353
5814,2,tma4_E3,0.0,0.5462067163580051,0.487012987012987,1.0
5815,2,tma4_F3,0.0,0.37208273612856124,0.8356164383561644,0.8874637564171536
5816,2,tma4_F3,0.0,0.5719121352484577,0.4073931459376203,1.0
5817,2,tma4_F3,0.0,0.4389841844499718,0.5277777777777778,0.7164922492854316
5818,2,tma4_F3,0.0,0.18801076876169587,0.39841339797267517,0.600060873882158
5819,2,tma4_F3,0.0,0.31492243154162314,0.6123348017621145,1.0
5820,2,tma4_F3,0.0,0.4008152333674102,0.5961538461538461,1.0
5821,2,tma4_F3,0.0,0.2366068217664783,0.9473684210526315,1.0
5822,2,tma4_F3,0.0,0.45033272722912243,0.673469387755102,1.0
5823,2,tma4_F3,0.0,0.3298685360645037,0.7073170731707317,0.7710413340454586
5824,2,tma4_F3,0.0,0.35831661212000143,0.8709677419354839,1.0
5825,2,tma4_F3,0.0,0.1447593261327712,0.6666666666666666,0.8090889544664929
5826,2,tma4_F3,0.0,0.34446565363059,0.628099173553719,0.7665836939055716
5827,2,tma4_F3,0.0,0.6670219854994557,0.6666666666666666,1.0
5828,2,tma4_F3,0.0,0.5675561462036725,0.7894736842105263,1.0
5829,2,tma4_F3,0.0,0.7722338725380304,0.6229508196721312,1.0
5830,2,tma4_F3,0.0,0.5672759009598081,0.5128205128205128,1.0
5831,2,tma4_F3,0.0,0.5780714508664108,0.8181818181818182,0.8532043483492501
5832,2,tma4_E3,0.0,0.5261604889264035,0.8529411764705882,1.0
5833,2,tma4_E3,0.0,0.7939296002796418,0.8169014084507042,1.0
5834,2,tma4_E3,0.0,0.5279547400775609,0.4768211920529801,1.0
5835,2,tma4_E3,0.0,0.4183390948321456,0.398822663723326,1.0
5836,2,tma4_E3,0.0,0.026355842652796557,0.7282608695652174,0.7459642542119412
5837,2,tma4_E3,0.0,0.6423219659591395,0.5925925925925926,1.0
5838,2,tma4_E3,0.0,0.4525412702036068,0.7258064516129032,1.0
5839,2,tma4_E3,0.0,0.014810746213065884,0.8888888888888888,0.8311498825307666
5840,2,tma4_E3,0.0,0.46672887017845566,0.7586206896551724,0.7821115196707462
5841,2,tma4_E3,0.0,0.3025377321527507,0.625,0.8648969543971062
5842,2,tma4_E3,0.0,0.3709495996223898,0.7037037037037037,0.8587872382849928
5843,2,tma4_F2,0.0,0.4697804377666255,0.8695652173913043,1.0
5844,2,tma4_F2,0.0,0.7322559884963257,0.9090909090909091,1.0
5845,2,tma4_F2,0.0,0.42794381505029266,0.6,0.7469003352077571
5846,2,tma4_F2,0.0,0.6054953354594957,0.9375,1.0
5847,2,tma4_F2,0.14646262377322472,0.11241227460555736,0.4864864864864865,0.8645873416131341
5848,2,tma4_E3,0.0,0.38276693188103617,0.6705882352941176,0.8102477117008187
5849,2,tma4_E3,0.0,0.4217795361556601,0.5238095238095238,1.0
5850,2,tma4_E3,0.0,0.28115092075139714,0.6944444444444444,0.8846658110673757
5851,2,tma4_E3,0.0,0.3397307227183596,0.5424528301886793,0.8391790775109038
5852,2,tma4_E3,0.0,0.24381433235878358,0.6071428571428571,0.7327914995641605
5853,2,tma4_E3,0.0,0.3939011907943899,0.6388888888888888,0.7531903287771857
5854,2,tma4_E3,0.0,0.44402721794195454,0.8846153846153846,1.0
5855,2,tma4_E3,0.0,0.25389747585505984,0.7619047619047619,0.7253656866614393
5856,2,tma4_E3,0.0,0.16858495793256822,0.6666666666666666,1.0
5857,2,tma4_E3,0.0,0.5557103117510613,0.75,1.0
5858,2,tma4_E3,0.0,0.19079780205330132,0.6428571428571429,0.674987348696653
5859,2,tma4_E3,0.0,0.2442965692834128,0.6833333333333333,0.7069536431312715
5860,2,tma4_E3,0.0,0.44937254401895577,0.9444444444444444,1.0
5861,2,tma4_E3,0.0,0.3166995208615925,0.7391304347826086,0.7347657471703294
5862,2,tma4_E3,0.0,0.4840227399284929,0.8181818181818182,1.0
5863,2,tma4_E3,0.0,0.43494699269104586,0.4676258992805755,1.0
5864,2,tma4_E3,0.0,0.7234254509776172,0.5625,1.0
5865,2,tma4_E3,0.0,0.15642872600810065,0.6370967741935484,0.7490512794741175
5866,2,tma4_E3,0.08199711874844695,0.07492585093242898,0.85,0.7348717973180763
5867,2,tma4_E1,0.0,0.7246434423035866,0.7391304347826086,1.0
5868,2,tma4_F1,0.0,0.5123988305569438,0.7,0.8115962588082895
5869,2,tma1_B2,0.0,0.17759489092683167,0.691358024691358,0.8213431232982421
5870,2,tma1_B2,0.0,0.6608612971857685,0.7857142857142857,0.9194940584569122
5871,2,tma1_D2,0.0,0.408801320138096,0.627906976744186,1.0
5872,2,tma1_B2,0.0,0.6184730115598103,0.4578313253012048,1.0
5873,2,tma1_D2,0.0,0.6319389422937394,0.5283018867924528,0.870156230844445
5874,2,tma1_D2,0.0,0.07896804687489134,0.75,0.9144612200866341
5875,2,tma1_D2,0.0,0.5544459444451761,0.6764705882352942,1.0
5876,2,tma1_D2,0.0,0.5439243556036764,0.8837209302325582,1.0
5877,2,tma1_C2,0.0,0.8507567792663868,1.0,1.0
5878,2,tma1_C2,0.0,0.5313550204142709,0.6,0.7989526480608603
5879,2,tma1_C2,0.0,0.16138972147384034,0.48148148148148145,0.8419373102305596
5880,2,tma1_C2,0.0,0.5424129749577649,0.9285714285714286,1.0
5881,2,tma1_C2,0.0,0.67350375898579,0.5535714285714286,0.8806917561060255
5882,2,tma1_D2,0.0,0.6739247823956542,0.7575757575757576,1.0
5883,2,tma1_D2,0.0,0.6240138144950347,0.6571428571428571,1.0
5884,2,tma1_D2,0.0,0.31295900254309317,0.9285714285714286,0.9455061012884365
5885,2,tma1_D2,0.0,0.4458649784882841,0.625,0.7572648776498693
5886,2,tma1_D2,0.0,0.5042349431936193,0.8695652173913043,1.0
5887,2,tma1_D2,0.0,0.34096418181667976,0.41379310344827586,1.0
5888,2,tma1_B2,0.0,0.5055167251662336,0.7441860465116279,0.77844041217713
5889,2,tma1_B2,0.0,0.5514325714231743,0.6268656716417911,1.0
5890,2,tma1_B2,0.011428840492495707,0.2448503846775424,0.8928571428571429,1.0
5891,2,tma1_B2,0.0,0.4345846095565994,0.4420289855072464,1.0
5892,2,tma1_B2,0.0,0.27494781525633805,0.6190476190476191,0.7480104057670895
5893,2,tma1_B2,0.0,0.26199590004604867,0.8235294117647058,1.0
5894,2,tma1_B2,0.0,0.278262981747897,0.85,1.0
5895,2,tma1_B2,0.0,0.3130612027562344,0.5531914893617021,0.8008515127152938
5896,2,tma1_B2,0.0,0.19074065152373976,0.5614035087719298,1.0
5897,2,tma1_B2,0.0,0.10546041820923324,0.5874125874125874,0.7223715364469473
5898,2,tma1_B2,0.0,0.5229559750249408,0.8076923076923077,0.843049988680394
5899,2,tma1_B2,0.0,0.6838671620630139,0.8888888888888888,1.0
5900,2,tma1_B2,0.0,0.06314511578356508,0.7777777777777778,0.711886531739472
5901,2,tma1_B2,0.0,0.6195378898489048,0.6551724137931034,1.0
5902,2,tma1_B2,0.0,0.36486253196384943,0.6181818181818182,1.0
5903,2,tma1_B2,0.0,0.5480135375077286,0.6842105263157895,1.0
5904,2,tma1_B2,0.0,0.3926655308682745,0.7931034482758621,0.8114550694737724
5905,2,tma1_B2,0.0,0.7225985311486222,0.4051724137931034,1.0
5906,2,tma1_B2,0.0,0.35087546250414436,0.5773195876288659,0.8083017043126632
5907,2,tma1_B2,0.0,0.532375712717208,0.734375,1.0
5908,2,tma1_B2,0.0,0.3636327568447377,0.7391304347826086,0.750867236061543
5909,2,tma1_B2,0.0,0.4612516351910183,1.0,1.0
5910,2,tma1_B2,0.0,0.05272900331435848,1.0,0.7243420156638922
5911,2,tma1_B2,0.0,0.6259310779143678,0.5757575757575758,0.8719566594219672
5912,2,tma1_B2,0.0,0.30857409376942235,0.7954545454545454,0.7125969474887066
5913,2,tma1_B2,0.0,0.6263830413048133,0.6065573770491803,0.8950712631158598
5914,2,tma1_B2,0.0,0.3636906563478782,0.7083333333333334,0.7738093163222445
5915,2,tma1_B2,0.0,0.17930478181183873,0.6,1.0
5916,2,tma1_B2,0.0,0.5623443045231511,0.9166666666666666,0.8234764640057567
5917,2,tma1_B2,0.0,0.5648838848220571,1.0,0.8486815506368695
5918,2,tma1_B2,0.0,0.4874768512232036,1.0,0.7691928761339877
5919,2,tma1_B2,0.0,0.5633089503923554,0.8055555555555556,1.0
5920,2,tma1_B2,0.0,0.22635521411374793,0.4126984126984127,0.8793830992395887
5921,2,tma1_B2,0.0,0.30694996515073214,0.6451612903225806,0.7860497751973766
5922,2,tma1_B2,0.0,0.20394656840352965,0.6538461538461539,0.7808473444280734
5923,2,tma1_B2,0.0,0.2578754429896484,0.8863636363636364,0.8281038899283472
5924,2,tma1_B2,0.0,0.42600256729138575,0.4897959183673469,1.0
5925,2,tma1_B2,0.0,0.3327713836393549,0.9166666666666666,1.0
5926,2,tma1_B2,0.0,0.045042385732654844,0.8695652173913043,0.6907760930217972
5927,2,tma1_B2,0.0,0.626901761436399,0.896551724137931,1.0
5928,2,tma1_B2,0.0,0.49196350490286267,0.59375,0.8360159035677048
5929,2,tma1_A2,0.0,0.7402033125440497,0.8709677419354839,1.0
5930,2,tma1_A2,0.0,0.6472332137857224,0.6285714285714286,1.0
5931,2,tma1_A2,0.0,0.49434189088104374,0.7142857142857143,1.0
5932,2,tma1_A2,0.0,0.44985987080275613,0.8387096774193549,1.0
5933,2,tma1_B2,0.0,0.5256814851975973,0.8888888888888888,0.7860495259160937
5934,2,tma1_B2,0.0,0.6868034737275273,0.8214285714285714,0.861372367020575
5935,2,tma1_B2,0.0,0.34847290863381963,0.4827586206896552,1.0
5936,2,tma1_B2,0.0,0.1719133146810654,0.5658914728682171,0.8749340156815107
5937,2,tma1_B2,0.0,0.5980271970602296,1.0,0.9220386368245255
5938,2,tma1_D1,0.0,0.09633475481321285,0.583732057416268,0.7810508841604841
5939,2,tma1_D1,0.0,0.553652664111819,0.9,1.0
5940,2,tma1_D1,0.0,0.18613569186518852,0.49407114624505927,0.7130932478936625
5941,2,tma1_D1,0.0,0.39269192120904217,0.6226415094339622,1.0
5942,2,tma1_D1,0.0,0.2505771799152512,0.8,1.0
5943,2,tma1_D1,0.0,0.2002811820390592,0.6129032258064516,0.8617651481571765
5944,2,tma1_D1,0.0,0.6569700253459828,1.0,1.0
5945,2,tma1_D1,0.0,0.4920296097943714,1.0,0.86223438790056
5946,2,tma1_D1,0.0,0.472449453361253,0.9130434782608695,0.8354264043203166
5947,2,tma1_D1,0.0,0.18174655500590375,1.0,0.6836201998222591
5948,2,tma1_D1,0.0,0.487536743508467,0.59375,1.0
5949,2,tma1_D1,0.0,0.362553071185471,0.5424528301886793,1.0
5950,2,tma1_D1,0.0,0.42696491306695006,0.3788546255506608,0.7901193649799928
5951,2,tma1_D1,0.0,0.5225773423420632,0.8461538461538461,0.8565060339070769
5952,2,tma1_D1,0.0,0.7863233094030315,0.76,1.0
5953,2,tma1_D1,0.0,0.11982327901211787,1.0,0.7198035846163894
5954,2,tma1_D1,0.0,0.3507948612300055,0.4664310954063604,0.7749119284245521
5955,2,tma1_D1,0.0,0.5717665459308616,0.95,0.942142407552998
5956,2,tma1_D1,0.0,0.4026340990190713,0.5789473684210527,1.0
5957,2,tma1_D1,0.0,0.6608009740007406,0.4988558352402746,0.9178117533417622
5958,2,tma1_D1,0.0,0.30989929598422716,0.5416666666666666,0.7817584751911406
5959,2,tma1_D1,0.0,0.3443558556087958,0.5,0.7034591565112285
5960,2,tma1_D1,0.0,0.4161582226637802,0.9285714285714286,0.9214276168710346
5961,2,tma1_D1,0.0,0.484123434263919,0.391304347826087,1.0
5962,2,tma1_D1,0.0,0.4390126893103813,0.3969171483622351,1.0
5963,2,tma1_D1,0.0,0.09137541399858651,0.896551724137931,0.7906085570410485
5964,2,tma1_D1,0.0,0.033302496202894494,0.575,0.7955760134222486
5965,2,tma1_D1,0.0,0.09228306171373457,1.0,0.9205540090090335
5966,2,tma1_D1,0.0,0.30459587812141964,1.0,0.7275363393385822
5967,2,tma1_D1,0.0,0.653541828858194,0.9090909090909091,1.0
5968,2,tma1_D1,0.0,0.30349398851932596,0.9090909090909091,0.7358577445174789
5969,2,tma1_D1,0.0,0.4312360616733516,0.5666666666666667,1.0
5970,2,tma1_D1,0.0,0.5426325548145022,0.9166666666666666,1.0
5971,2,tma1_D1,0.0,0.31637427609835356,0.875,1.0
5972,2,tma1_D1,0.0,0.5706382999710989,0.7777777777777778,1.0
5973,2,tma1_D1,0.0,0.5113824754725738,0.85,1.0
5974,2,tma1_D1,0.0,0.458242596292596,0.7380952380952381,1.0
5975,2,tma1_D1,0.0,0.06912192721869936,0.8176470588235294,0.7664516865732054
5976,2,tma1_D1,0.0,0.3781524295182118,0.875,0.7946580718856278
5977,2,tma1_D1,0.0,0.4775120756565302,0.8947368421052632,0.7627279998408769
5978,2,tma1_D1,0.0,0.32877173767510415,0.6627906976744186,0.5877649991937237
5979,2,tma1_D1,0.0,0.5510640406699698,0.8444444444444444,0.9207903648835724
5980,2,tma1_D1,0.0,0.2721134880099211,0.6774193548387096,0.7038495571839558
5981,2,tma1_D1,0.0,0.45292143429809717,0.6129032258064516,1.0
5982,2,tma1_D1,0.0,0.6545406101808273,0.6101694915254238,0.8590737863412435
5983,2,tma1_D1,0.0,0.5155070552540896,0.6875,1.0
5984,2,tma1_D1,0.0,0.8102235460393974,0.7777777777777778,1.0
5985,2,tma1_D1,0.0,0.4957873187430447,0.578125,1.0
5986,2,tma1_D1,0.0,0.405032045999802,0.6379310344827587,0.740435712120538
5987,2,tma1_D1,0.0,0.0340007912066419,0.5516956162117452,0.9049329232569843
5988,2,tma1_D1,0.0,0.26159237192059415,0.7108433734939759,1.0
5989,2,tma1_F1,0.0,0.36028513328458933,0.6756756756756757,0.7342715373878336
5990,2,tma1_F1,0.0,0.5303893747737186,0.7407407407407407,0.8389222099165308
5991,2,tma1_F1,0.0,0.2427668928420903,0.5212888377445339,0.6421618932031499
5992,2,tma1_F1,0.0,0.4911291133065848,0.8571428571428571,1.0
5993,2,tma1_F1,0.0,0.4754014386342674,0.5849056603773585,0.6312969229885659
5994,2,tma1_F1,0.0,0.22125075141789108,0.4690909090909091,0.9217513329615982
5995,2,tma1_F1,0.0,0.17460273455955644,0.7352941176470589,0.782447734592157
5996,2,tma1_F1,0.0,0.14276387550590885,0.7878787878787878,1.0
5997,2,tma1_F1,0.0,0.130353065256675,0.6296296296296297,1.0
5998,2,tma1_F1,0.0,0.740040010946918,0.782608695652174,1.0
5999,2,tma1_F1,0.0,0.3966876150477383,1.0,1.0
6000,2,tma1_F1,0.0,0.3544229917838554,0.6825396825396826,1.0
6001,2,tma1_F1,0.0,0.18442211039418,0.7894736842105263,1.0
6002,2,tma1_F1,0.0,0.16929145937255197,0.5294117647058824,0.7341980070959923
6003,2,tma1_F1,0.0,0.564666586312194,0.5477707006369427,1.0
6004,2,tma1_F1,0.0,0.30978156352020114,0.6009389671361502,1.0
6005,2,tma1_F1,0.0,0.35841422020739266,0.5333333333333333,0.8268156127415893
6006,2,tma1_F1,0.0,0.5522577728015212,0.7894736842105263,1.0
6007,2,tma1_F1,0.0,0.3325464083910722,0.5909090909090909,0.7545687410329326
6008,2,tma1_F1,0.0,0.33317444349119585,0.896551724137931,1.0
6009,2,tma1_F1,0.0,0.6613521142203218,0.8055555555555556,1.0
6010,2,tma1_F1,0.0,0.404298064835497,1.0,0.782416694786769
6011,2,tma1_F1,0.0,0.48737412184851003,0.5408163265306123,1.0
6012,2,tma1_F1,0.0,0.7533010246670467,0.640625,1.0
6013,2,tma1_F1,0.0,0.5721237364525527,0.875,1.0
6014,2,tma1_F1,0.0,0.47614038796735036,0.6228571428571429,1.0
6015,2,tma1_F1,0.0,0.5617307134198266,0.9583333333333334,1.0
6016,2,tma1_F1,0.0620281349186691,0.09159179536492912,0.47045454545454546,0.7880695062713846
6017,2,tma1_F1,0.0,0.7253851183176114,0.5576923076923077,0.9100678187308655
6018,2,tma1_F1,0.0,0.477143140044486,0.6216216216216216,0.7856277444346411
6019,2,tma1_F1,0.0,0.4711607168427193,0.8947368421052632,1.0
6020,2,tma1_F1,0.0,0.5577771229549451,0.926829268292683,1.0
6021,2,tma1_F1,0.0,0.49920210665011466,0.5919540229885057,1.0
6022,2,tma1_F1,0.0,0.6068668188194964,0.7948717948717948,1.0
6023,2,tma1_F1,0.0,0.13764004637985616,0.8064516129032258,0.5994292328873421
6024,2,tma1_F1,0.0,0.5285836265810415,0.7473118279569892,1.0
6025,2,tma1_F1,0.0,0.3474412531980904,0.8571428571428571,0.8941999466449042
6026,2,tma1_F1,0.0,0.24765596676070267,0.9,0.8647157710674566
6027,2,tma1_F1,0.0,0.30760708525228175,0.9565217391304348,1.0
6028,2,tma1_F1,0.0,0.40732309035080105,0.7,0.740265006847562
6029,2,tma1_F1,0.0,0.20270838847841333,1.0,1.0
6030,2,tma1_E1,0.0,0.5079636647631387,0.72,1.0
6031,2,tma1_E1,0.0,0.5743034624999559,0.85,1.0
6032,2,tma1_E1,0.0,0.5794067827704329,0.5338983050847458,1.0
6033,2,tma1_E1,0.0,0.4617398205532931,0.6785714285714286,0.7921274422259438
6034,2,tma1_E1,0.0,0.4000045825713978,0.5063291139240507,0.8643308518889594
6035,2,tma1_E1,0.0,0.5249024586552415,1.0,0.8746340756333834
6036,2,tma1_E1,0.0,0.35201127714037517,0.7164750957854407,1.0
6037,2,tma1_E1,0.0,0.23471207895971347,0.506079027355623,1.0
6038,2,tma1_E1,0.0,0.5362515988040366,0.9444444444444444,1.0
6039,2,tma1_E1,0.0,0.4161435594920625,0.422360248447205,1.0
6040,2,tma1_E1,0.0,0.33323217449209197,0.72,0.7544421486296105
6041,2,tma1_E1,0.0,0.1015632936102181,0.45790554414784396,0.9213363894195931
6042,2,tma1_E1,0.0,0.32468400685010745,0.8137254901960784,1.0
6043,2,tma1_E1,0.0,0.3104048376146935,0.5393700787401575,0.9270269562710944
6044,2,tma1_E1,0.0,0.30439690168117506,0.6071428571428571,0.8059553314543464
6045,2,tma1_E1,0.0,0.6302144796192499,0.6428571428571429,1.0
6046,2,tma1_E1,0.0,0.1584097524355944,0.8673469387755102,0.9207515563781781
6047,2,tma1_E1,0.0,0.6494257015110131,0.6195652173913043,1.0
6048,2,tma1_E1,0.0,0.5266964264444636,0.9333333333333333,1.0
6049,2,tma1_E1,0.0,0.5098069382484238,0.5050847457627119,1.0
6050,2,tma1_E1,0.0,0.7588522372884354,0.8181818181818182,1.0
6051,2,tma1_E1,0.0,0.33681950067608035,0.7407407407407407,1.0
6052,2,tma1_E1,0.0,0.22780128277593792,0.7007874015748031,0.9223922604413745
6053,2,tma1_E1,0.0,0.19054259903569526,1.0,0.8890975024970702
6054,2,tma1_E1,0.0,0.35258123089409077,0.9090909090909091,0.8333801659022998
6055,2,tma1_E1,0.0,0.565509931081059,0.8181818181818182,0.8654003830907822
6056,2,tma1_E1,0.0,0.5737441056078568,0.9615384615384616,1.0
6057,2,tma1_E1,0.0,0.331935475759796,0.9565217391304348,0.7440723948038281
6058,2,tma1_E1,0.0,0.7358741232514598,0.8378378378378378,1.0
6059,2,tma1_E1,0.0,0.7101350765143104,0.9473684210526315,1.0
6060,2,tma1_E1,0.0,0.39181400632346397,0.9473684210526315,0.7591257277745417
6061,2,tma1_E1,0.0,0.6746027456596784,0.75,1.0
6062,2,tma1_E1,0.0,0.28690516971313273,0.7888888888888889,1.0
6063,2,tma1_E1,0.0,0.2751595265905957,0.9393939393939394,0.8420611567389024
6064,2,tma1_E1,0.0,0.17603006579389036,0.9545454545454546,0.5662648978296351
6065,2,tma1_E1,0.0,0.5495326700140529,0.4417808219178082,1.0
6066,2,tma1_E1,0.0,0.26697344527252176,0.6268656716417911,0.6939901158619682
6067,2,tma1_E1,0.0,0.5173834920847133,0.59375,0.913668022593948
6068,2,tma1_E1,0.0,0.11305695971341467,1.0,0.9310188789394428
6069,2,tma1_E1,0.0,0.29052216719672486,0.580952380952381,1.0
6070,2,tma1_E1,0.0,0.263727195753805,0.8095238095238095,0.697877992123537
6071,2,tma1_E1,0.0,0.6891763283404799,0.96875,1.0
6072,2,tma1_E1,0.0,0.5480823370861065,0.9375,1.0
6073,2,tma1_F1,0.0,0.37897949429690003,0.9090909090909091,1.0
6074,2,tma1_F1,0.0,0.461108058439641,0.9230769230769231,1.0
6075,2,tma1_F1,0.03714852766404031,0.19519272107172525,0.9473684210526315,0.7590725567939236
6076,2,tma1_F1,0.0,0.022877224409560304,0.6944444444444444,0.9279920750449262
6077,2,tma1_F1,0.0,0.49749931985615314,0.92,1.0
6078,2,tma1_F1,0.0,0.4206512638268657,1.0,0.7823705376659933
6079,2,tma1_F1,0.0,0.7304356102392493,0.7619047619047619,1.0
6080,2,tma1_F1,0.0,0.2792682796696586,1.0,1.0
6081,2,tma1_F1,0.0,0.059645528674638904,0.7424892703862661,0.7312088228588021
6082,2,tma1_E1,0.0,0.4431022389916348,0.6530612244897959,1.0
6083,2,tma1_E1,0.0,0.4556097287398795,0.639344262295082,0.7998050539971293
6084,2,tma1_E1,0.0,0.2046747133947775,0.8095238095238095,1.0
6085,2,tma1_E1,0.0,0.12345186846317702,0.5246913580246914,1.0
6086,2,tma1_E1,0.0,0.3592243345307895,0.6,0.8994374519596113
6087,2,tma1_F1,0.0,0.7039508092940094,0.9230769230769231,1.0
6088,2,tma1_E1,0.0,0.3770011571251819,0.6052631578947368,0.8185747890535905
6089,2,tma1_E1,0.0,0.4950856674774923,0.6708860759493671,1.0
6090,2,tma1_E1,0.0,0.7172919127486235,0.8333333333333334,0.9244716769532443
6091,2,tma1_E1,0.0,0.546098887708243,0.875,1.0
6092,2,tma1_E1,0.0,0.47320126732095047,1.0,1.0
6093,2,tma1_E1,0.0,0.25078159220955154,0.7441860465116279,0.8381433678992808
6094,2,tma1_F1,0.0,0.33940726112390895,0.5957446808510638,0.7297343293076365
6095,2,tma1_F1,0.0,0.32707527343937826,1.0,1.0
6096,2,tma1_F1,0.0,0.4130578620980785,0.8309859154929577,0.9195273679476069
6097,2,tma1_F1,0.0,0.3933724355394631,0.8674698795180723,0.7525688453988743
6098,2,tma1_F1,0.0,0.3153595899729238,0.8636363636363636,0.8269434837004273
6099,2,tma1_F1,0.0,0.5694469573110357,0.8333333333333334,1.0
6100,2,tma1_F1,0.0,0.3480100806543557,0.6373626373626373,1.0
6101,2,tma1_F1,0.0,0.4699288280595585,0.6883116883116883,1.0
6102,2,tma1_F1,0.0,0.42380603642409687,0.6792452830188679,0.8529587038486388
6103,2,tma1_F1,0.0,0.5369521731268883,0.8823529411764706,1.0
6104,2,tma1_F1,0.0,0.33958638260762075,1.0,0.8473663340407868
6105,2,tma1_F1,0.0,0.5386680206518095,1.0,1.0
6106,2,tma1_E1,0.0,0.38808963724855816,0.825,1.0
6107,2,tma1_E1,0.0,0.6157262215592005,0.8947368421052632,1.0
6108,2,tma1_E1,0.0,0.4345397135589464,0.7083333333333334,0.8439904133970008
6109,2,tma1_E1,0.0,0.13008499737668933,0.8181818181818182,0.7684825942554749
6110,2,tma1_E1,0.0,0.5520039844536186,0.7894736842105263,0.8734437930531852
6111,2,tma1_E1,0.0,0.529216653191061,1.0,1.0
6112,2,tma1_E1,0.0,0.7374612606298567,0.7142857142857143,1.0
6113,2,tma1_E1,0.0,0.5638795300961665,0.6857142857142857,1.0
6114,2,tma1_E1,0.0,0.30501487050025333,0.7582417582417582,1.0
6115,2,tma1_E1,0.0,0.4956670714460317,0.8783783783783784,1.0
6116,2,tma1_E1,0.0,0.4497554321506625,0.9523809523809523,1.0
6117,2,tma1_E1,0.0,0.4056124645758379,0.6608910891089109,1.0
6118,2,tma1_E1,0.0,0.4912832053542374,0.6796875,1.0
6119,2,tma1_E1,0.0,0.6286968991957106,0.9411764705882353,1.0
6120,2,tma1_E1,0.0,0.18348238316887178,0.8,0.7132911799801335
6121,2,tma1_E1,0.0,0.11564713385276015,0.7368421052631579,0.6849821586337357
6122,2,tma1_B2,0.0,0.5425371009682596,0.75,1.0
6123,2,tma1_C2,0.0,0.2668226259380546,0.8518518518518519,0.8652809371228204
6124,2,tma1_C2,0.0,0.3731252192518846,0.4838709677419355,1.0
6125,2,tma1_C2,0.0,0.4644259068098848,0.9615384615384616,1.0
6126,2,tma1_C2,0.0,0.6583348999001848,0.7666666666666667,1.0
6127,2,tma1_C2,0.0,0.4783225049794365,0.6923076923076923,0.7859485036281916
6128,2,tma1_D2,0.0,0.3667463112175039,0.6666666666666666,0.7542324147543035
6129,2,tma1_D2,0.0,0.3605194505595991,0.631578947368421,0.7897172830261481
6130,2,tma1_D2,0.0,0.4533308636291773,0.4095238095238095,0.7719904510043044
6131,2,tma1_D2,0.0,0.5309314074205194,0.8125,0.7862297256382024
6132,2,tma1_D2,0.0,0.5775671811367474,0.7301587301587301,0.8645631053188557
6133,2,tma1_D2,0.0,0.4941522981525174,0.7,1.0
6134,2,tma1_D2,0.0,0.41336181340479394,0.40425531914893614,1.0
6135,2,tma1_D2,0.0,0.07278470873772303,1.0,0.7375908927650673
6136,2,tma1_D2,0.0,0.15351645343336506,0.5869565217391305,0.7151572983703695
6137,2,tma1_C2,0.0,0.5040249175338708,0.7647058823529411,0.8587178343415905
6138,2,tma1_D2,0.0,0.7419910738150869,0.6785714285714286,1.0
6139,2,tma1_D2,0.03471061451627089,0.004336818873267756,0.7037037037037037,0.7146961128608695
6140,2,tma1_D2,0.0,0.6322648093302288,0.6875,1.0
6141,2,tma1_D2,0.0,0.5235383650677208,0.7575757575757576,1.0
6142,2,tma1_D2,0.0,0.40002823002414045,0.8484848484848485,0.8528704109149633
6143,2,tma1_D2,0.0,0.6355909494322469,0.6923076923076923,1.0
6144,2,tma1_C2,0.0,0.1004255002843708,0.6333333333333333,0.9021641584851563
6145,2,tma1_C2,0.0,0.021119633889235656,0.6503496503496503,0.8477984307110699
6146,2,tma1_C2,0.0,0.4314941645594219,0.6829268292682927,1.0
6147,2,tma1_C2,0.0,0.16243749945874408,1.0,1.0
6148,2,tma1_C2,0.0,0.14209597553796116,1.0,0.7409886440153474
6149,2,tma1_C2,0.0,0.29890773670746784,0.5882352941176471,1.0
6150,2,tma1_C2,0.0,0.5283161105504122,0.7222222222222222,1.0
6151,2,tma1_C2,0.0,0.5088470244849288,0.9523809523809523,0.7826893426798983
6152,2,tma1_C2,0.0,0.3115219030956139,0.7941176470588235,1.0
6153,2,tma1_D2,0.0,0.5586028509050498,0.8421052631578947,1.0
6154,2,tma1_D2,0.0,0.5580348803738284,0.6142857142857143,0.8548722895338923
6155,2,tma1_D2,0.0,0.17911987767036353,0.5967741935483871,0.8586222867290335
6156,2,tma1_B2,0.0,0.46966830345514643,0.6842105263157895,0.7554897747805706
6157,2,tma1_B2,0.0,0.581020450352694,0.5238095238095238,0.868727574692916
6158,2,tma1_C2,0.0,0.11414606805793992,0.9285714285714286,0.8993923760133044
6159,2,tma1_B2,0.037083398037427995,0.003936668930248577,0.4523809523809524,0.676997907236425
6160,2,tma1_C2,0.0,0.2223922809712232,0.9523809523809523,0.7107584848031938
6161,2,tma1_E2,0.0,0.5362008549542856,0.25493945188017847,1.0
6162,2,tma1_E2,0.0,0.3558046864027107,0.8333333333333334,1.0
6163,2,tma1_E2,0.0,0.46964749468581535,0.975,0.899337898083246
6164,2,tma1_E2,0.0,0.4049911100138768,0.9666666666666667,1.0
6165,2,tma1_E2,0.0,0.669284651199197,0.7567567567567568,1.0
6166,2,tma1_E2,0.0,0.5464912624378573,0.5192660550458715,1.0
6167,2,tma1_E2,0.0,0.11926726880037986,0.9333333333333333,0.775817412129781
6168,2,tma1_E2,0.0,0.5608313465599308,0.7757009345794392,1.0
6169,2,tma1_E2,0.0,0.23924546658307466,0.7241379310344828,0.868375209136797
6170,2,tma1_E2,0.0,0.07288127057383254,0.5934579439252337,0.7608599844271668
6171,2,tma1_E2,0.0,0.4285880054123883,0.75,0.7953693689770206
6172,2,tma1_E2,0.0,0.4941294400794257,1.0,1.0
6173,2,tma1_E2,0.0,0.18480192562531994,0.9166666666666666,1.0
6174,2,tma1_E2,0.0,0.4316767985740544,0.5636645962732919,1.0
6175,2,tma1_E2,0.0,0.32893040770218507,0.9459459459459459,0.7901148773241373
6176,2,tma1_E2,0.0,0.692731427423008,0.8448275862068966,1.0
6177,2,tma1_E2,0.0,0.1877375027460365,0.5151515151515151,0.8707799641512349
6178,2,tma1_E2,0.0,0.0705815296836726,0.6470588235294118,0.698521982959228
6179,2,tma1_E2,0.0,0.3955421756191717,0.8787878787878788,0.9158847223368353
6180,2,tma1_E2,0.0,0.6913774416626904,0.6285714285714286,1.0
6181,2,tma1_E2,0.0,0.35397857053590454,0.90625,0.8252516994384126
6182,2,tma1_E2,0.0,0.40314242124195365,0.68,0.7363651420727497
6183,2,tma1_E2,0.0,0.2917037481933846,0.9545454545454546,1.0
6184,2,tma1_E2,0.0,0.40819491398688745,0.7142857142857143,1.0
6185,2,tma1_E2,0.0,0.7033516088006502,0.9444444444444444,0.8600841371337501
6186,2,tma1_E2,0.0,0.49324656762177355,0.8387096774193549,1.0
6187,2,tma1_E2,0.0,0.249477542038676,0.7619047619047619,1.0
6188,2,tma1_E2,0.0,0.42918563675749377,0.7954545454545454,1.0
6189,2,tma1_E2,0.0,0.5483939885497181,0.6470588235294118,0.8150949434289826
6190,2,tma1_E2,0.0,0.2879095080206331,0.765625,1.0
6191,2,tma1_E2,0.0,0.08881233296938684,0.9761904761904762,0.9172578038847641
6192,2,tma1_E2,0.0,0.3258225912270978,0.82,0.7855473819580686
6193,2,tma1_E2,0.0,0.43638590216598416,0.7654320987654321,0.8826863877674026
6194,2,tma1_E2,0.0,0.6546073025321184,0.7105263157894737,1.0
6195,2,tma1_E2,0.0,0.7227482441406395,0.61875,1.0
6196,2,tma1_E2,0.0,0.6248464966703668,1.0,0.9449269843180452
6197,2,tma1_E2,0.0,0.3576421862449891,0.9285714285714286,1.0
6198,2,tma1_E2,0.0,0.18483675129771682,0.7692307692307693,0.7894647155784993
6199,2,tma1_E2,0.0,0.06868673265551672,0.6236559139784946,0.9172659342782656
6200,2,tma1_E2,0.0,0.6307550040640693,0.7590361445783133,1.0
6201,2,tma1_E2,0.0,0.46529406508083715,0.8888888888888888,1.0
6202,2,tma1_E2,0.0,0.7744217984805748,0.7391304347826086,1.0
6203,2,tma1_E2,0.0,0.3828591555159715,0.8095238095238095,1.0
6204,2,tma1_E2,0.0,0.5240741424864561,0.875,1.0
6205,2,tma1_E2,0.0,0.44947394630210624,0.9,0.7829139184170627
6206,2,tma1_E2,0.0,0.2323578361319979,0.84,0.7680001638058888
6207,2,tma1_E2,0.0,0.38008200325503627,0.7608695652173914,1.0
6208,2,tma1_E2,0.0,0.5943510406371774,0.7222222222222222,1.0
6209,2,tma1_E2,0.0,0.5705368177969335,0.5311355311355311,1.0
6210,2,tma1_E2,0.0,0.1664405036057004,0.9047619047619048,0.7542824698132221
6211,2,tma1_E2,0.0,0.33050434672211915,0.5340909090909091,0.8679832918815625
6212,2,tma1_E2,0.0,0.4891476326457598,1.0,1.0
6213,2,tma1_D2,0.0,0.33114660814127694,0.5733333333333334,1.0
6214,2,tma1_D2,0.0,0.1715432523985181,1.0,0.7931896485881377
6215,2,tma1_E2,0.0,0.37166794958990457,0.7514792899408284,1.0
6216,2,tma1_E2,0.0,0.6945539111533485,0.8888888888888888,1.0
6217,2,tma1_E2,0.0,0.1452590623627752,1.0,0.7233385745114346
6218,2,tma1_D2,0.0,0.17588831749626976,0.6153846153846154,0.8816216925354351
6219,2,tma1_D2,0.0,0.1039795170315152,0.6280487804878049,0.7257002381137002
6220,2,tma1_D2,0.0,0.164080248998273,0.9473684210526315,0.7295800247018783
6221,2,tma1_D2,0.0,0.49466539318181146,0.9333333333333333,1.0
6222,2,tma1_E1,0.0,0.4243829635220707,1.0,1.0
6223,4,tma3_E1,0.0,0.3374892479224022,0.9130434782608695,0.7849177061770946
6224,4,tma3_D1,0.0,0.4748601245252354,0.6346153846153846,1.0
6225,4,tma3_D1,0.0,0.3550971576547908,0.8571428571428571,0.7407975968740378
6226,4,tma3_E1,0.0,0.7095102302082879,0.8235294117647058,1.0
6227,4,tma3_E1,0.0,0.5371984536563251,1.0,0.6725424399592247
6228,4,tma3_E1,0.0,0.578873630378544,1.0,0.8661415354010032
6229,4,tma3_E1,0.0,0.49584611573582116,0.8285714285714286,0.7907683674011382
6230,4,tma3_E1,0.0,0.6974984930318625,0.9523809523809523,1.0
6231,4,tma3_E1,0.0,0.43477981449655667,0.7272727272727273,0.7672776964112363
6232,4,tma3_E1,0.0,0.4423930965018865,0.95,0.7377669991198422
6233,4,tma3_D1,0.0,0.06956462611440695,1.0,0.7665787084924839
6234,4,tma3_C1,0.0,0.25116514339535967,0.6875,0.7072479855475884
6235,4,tma3_E1,0.0,0.5251252891698995,0.8297872340425532,1.0
6236,4,tma3_E1,0.0,0.4648484353953092,0.6351351351351351,1.0
6237,4,tma3_E1,0.0,0.2598333003827581,0.7959183673469388,0.8176706163535903
6238,4,tma3_E1,0.0,0.49049052168147145,0.9375,1.0
6239,4,tma3_E1,0.0,0.30123490157685584,0.9473684210526315,1.0
6240,4,tma3_E1,0.0,0.5256453580173176,0.5256975036710719,1.0
6241,4,tma3_E1,0.0,0.3099586625944464,0.4261682242990654,1.0
6242,4,tma3_E1,0.0,0.4417460101390912,0.6222222222222222,0.9142419096119699
6243,4,tma3_E1,0.0,0.38046177231263,0.8695652173913043,1.0
6244,4,tma3_E1,0.0,0.6946993375733247,0.5952380952380952,1.0
6245,4,tma3_E1,0.0,0.5597649074441713,0.84,1.0
6246,4,tma3_D2,0.0,0.5770959831767639,0.5979381443298969,1.0
6247,4,tma3_C2,0.0,0.24128855285784556,0.8333333333333334,0.7596517357825201
6248,4,tma3_C2,0.0,0.4244979005323234,0.6666666666666666,1.0
6249,4,tma3_C2,0.0,0.48143652598645204,0.7142857142857143,1.0
6250,4,tma3_C2,0.0,0.642862350995945,0.8095238095238095,1.0
6251,4,tma3_C2,0.0,0.5026808357090913,0.9166666666666666,1.0
6252,4,tma3_C2,0.0,0.35518171135843457,0.6850393700787402,1.0
6253,4,tma3_C2,0.0,0.40075866287735196,0.782608695652174,0.7353714642393558
6254,4,tma3_C2,0.0,0.4531512368237205,0.8709677419354839,0.7887784034860467
6255,4,tma3_D2,0.0,0.03666633955622045,0.7777777777777778,1.0
6256,4,tma3_D2,0.007607906570906708,0.030578485472900985,0.4634146341463415,0.7450883417687628
6257,4,tma3_D2,0.0,0.6371459975956439,0.6444444444444445,0.8486663841176574
6258,4,tma3_E2,0.0,0.4490535757802887,0.5822784810126582,1.0
6259,4,tma3_E2,0.0,0.4587811667930778,0.875,0.8899157751676126
6260,4,tma3_E2,0.0,0.28619081109352906,1.0,0.7685236795360468
6261,4,tma3_E2,0.0,0.45139759634677323,0.5517241379310345,1.0
6262,4,tma3_E2,0.0,0.5560774792680088,0.7666666666666667,1.0
6263,4,tma3_D2,0.0,0.6778692874010825,0.8,0.8792045682930605
6264,4,tma3_E2,0.0,0.6483923551204311,0.84,1.0
6265,4,tma3_E2,0.0,0.6998947293945755,0.5952380952380952,1.0
6266,4,tma3_E2,0.0,0.32779291661468457,1.0,1.0
6267,4,tma3_E2,0.0,0.7325717987634732,0.9333333333333333,1.0
6268,4,tma3_E1,0.0,0.5679458931671391,0.8295454545454546,1.0
6269,4,tma3_E1,0.0,0.48576961564710675,0.5738396624472574,0.7751196265732075
6270,4,tma3_E1,0.0,0.5918317451710022,0.6355555555555555,1.0
6271,4,tma3_E1,0.0,0.42621199601155946,0.7142857142857143,0.8859126321418792
6272,4,tma3_E1,0.0,0.011889483068155515,0.6646341463414634,1.0
6273,4,tma3_E1,0.0,0.6747168801861105,0.9565217391304348,1.0
6274,4,tma3_E1,0.0,0.7218858046053067,0.5710227272727273,1.0
6275,4,tma3_E1,0.0,0.6045146880942829,0.9545454545454546,0.8518703579210641
6276,4,tma3_E1,0.0,0.0284184710138784,1.0,0.7259397353285192
6277,4,tma3_E1,0.0,0.6632724358137823,0.9411764705882353,1.0
6278,4,tma3_E1,0.0,0.0033749519259687055,1.0,0.735884854878997
6279,4,tma3_E1,0.0,0.5364778072180298,0.9333333333333333,0.8176098009945433
6280,4,tma3_E1,0.0,0.4857871433148254,0.96875,0.9494254820583147
6281,4,tma3_E1,0.0,0.6229666934306977,1.0,1.0
6282,4,tma3_E1,0.0,0.42259901566781677,1.0,1.0
6283,4,tma3_E1,0.0,0.40209555744442993,0.680672268907563,1.0
6284,4,tma3_E1,0.0,0.48202834655910576,0.4954682779456193,0.8505496954716643
6285,4,tma3_E1,0.0,0.32495594924506055,0.8,0.8712409637599217
6286,4,tma3_D1,0.0,0.5627004968777345,1.0,1.0
6287,4,tma3_D1,0.0,0.33365640861857815,1.0,0.8922587913662586
6288,4,tma3_D1,0.0,0.5686839687592508,1.0,1.0
6289,4,tma3_F2,0.0,0.3684306877172421,0.7931034482758621,1.0
6290,4,tma3_F2,0.0,0.4150733272006132,1.0,1.0
6291,4,tma3_F2,0.0,0.48581077852127896,0.9166666666666666,1.0
6292,4,tma3_F2,0.0,0.346161862466152,0.4946236559139785,0.8284823830484429
6293,4,tma3_F2,0.0,0.0996228561501078,0.6947368421052632,0.776053652118937
6294,4,tma3_F2,0.0,0.3264447939625569,0.8181818181818182,0.8113995108642026
6295,4,tma3_F2,0.0,0.3210059887998258,0.8421052631578947,1.0
6296,4,tma3_F2,0.0,0.4543098549995127,0.6762048192771084,0.8132101664916724
6297,4,tma3_F2,0.0,0.44347023348792536,1.0,0.7554606916501891
6298,4,tma3_F2,0.0,0.3825736241363693,0.8936170212765957,0.9223341533191598
6299,4,tma3_F2,0.0,0.04392521987502296,0.5103448275862069,0.7921846900149213
6300,4,tma3_F2,0.0,0.6721720065487112,0.3333333333333333,1.0
6301,4,tma3_F2,0.0,0.6790970434228767,0.7659574468085106,1.0
6302,4,tma3_F2,0.0,0.5397621454892945,0.8,1.0
6303,4,tma3_F2,0.0,0.5496233490034999,0.4444444444444444,1.0
6304,4,tma3_F1,0.0,0.40805013976740556,0.4897959183673469,1.0
6305,4,tma3_F1,0.0,0.2841265485009443,0.8888888888888888,0.7393222066241234
6306,4,tma3_F1,0.0,0.3351998634398665,0.8333333333333334,0.6170111144757471
6307,4,tma3_F1,0.0,0.4372383113630832,1.0,1.0
6308,4,tma3_F1,0.0,0.5937424954472795,0.7536231884057971,1.0
6309,4,tma3_F1,0.0,0.39378896059295765,0.8224852071005917,0.8218858358365945
6310,4,tma3_F2,0.0,0.5200321097562989,0.9130434782608695,1.0
6311,4,tma3_F1,0.0,0.2238388974265576,0.9253731343283582,1.0
6312,4,tma3_F1,0.0,0.20241802590804314,1.0,0.7956852780725476
6313,4,tma3_E1,0.0,0.6713388790956643,1.0,1.0
6314,4,tma3_E1,0.0,0.693172977936209,0.75,0.8574310812216996
6315,4,tma3_E1,0.0,0.5814205545801436,0.9333333333333333,0.7857391169627983
6316,4,tma3_E1,0.0,0.5253705151446452,0.6909090909090909,1.0
6317,4,tma3_F2,0.0,0.5975157220755121,0.8333333333333334,0.9135509682820956
6318,4,tma3_F2,0.0,0.46957469583236777,1.0,0.8205833521802987
6319,4,tma3_F2,0.0,0.681310500797688,1.0,1.0
6320,4,tma3_F2,0.0,0.5530210918318015,0.7692307692307693,1.0
6321,4,tma3_F2,0.0,0.4920395712450054,0.8947368421052632,1.0
6322,4,tma3_F2,0.0,0.5598725301178149,0.6545454545454545,1.0
6323,4,tma3_F2,0.0,0.7568012339671478,0.8571428571428571,0.9468776881451061
6324,4,tma3_F2,0.0,0.29106508670673525,0.6226415094339622,1.0
6325,4,tma3_F2,0.0,0.2977019213074371,0.75,1.0
6326,4,tma3_F2,0.0,0.11201473769958237,1.0,0.5985088455915758
6327,4,tma3_F2,0.0,0.4295908898185328,1.0,0.7840817854062256
6328,4,tma3_F2,0.0,0.5278978501268863,0.7948717948717948,1.0
6329,4,tma3_F2,0.0,0.3370951488974382,0.64,1.0
6330,4,tma3_F2,0.0,0.5676084753620532,0.6060606060606061,1.0
6331,4,tma3_F2,0.0,0.6673407725622795,0.8333333333333334,1.0
6332,4,tma3_F2,0.0,0.5778455966381564,1.0,1.0
6333,4,tma3_F2,0.0,0.5825919021548376,1.0,1.0
6334,4,tma3_F2,0.0,0.3926166211093519,0.9523809523809523,0.7707985366215424
6335,4,tma3_F2,0.0,0.5636784775808348,0.648854961832061,1.0
6336,4,tma3_F2,0.0,0.5614585488320691,0.5909090909090909,1.0
6337,4,tma3_F2,0.0,0.5709882444473415,0.9285714285714286,1.0
6338,4,tma3_F2,0.0,0.48314614924976296,1.0,1.0
6339,4,tma3_F2,0.0,0.5488927367679763,0.9411764705882353,1.0
6340,4,tma3_E2,0.0,0.5076120933736508,0.8888888888888888,0.7730332723668897
6341,4,tma3_E2,0.0,0.4482198254760672,0.9444444444444444,1.0
6342,4,tma3_E2,0.0,0.588206574044983,0.9047619047619048,0.8335998842336853
6343,4,tma3_E2,0.0,0.5240417674101716,0.5656565656565656,0.8453986263295332
6344,4,tma3_E2,0.0,0.5000060583975908,0.68,1.0
6345,4,tma3_E2,0.0,0.08991709889192034,0.95,0.718559558285622
6346,4,tma3_E2,0.0,0.5739557286710792,1.0,1.0
6347,4,tma3_E2,0.0,0.24675528170255812,1.0,0.7900330846615419
6348,4,tma3_E2,0.0,0.41904901753543644,1.0,0.7634602388744862
6349,4,tma3_E2,0.0,0.6050362791844253,0.9411764705882353,0.8429479524405904
6350,4,tma3_F2,0.0,0.6171717098596604,0.7021276595744681,0.8540875537203546
6351,4,tma3_F2,0.0,0.3958952572113278,0.7384615384615385,0.8677935895429716
6352,4,tma3_F2,0.0,0.4035678669380288,0.9,1.0
6353,4,tma3_E2,0.0,0.1944275513680871,0.8727272727272727,0.6955570749154211
6354,4,tma3_E2,0.0,0.5148337948384878,0.9047619047619048,1.0
6355,4,tma3_E2,0.0,0.430405396669571,0.68,0.7428440850520154
6356,4,tma3_E2,0.0,0.26020332563649307,0.868421052631579,0.7229079969530282
6357,4,tma3_E2,0.0,0.3856909422798829,0.9142857142857143,0.7887657339330968
6358,4,tma3_F2,0.0,0.017545477068415694,0.6288659793814433,0.7457318506288698
6359,4,tma3_E2,0.0,0.7597612179049682,1.0,1.0
6360,4,tma3_F2,0.0,0.1318788773280879,0.8571428571428571,1.0
6361,4,tma3_F2,0.0,0.3649658758108808,0.9666666666666667,0.8520040565126574
6362,4,tma3_F3,0.0,0.45731972756663053,0.7407407407407407,0.8298588288649053
6363,4,tma3_F3,0.0,0.6736471197426737,0.6216216216216216,0.9345782338441703
6364,4,tma3_F3,0.0,0.21955099044392057,1.0,0.6911333439526498
6365,4,tma3_F3,0.0,0.6635345695626711,1.0,1.0
6366,4,tma3_E3,0.0,0.10496795715160878,0.6057692307692307,0.915695712286579
6367,4,tma3_E3,0.0,0.3244849753146438,0.6805194805194805,1.0
6368,4,tma3_E3,0.0,0.6253774802566135,0.541095890410959,0.9355049078985405
6369,4,tma3_E3,0.0,0.39023107652819067,0.9333333333333333,0.830943428795755
6370,4,tma3_E3,0.0,0.4089874120682122,0.875,1.0
6371,4,tma3_F3,0.0,0.04771034100676519,0.8,1.0
6372,4,tma3_F3,0.0,0.36583606382773703,0.9333333333333333,0.9449194879400882
6373,4,tma3_E3,0.0,0.7378410604093479,0.51,1.0
6374,4,tma3_E3,0.0,0.5467860406460919,0.680672268907563,1.0
6375,4,tma3_E3,0.0,0.21732071627339544,1.0,0.7273653943162027
6376,4,tma3_E3,0.0,0.6000342380509223,0.7818181818181819,1.0
6377,4,tma3_D3,0.0,0.5472254294682423,0.4583901773533424,0.7968322020648378
6378,4,tma3_D3,0.0,0.4845197554700902,0.9,1.0
6379,4,tma3_D3,0.0,0.5759429741106415,0.9285714285714286,1.0
6380,4,tma3_D3,0.0,0.5513000942812817,0.8064516129032258,0.8379664620613659
6381,4,tma3_D3,0.0,0.5746572796617444,0.7325581395348837,1.0
6382,4,tma3_D3,0.0,0.4639736452578124,0.8571428571428571,1.0
6383,4,tma3_D3,0.0,0.5843810866501893,0.84375,1.0
6384,4,tma3_D3,0.0,0.4318957824525812,0.7894736842105263,1.0
6385,4,tma3_D3,0.0,0.7053978735065245,0.6296296296296297,0.9186348347442137
6386,4,tma3_E3,0.0,0.4167378981847264,0.85,1.0
6387,4,tma3_E3,0.0,0.15680165373986865,1.0,0.7407853069087902
6388,4,tma3_E3,0.0,0.41195369709770135,0.660377358490566,1.0
6389,4,tma3_E3,0.0,0.48959137339799497,0.75,0.8681075721373247
6390,4,tma3_E3,0.0,0.5268603377588381,0.7142857142857143,1.0
6391,4,tma3_E3,0.0,0.6195740533933953,0.6530612244897959,1.0
6392,4,tma3_E3,0.0,0.007178187861265561,0.7021276595744681,0.7110640034292969
6393,4,tma3_E3,0.0,0.22291272846001509,0.8709677419354839,1.0
6394,4,tma3_E3,0.0,0.32840992049164064,0.9565217391304348,0.7925007057475727
6395,4,tma3_E3,0.0,0.5696593612494474,0.8823529411764706,0.8065481592469564
6396,4,tma3_E3,0.0,0.4748294607005993,0.7,1.0
6397,4,tma3_E3,0.0,0.36302494534894514,0.6,0.702723065697115
6398,4,tma3_E3,0.0,0.46666986565199464,0.7428571428571429,1.0
6399,4,tma3_E3,0.0,0.3799264087816021,0.9615384615384616,1.0
6400,4,tma3_E3,0.0,0.6511248258443154,0.47560975609756095,1.0
6401,4,tma3_F3,0.0,0.37757579098557037,0.546875,0.7659873533883149
6402,4,tma3_F3,0.0,0.4996313187706476,0.9411764705882353,0.6445840302191373
6403,4,tma3_F3,0.0,0.46791814363800244,0.5714285714285714,0.8924819061047616
6404,4,tma3_F3,0.0,0.6218599323590045,0.8333333333333334,1.0
6405,4,tma3_F3,0.0,0.6134777939916045,1.0,1.0
6406,4,tma3_F3,0.0,0.18424564987340253,0.7647058823529411,0.7441875667253056
6407,4,tma3_F3,0.0,0.5250099934615303,0.9583333333333334,1.0
6408,4,tma3_E3,0.0,0.4461711096518173,0.5418994413407822,0.8661991910198993
6409,4,tma3_E3,0.0,0.4871549291436983,0.7,0.8065236434448556
6410,4,tma3_E3,0.0,0.6358621166189489,1.0,0.8379660011377502
6411,4,tma3_E3,0.0,0.3874109275629175,0.8421052631578947,1.0
6412,4,tma3_D3,0.0,0.10577353973447501,0.6164383561643836,0.8404122144571687
6413,4,tma3_D3,0.0,0.43707921907116465,1.0,0.9184735704015593
6414,4,tma3_D3,0.0,0.1666063746564862,0.6727272727272727,0.703425937834375
6415,4,tma3_D3,0.0,0.26639793313476245,0.7619047619047619,0.8399758648233531
6416,4,tma3_D3,0.0,0.17826313329429366,0.896551724137931,1.0
6417,4,tma3_C3,0.0,0.47828648436025933,0.8666666666666667,1.0
6418,4,tma3_C3,0.0,0.15896154007407792,0.5234899328859061,0.7697516869923602
6419,4,tma3_C3,0.0,0.5148760574587679,0.8333333333333334,1.0
6420,4,tma3_C3,0.0,0.4184581254430192,0.7428571428571429,0.9042897067153036
6421,4,tma3_C3,0.0,0.07704024764489692,0.6081081081081081,0.8619053757111097
6422,4,tma3_C3,0.0,0.48775590054580253,0.8076923076923077,0.732441565997796
6423,4,tma3_C3,0.0,0.4661477546991226,0.6778846153846154,0.9037835962493638
6424,4,tma3_C3,0.0,0.503410536505448,0.9583333333333334,0.892603486407582
6425,4,tma3_C3,0.0033801866323359686,0.03323567656110782,0.5064935064935064,0.702378617186883
6426,4,tma3_C3,0.0,0.4541092997934927,0.723404255319149,1.0
6427,4,tma3_C3,0.0,0.05537536302119672,0.8055555555555556,0.8449891686990295
6428,4,tma3_C3,0.0,0.25550399510408395,0.8869565217391304,1.0
6429,4,tma3_C3,0.0,0.4547517492845321,1.0,1.0
6430,4,tma3_C3,0.0,0.1669713583106548,0.7698412698412699,0.7262468126346272
6431,4,tma3_C3,0.0,0.43818472724284596,1.0,0.9189611402979558
6432,4,tma3_C3,0.0,0.17221187949261174,0.7818181818181819,0.8073045258060337
6433,4,tma3_C3,0.0,0.49510532514106653,0.8666666666666667,0.8688056758145742
6434,4,tma3_C3,0.0,0.0797873590269067,1.0,0.8615452142789565
6435,4,tma3_C3,0.0,0.6695078376311304,0.5012106537530266,0.9492277575714146
6436,4,tma3_C3,0.0,0.6065290669315206,0.8690476190476191,1.0
6437,4,tma3_C3,0.0,0.4982609887786189,0.8290155440414507,1.0
6438,4,tma3_C3,0.0,0.17551341293783396,0.5128205128205128,1.0
6439,4,tma3_C3,0.0,0.584158012170619,0.7708333333333334,1.0
6440,4,tma3_C3,0.0,0.5285262239614343,0.9444444444444444,0.7887103653670255
6441,4,tma3_C3,0.0,0.7005678234104348,0.5555555555555556,1.0
6442,4,tma3_C3,0.0,0.2278010369233633,0.7083333333333334,0.7283376118099841
6443,4,tma3_C3,0.0,0.611133063424772,0.75,1.0
6444,4,tma3_C3,0.0,0.4096858846154554,1.0,1.0
6445,4,tma3_C3,0.0,0.5259888781486894,0.6851851851851852,1.0
6446,4,tma3_C3,0.0,0.6449605638634746,0.7586206896551724,1.0
6447,4,tma3_D3,0.0,0.6139320632041552,0.88,1.0
6448,4,tma3_D3,0.0,0.10764126540548324,0.6470588235294118,0.7441159927507409
6449,4,tma3_D3,0.0,0.5173528547359365,0.6818181818181818,1.0
6450,4,tma3_D3,0.0,0.31612540498046193,0.8285714285714286,0.7386282163181143
6451,4,tma3_E3,0.0,0.6356037124859273,0.6461538461538462,1.0
6452,4,tma3_E3,0.0,0.5999130232530441,0.6306818181818182,1.0
6453,4,tma3_E3,0.0,0.22336500457055242,0.45528455284552843,0.7200403606172473
6454,4,tma3_C3,0.12382131726831769,0.05669251545517018,0.7727272727272727,1.0
6455,4,tma3_D3,0.0,0.42250719985821217,0.85,0.7998976627199625
6456,4,tma3_D3,0.0,0.43173019296253223,0.8666666666666667,1.0
6457,4,tma3_D3,0.0,0.5178369111027825,0.524896265560166,0.927493577975099
6458,4,tma3_C3,0.0,0.2984851344084899,0.7105263157894737,0.8050133797065594
6459,4,tma3_D3,0.0,0.4431400623847691,0.6022727272727273,1.0
6460,4,tma3_D3,0.0,0.5929484482920926,0.581081081081081,1.0
6461,4,tma3_E3,0.0,0.5651328056616785,1.0,1.0
6462,4,tma3_E3,0.0,0.45007470151338247,1.0,0.80175985309592
6463,4,tma3_E3,0.0,0.534183509308283,0.625,0.8209040201795759
6464,4,tma3_E3,0.0,0.44461666784777276,0.4069767441860465,1.0
6465,4,tma3_E3,0.0,0.7058480355245327,0.9565217391304348,1.0
6466,4,tma3_F3,0.0,0.054223311583806444,1.0,0.8359680354941095
6467,4,tma3_E3,0.0,0.27687858252837894,0.6774193548387096,1.0
6468,4,tma3_E3,0.0,0.43222643498989377,0.5310344827586206,1.0
6469,4,tma3_E3,0.0,0.4948019665416411,0.8461538461538461,0.7644515900474639
6470,4,tma3_E3,0.0,0.511512805563313,1.0,1.0
6471,4,tma3_F3,0.0,0.19735986000050776,0.5454545454545454,0.7087927579426054
6472,4,tma3_F3,0.0,0.3417550469813265,0.72,1.0
6473,4,tma3_F3,0.0,0.679725217439927,0.40625,1.0
6474,4,tma3_F3,0.0,0.6079014932321505,0.4909090909090909,1.0
6475,4,tma3_F3,0.0,0.08173355994244824,0.8076923076923077,0.894826526575659
6476,4,tma3_F3,0.0,0.5202279999263901,0.8727272727272727,0.9296094036634295
6477,4,tma3_F3,0.0,0.6288708390747371,0.9666666666666667,1.0
6478,4,tma3_F3,0.0,0.5534000878044751,0.9333333333333333,1.0
6479,4,tma3_F3,0.0,0.3413778574061135,0.8205128205128205,1.0
6480,4,tma3_F3,0.0,0.606179407884339,0.896551724137931,1.0
6481,4,tma3_F3,0.0,0.34836078575496,0.7878787878787878,0.8779856091168615
6482,4,tma3_F3,0.0,0.3541921981880951,1.0,1.0
6483,4,tma3_F3,0.0,0.5602915677306137,1.0,1.0
6484,4,tma3_D2,0.0,0.6575820204568046,0.8,1.0
6485,4,tma3_D2,0.0,0.5946724035976674,0.6590909090909091,1.0
6486,4,tma3_D2,0.0,0.35758827134029014,0.76,0.9286313367381626
6487,4,tma3_D2,0.0,0.3982294476955881,0.9130434782608695,1.0
6488,4,tma3_D2,0.0,0.5872592247630917,0.717948717948718,1.0
6489,4,tma3_D2,0.0,0.44502961886156367,0.8695652173913043,1.0
6490,4,tma3_D2,0.0,0.0030050082107619946,1.0,1.0
6491,4,tma3_D2,0.0,0.31675083157100414,0.7297297297297297,0.9376968072668393
6492,4,tma3_D2,0.0,0.6630781339846165,0.56,1.0
6493,4,tma3_D2,0.0,0.24132784914113203,0.6535947712418301,1.0
6494,4,tma3_D2,0.0,0.2280541688055261,0.7469879518072289,1.0
6495,4,tma3_D2,0.0,0.47669100025532585,0.6109660574412533,1.0
6496,4,tma3_D2,0.0,0.6456780267101979,0.8888888888888888,1.0
6497,4,tma3_D2,0.0,0.37011642095982733,0.5389221556886228,0.8148713553917835
6498,4,tma3_D2,0.0,0.3675410421827585,0.8666666666666667,1.0
6499,4,tma3_D2,0.0,0.23724404540338362,0.6453900709219859,0.6740227983602668
6500,4,tma3_D2,0.0,0.385498636142692,1.0,1.0
6501,4,tma3_D2,0.0,0.316296400919175,0.9696969696969697,0.76813763798823
6502,4,tma3_D2,0.0,0.16393073600650176,0.9375,0.8078300431821589
6503,4,tma3_D2,0.0,0.1756476351905315,0.7428571428571429,0.8900553174818453
6504,4,tma3_D2,0.0,0.4694206686116761,1.0,0.7897641476504377
6505,4,tma3_D2,0.0,0.5592477843533848,1.0,1.0
6506,4,tma3_D2,0.0,0.38741527730660363,1.0,1.0
6507,4,tma3_D2,0.0,0.18234776125441754,1.0,1.0
6508,4,tma3_D2,0.0,0.08005987521636881,0.875,0.6897645010589559
6509,4,tma3_D2,0.0,0.41369037559237154,0.8333333333333334,1.0
6510,4,tma3_D2,0.0,0.5693585555380816,0.875,0.8719129270163503
6511,4,tma3_D2,0.0,0.30387894770807944,0.5416666666666666,0.8663577853611723
6512,4,tma3_D2,0.0,0.7272572278777478,0.7777777777777778,1.0
6513,4,tma3_D2,0.0,0.6055957791151108,0.9166666666666666,0.8574429353443854
6514,4,tma3_C1,0.0,0.1544097209580726,1.0,1.0
6515,4,tma3_D1,0.0,0.21191105468835503,0.9310344827586207,0.7764678387997838
6516,4,tma3_C1,0.0,0.11624317675413853,1.0,1.0
6517,4,tma3_C1,0.0,0.7291137449141813,0.8888888888888888,1.0
6518,4,tma3_C1,0.0,0.384232189042774,0.8125,1.0
6519,4,tma3_C1,0.0,0.32782218046903144,0.7526881720430108,1.0
6520,4,tma3_C1,0.0,0.22224545935103357,0.7671232876712328,0.8321484030572399
6521,4,tma3_C1,0.0,0.20783988996397407,0.9411764705882353,1.0
6522,4,tma3_C1,0.0,0.4091387547927966,0.7916666666666666,0.8568943246670702
6523,4,tma3_D2,0.0,0.4412517948912704,1.0,1.0
6524,4,tma3_A3,0.0,0.11989735411846836,0.5087719298245614,0.691061975063029
6525,4,tma3_A3,0.0,0.5158760295744296,0.7333333333333333,1.0
6526,4,tma3_A3,0.0,0.38853378798830673,0.9883720930232558,1.0
6527,4,tma3_A3,0.0,0.16690423435693047,1.0,0.8018906770865771
6528,4,tma3_A3,0.03599568163541911,0.02085694555978057,0.5747663551401869,0.8560701504514304
6529,4,tma3_A3,0.0,0.3564630249159214,0.6833333333333333,0.7152924355476308
6530,4,tma3_A3,0.0,0.041365214098225134,0.8108108108108109,0.6943002205919311
6531,4,tma3_A3,0.0,0.39475245880933507,1.0,1.0
6532,4,tma3_A3,0.0,0.45889751186945105,0.9629629629629629,1.0
6533,4,tma3_C2,0.0,0.6093992265846049,0.7037037037037037,1.0
6534,4,tma3_C2,0.0,0.08456372458083872,0.7631578947368421,0.774131909931744
6535,4,tma3_C2,0.0,0.7635048660289281,0.7741935483870968,1.0
6536,4,tma3_C2,0.0,0.5623002772425065,0.8947368421052632,0.831887087001243
6537,4,tma3_C2,0.0,0.40463335327748984,0.6956521739130435,0.8890534277780929
6538,4,tma3_C2,0.0,0.7432411695845844,0.6818181818181818,1.0
6539,4,tma3_C2,0.0,0.6114362304397557,0.5915492957746479,0.9024919959702109
6540,4,tma3_C2,0.0,0.021432888989480592,0.7222222222222222,0.7242792971183654
6541,4,tma3_C2,0.0,0.39947450853936406,0.8636363636363636,1.0
6542,4,tma3_D2,0.0,0.38404595538415276,0.9411764705882353,0.8389059018995072
6543,4,tma3_C2,0.0,0.5472630044217788,0.5454545454545454,1.0
6544,4,tma3_C2,0.0,0.5101402240416617,0.7068965517241379,1.0
6545,4,tma3_C2,0.0,0.6339301681151978,0.9333333333333333,1.0
6546,4,tma3_C2,0.0,0.14325861100664572,0.8421052631578947,0.7958497322592961
6547,4,tma3_C2,0.0,0.4149998642083629,0.8275862068965517,1.0
6548,4,tma3_C2,0.0,0.46256490580385246,0.9375,0.7780148177053554
6549,4,tma3_C2,0.0,0.5869600485887457,0.8095238095238095,1.0
6550,4,tma3_D2,0.0,0.5486410400930083,0.9444444444444444,1.0
6551,4,tma3_D2,0.0,0.3257567263868111,1.0,0.7916787435271095
6552,4,tma3_D3,0.0,0.4742995750270317,0.8947368421052632,1.0
6553,4,tma3_D3,0.0,0.16492937014997056,0.875,1.0
6554,4,tma2_E1,0.0,0.24630219968797906,0.7727272727272727,0.8183171042131424
6555,4,tma2_E1,0.0,0.43263223453292277,0.51985559566787,1.0
6556,4,tma2_D1,0.0,0.7604061696703138,0.6521739130434783,1.0
6557,4,tma2_D1,0.0,0.2881230777963343,0.7804878048780488,1.0
6558,4,tma2_D1,0.0,0.414714096071652,0.6,1.0
6559,4,tma2_D1,0.0,0.4216387387142404,0.7222222222222222,1.0
6560,4,tma2_D1,0.0,0.09784918952509969,0.5897435897435898,0.7261050468184285
6561,4,tma2_E1,0.0,0.6478448552580959,0.8235294117647058,1.0
6562,4,tma2_E1,0.0,0.3867485452157754,0.9523809523809523,0.8056073550617738
6563,4,tma2_E1,0.0,0.3338246428162306,1.0,1.0
6564,4,tma2_D1,0.0,0.5739742358100648,0.5194805194805194,0.8219329241503445
6565,4,tma2_D1,0.0,0.3227528407514968,0.88,1.0
6566,4,tma2_D1,0.0,0.2409761061976915,0.6811594202898551,0.73961881815261
6567,4,tma2_D1,0.0,0.4837143650507887,0.8,0.9111139150523208
6568,4,tma2_D1,0.0,0.195974432552515,0.5655172413793104,1.0
6569,4,tma2_D1,0.0,0.2636755926635339,0.5324675324675324,0.914918274663861
6570,4,tma2_D1,0.09628254290183735,0.05496602714857268,0.6349206349206349,0.7118036609349657
6571,4,tma2_D1,0.0,0.5003829966819542,0.8421052631578947,1.0
6572,4,tma2_D1,0.0,0.09750442884090127,1.0,0.8727898894572138
6573,4,tma2_F1,0.0,0.525734761697252,0.890625,1.0
6574,4,tma2_F1,0.0,0.35645471761850245,0.6666666666666666,1.0
6575,4,tma2_F1,0.0,0.14465957378520822,0.5930232558139535,1.0
6576,4,tma2_E1,0.0,0.5387880171516193,0.7971014492753623,1.0
6577,4,tma2_F1,0.0,0.4853737368412445,0.75,0.9387696565998316
6578,4,tma2_E1,0.0,0.289147426442526,0.8709677419354839,0.7250294700282578
6579,4,tma2_F1,0.0,0.49160233310329415,0.8513513513513513,1.0
6580,4,tma2_E1,0.0,0.5974381715852073,0.88,1.0
6581,4,tma2_E1,0.0,0.23666386976916842,0.6620689655172414,1.0
6582,4,tma2_E1,0.0,0.6066467657322794,0.6,1.0
6583,4,tma2_E1,0.0,0.43449498501276085,0.9921259842519685,0.9151647931123946
6584,4,tma2_E1,0.0,0.3316279975742541,1.0,0.8226622184909471
6585,4,tma2_F1,0.0,0.38509925357965935,0.5886075949367089,1.0
6586,4,tma2_F1,0.0,0.5445380518354893,0.5111111111111111,1.0
6587,4,tma2_F1,0.0,0.5417083121823523,0.52,0.8860945994328229
6588,4,tma2_F1,0.0,0.48542087924028265,0.75,1.0
6589,4,tma2_F1,0.0,0.4437205854065588,0.660377358490566,1.0
6590,4,tma2_F1,0.0,0.4095446881824587,0.6842105263157895,1.0
6591,4,tma2_F1,0.0,0.2436269985084194,0.9777777777777777,1.0
6592,4,tma2_F1,0.0,0.2992830050754882,0.5862068965517241,1.0
6593,4,tma2_E1,0.0,0.4020457478575056,0.6308539944903582,0.815207085675783
6594,4,tma2_E1,0.0,0.4522663728152143,0.875,1.0
6595,4,tma2_E1,0.0,0.14200199624569465,0.9545454545454546,1.0
6596,4,tma2_E1,0.0,0.18399911355918175,0.5670103092783505,0.7409342572117452
6597,4,tma2_E1,0.0,0.5290717761117867,0.863013698630137,1.0
6598,4,tma2_E1,0.0,0.6679773602480245,0.6358381502890174,0.8454165905849459
6599,4,tma2_E1,0.0,0.6335168937954444,0.9130434782608695,1.0
6600,4,tma2_E1,0.0,0.5197891011521503,1.0,1.0
6601,4,tma2_E1,0.0,0.2529519092534507,0.9285714285714286,0.7061142882969449
6602,4,tma2_E1,0.0,0.20161594099079938,0.95,1.0
6603,4,tma2_E1,0.0,0.6907066611389594,0.8181818181818182,1.0
6604,4,tma2_E1,0.0,0.41797926303699573,0.6170212765957447,0.9299065786445317
6605,4,tma2_D1,0.0,0.4419766332013384,0.8387096774193549,0.7892294456690654
6606,4,tma2_D1,0.0,0.5979865611388442,0.925,1.0
6607,4,tma2_D1,0.0,0.46375246587944907,0.8888888888888888,1.0
6608,4,tma2_D1,0.0,0.7378555908876171,0.825,1.0
6609,4,tma2_D1,0.0,0.5428999032806876,0.7317073170731707,1.0
6610,4,tma2_D1,0.0,0.5717432253116098,0.8235294117647058,1.0
6611,4,tma2_D1,0.0,0.366009146385862,0.875,1.0
6612,4,tma2_D1,0.0,0.5746936697413783,0.9166666666666666,1.0
6613,4,tma2_D1,0.0,0.5603259248684329,0.8260869565217391,0.8064802461116652
6614,4,tma2_D1,0.0,0.6361953341531912,0.9473684210526315,1.0
6615,4,tma2_D1,0.0,0.08236080131589507,0.9,0.8628703678286519
6616,4,tma2_D1,0.0,0.6726778840958707,0.6767676767676768,1.0
6617,4,tma2_E1,0.0,0.4517678872403478,0.64,1.0
6618,4,tma2_D1,0.0,0.2725224924749039,0.6428571428571429,0.7669245261933403
6619,4,tma2_D1,0.0,0.08532361964164459,0.7843137254901961,1.0
6620,4,tma2_E1,0.0,0.2773149288411362,1.0,0.7225891402599428
6621,4,tma2_E1,0.0,0.7300057350193381,0.7117117117117117,0.9405373426080512
6622,4,tma2_E1,0.0,0.1735101476413985,1.0,1.0
6623,4,tma2_E1,0.0,0.6586065255333915,0.8333333333333334,1.0
6624,4,tma2_B2,0.0,0.6679131007858209,0.7391304347826086,0.8514624341344579
6625,4,tma2_B2,0.0,0.28003154370785066,0.9411764705882353,0.8447659107205092
6626,4,tma2_B2,0.0,0.5837498683448961,0.9545454545454546,1.0
6627,4,tma2_B2,0.0,0.35621155143824157,0.896551724137931,1.0
6628,4,tma2_B2,0.0,0.08509807082719523,0.5636363636363636,0.8052705624696195
6629,4,tma2_B2,0.0,0.6071123133828837,0.7735849056603774,1.0
6630,4,tma2_B2,0.0,0.4423580342633504,0.9333333333333333,1.0
6631,4,tma2_B2,0.0,0.34171733567396956,0.8947368421052632,1.0
6632,4,tma2_B2,0.0,0.2136681863623674,0.8648648648648649,0.7701477171547627
6633,4,tma2_B2,0.0,0.47101543220430875,0.9310344827586207,0.7591876087126602
6634,4,tma2_B2,0.0,0.7106697514541791,1.0,1.0
6635,4,tma2_B2,0.0,0.6050472381360655,0.9565217391304348,1.0
6636,4,tma2_B3,0.0,0.1078627255733422,0.7,0.8206978800082099
6637,4,tma2_B3,0.0,0.1730240890809115,0.7164179104477612,0.7187718183862074
6638,4,tma2_B3,0.0,0.7006611274474002,0.7197802197802198,1.0
6639,4,tma2_B3,0.0,0.0040739381133710895,0.8378378378378378,0.7263790576641979
6640,4,tma2_B3,0.0,0.5508149498509547,0.9259259259259259,1.0
6641,4,tma2_B3,0.0,0.4955914759766932,0.6956521739130435,1.0
6642,4,tma2_B3,0.0,0.5613523573254289,0.9565217391304348,1.0
6643,4,tma2_B3,0.0,0.44252801910549777,0.9230769230769231,0.7886886118963654
6644,4,tma2_B3,0.0,0.060616115380400015,0.5490196078431373,1.0
6645,4,tma2_A3,0.0,0.5444356350286668,0.7894736842105263,1.0
6646,4,tma2_B3,0.0,0.22496754886835268,0.8333333333333334,0.9065929119467038
6647,4,tma2_A3,0.0,0.4568953717304507,0.684931506849315,1.0
6648,4,tma2_A3,0.0,0.44594059682301834,0.875,1.0
6649,4,tma2_A3,0.0,0.4867387463067161,0.7884615384615384,0.9081545703718749
6650,4,tma2_B2,0.0,0.688388930700766,0.8823529411764706,1.0
6651,4,tma2_B2,0.0,0.549475199326314,0.5952380952380952,0.811015005762621
6652,4,tma2_B2,0.0,0.14108882307159842,0.967741935483871,0.8093567086512814
6653,4,tma2_B2,0.0,0.23958909242833382,0.95,1.0
6654,4,tma2_B2,0.0,0.16080250508011185,0.8064516129032258,1.0
6655,4,tma2_B2,0.0,0.5216628265302647,0.8571428571428571,1.0
6656,4,tma2_B2,0.0,0.09664677097445662,0.875,0.7228511588572573
6657,4,tma2_B2,0.0,0.3357462154464995,0.696969696969697,1.0
6658,4,tma2_A3,0.0,0.5895945573207682,0.7567567567567568,1.0
6659,4,tma2_A3,0.0,0.47363840980886995,0.8888888888888888,0.7330033532264713
6660,4,tma2_A3,0.0,0.059214844239150355,1.0,0.7356810605054696
6661,4,tma2_A3,0.0,0.5569501122902921,0.5172413793103449,1.0
6662,4,tma2_A3,0.0,0.34945290254564654,0.7931034482758621,0.7501651263542106
6663,4,tma2_A3,0.0,0.6600228971622855,0.7222222222222222,1.0
6664,4,tma2_D3,0.0,0.4831322685780869,0.782608695652174,0.8648071659678137
6665,4,tma2_D3,0.0,0.27810190087315223,0.3894736842105263,0.8360624981731923
6666,4,tma2_B3,0.0,0.41072268057712935,0.6949152542372882,1.0
6667,4,tma2_B3,0.0,0.5413313656692406,0.8,1.0
6668,4,tma2_B3,0.0,0.4377004820097836,0.7083333333333334,1.0
6669,4,tma2_B3,0.0,0.25224430229650185,0.9166666666666666,1.0
6670,4,tma2_B2,0.0,0.6415206757413385,0.8823529411764706,1.0
6671,4,tma2_F1,0.0,0.0531440911450225,1.0,0.8225899975771741
6672,4,tma2_F1,0.0,0.2536572369626334,0.872093023255814,0.9431442875355128
6673,4,tma2_F1,0.0,0.6323092769150489,0.6857142857142857,1.0
6674,4,tma2_F1,0.0,0.6967744515162441,0.8666666666666667,0.865715333810427
6675,4,tma2_F1,0.0,0.5451871598973084,1.0,1.0
6676,4,tma2_F1,0.0,0.3729871285033074,0.6666666666666666,1.0
6677,4,tma2_F1,0.0,0.6634464493494955,0.6145833333333334,1.0
6678,4,tma2_F1,0.0,0.19583279388417407,0.7636363636363637,0.6519309176766555
6679,4,tma2_F1,0.0,0.5083326009859155,0.6176470588235294,0.9256849651802442
6680,4,tma2_F1,0.0,0.339675025530888,0.9626168224299065,0.938287816331222
6681,4,tma2_F1,0.0,0.3804721921854569,0.9285714285714286,0.8622196802766837
6682,4,tma2_F1,0.0,0.11604695489703554,0.7777777777777778,0.9192472288699337
6683,4,tma2_F1,0.0,0.6357081410901193,0.6891891891891891,0.9441394945089431
6684,4,tma2_F1,0.0,0.4340293617418194,0.9411764705882353,1.0
6685,4,tma2_F1,0.0,0.8114071859464127,0.6521739130434783,1.0
6686,4,tma2_F1,0.0,0.08332849665012831,0.6142857142857143,0.8120263822628965
6687,4,tma2_F1,0.0,0.5473198586653143,0.8329411764705882,1.0
6688,4,tma2_F1,0.0,0.34197064793551335,0.8518518518518519,1.0
6689,4,tma2_F1,0.0,0.48679966861022184,1.0,1.0
6690,4,tma2_F1,0.0,0.1879865535772688,0.967741935483871,0.7301657994512261
6691,4,tma2_F1,0.0,0.45799443944419294,0.7950310559006211,1.0
6692,4,tma2_F1,0.0,0.5562161808622201,0.6764705882352942,0.8180571055511624
6693,4,tma2_F1,0.0,0.21441805985163653,0.7115384615384616,0.7878482777713262
6694,4,tma2_F1,0.0,0.27085974555770276,0.8695652173913043,0.5993142838401149
6695,4,tma2_F1,0.0,0.4717242152853819,0.78125,1.0
6696,4,tma2_F1,0.0,0.23296065837314872,0.78,0.8965482175225103
6697,4,tma2_F1,0.0,0.4285052160140871,1.0,1.0
6698,4,tma2_F1,0.0,0.2257380033490215,1.0,0.7168592700485422
6699,4,tma2_F1,0.0,0.21252451542702822,1.0,0.7071703622729328
6700,4,tma2_F1,0.0,0.09515004578693731,1.0,0.8334980916008228
6701,4,tma2_F1,0.0,0.18378448766573763,0.725,0.7828955749313077
6702,4,tma2_E2,0.0,0.5648965488118638,0.5538461538461539,1.0
6703,4,tma2_E3,0.0,0.165411076976416,0.8717948717948718,0.9358347575621012
6704,4,tma2_E3,0.0,0.25139344096687444,0.9393939393939394,1.0
6705,4,tma2_E2,0.0,0.6392511045690659,0.7142857142857143,0.8308348294442025
6706,4,tma2_E2,0.0,0.5720548968424075,0.5555555555555556,1.0
6707,4,tma2_E2,0.0,0.4647101228801146,0.7105263157894737,1.0
6708,4,tma2_D3,0.0,0.6284194395580476,0.868421052631579,1.0
6709,4,tma2_D3,0.0,0.3971838172854649,0.9130434782608695,1.0
6710,4,tma2_D3,0.0,0.046012660542147366,1.0,0.7345884274597692
6711,4,tma2_D3,0.0,0.2322253279312465,0.7272727272727273,0.7788419743134356
6712,4,tma2_D3,0.0,0.5875571175663956,0.8571428571428571,0.8158004466399814
6713,4,tma2_D3,0.0,0.6728344001985187,1.0,1.0
6714,4,tma2_D3,0.0,0.03889555520626009,0.7837837837837838,0.7742070058632118
6715,4,tma2_D3,0.0,0.6869517657009241,0.7272727272727273,1.0
6716,4,tma2_D3,0.0,0.4475544363405908,0.6538461538461539,1.0
6717,4,tma2_E3,0.0,0.6569614097738399,0.6310272536687631,0.909744049855155
6718,4,tma2_D3,0.0,0.38131634814867676,0.875,1.0
6719,4,tma2_D3,0.0,0.4580685270137108,0.75,1.0
6720,4,tma2_D3,0.0,0.6372497241012607,0.9285714285714286,1.0
6721,4,tma2_D3,0.0,0.6712364795215569,0.8709677419354839,1.0
6722,4,tma2_D3,0.0,0.27842143554746157,1.0,0.7295397784000216
6723,4,tma2_D3,0.0,0.49609506053278984,0.9444444444444444,0.847741930418798
6724,4,tma2_E3,0.0,0.3714541706823483,0.75,1.0
6725,4,tma2_E3,0.0,0.275615050997182,0.7669902912621359,1.0
6726,4,tma2_E3,0.0,0.2997303866307336,1.0,1.0
6727,4,tma2_E3,0.0,0.3211654272774226,0.9,0.7381602215896597
6728,4,tma2_D3,0.0,0.5215133093192915,0.7555555555555555,1.0
6729,4,tma2_D3,0.0,0.6088653758232261,0.8461538461538461,1.0
6730,4,tma2_D3,0.0,0.46368212018575694,0.88,1.0
6731,4,tma2_E3,0.0,0.48800063697416773,0.868421052631579,0.8264582096033398
6732,4,tma2_E2,0.0,0.2541014282652896,1.0,1.0
6733,4,tma2_E2,0.0,0.39764325602664286,0.8648648648648649,1.0
6734,4,tma2_E2,0.0,0.47326392818226726,0.7368421052631579,1.0
6735,4,tma2_E2,0.0,0.46444416062618876,0.7692307692307693,1.0
6736,4,tma2_E2,0.0,0.10460464045488116,0.8048780487804879,0.8253153315215597
6737,4,tma2_E2,0.0,0.029762810707709586,0.7777777777777778,0.6778084941708766
6738,4,tma2_E2,0.0,0.4368105699915299,0.7352941176470589,0.8689543039013438
6739,4,tma2_E2,0.0,0.10468359425206242,1.0,0.7840329019535937
6740,4,tma2_E2,0.0,0.5786027533384447,0.9333333333333333,1.0
6741,4,tma2_E2,0.0,0.6022320008241884,1.0,1.0
6742,4,tma2_E2,0.0,0.5806437406750664,0.71875,1.0
6743,4,tma2_E1,0.0,0.4866068948426703,0.4905008635578584,0.9425161368650877
6744,4,tma2_E1,0.0,0.703483275663169,1.0,1.0
6745,4,tma2_E1,0.0,0.6299011342555955,0.7717391304347826,1.0
6746,4,tma2_E1,0.0,0.6349919603367218,0.8571428571428571,1.0
6747,4,tma2_E1,0.0,0.6209309933307989,0.4972972972972973,0.8618494962279533
6748,4,tma2_E1,0.0,0.26501658332523337,0.5775862068965517,0.8212415043860033
6749,4,tma2_E1,0.0,0.1919504505798375,0.7417582417582418,0.9116751362838408
6750,4,tma2_E1,0.0,0.46099826759865337,0.7272727272727273,1.0
6751,4,tma2_E1,0.0,0.7109949928349184,0.9375,1.0
6752,4,tma2_E1,0.0,0.48813169085447106,0.46745562130177515,0.7787383303462444
6753,4,tma2_E1,0.0,0.7486708445793386,0.8518518518518519,1.0
6754,4,tma2_E1,0.0,0.4743741037668917,1.0,1.0
6755,4,tma2_E2,0.0,0.618593262620035,0.8181818181818182,1.0
6756,4,tma2_E2,0.0,0.06408328847999567,0.8541666666666666,0.9418167193119197
6757,4,tma2_E2,0.0,0.6241735450766208,0.8,1.0
6758,4,tma2_E2,0.0,0.7469715745141847,1.0,1.0
6759,4,tma2_E2,0.0,0.3190557987426541,0.9393939393939394,1.0
6760,4,tma2_E1,0.0,0.3998366466400791,0.8787878787878788,0.8532561596082786
6761,4,tma2_E2,0.0,0.6778629775365429,0.9,1.0
6762,4,tma2_E2,0.0,0.7914279221581726,0.5833333333333334,1.0
6763,4,tma2_E2,0.0,0.008113741811129671,0.9230769230769231,0.689679938777283
6764,4,tma2_E1,0.0,0.5898391413678941,0.5925925925925926,1.0
6765,4,tma2_E1,0.0,0.38804880460252344,0.7285714285714285,1.0
6766,4,tma2_E1,0.0,0.6629803692548952,0.46686746987951805,1.0
6767,4,tma2_E1,0.0,0.5921643856924672,0.7083333333333334,1.0
6768,4,tma2_E1,0.0,0.06778186305128153,0.46835443037974683,0.8723536444802877
6769,4,tma2_E1,0.0,0.303017318611115,0.5283842794759825,0.7525408053280472
6770,4,tma2_E1,0.0,0.463652959142254,1.0,1.0
6771,4,tma2_E1,0.0,0.5449145905641575,0.8,1.0
6772,4,tma2_E1,0.0,0.2558889880159593,0.8887096774193548,0.7101821978311682
6773,4,tma2_E2,0.0,0.23259471682216903,0.9333333333333333,0.7180461539508758
6774,4,tma2_E2,0.0,0.1161766658887714,0.5164835164835165,0.8284642856636373
6775,4,tma2_E2,0.0,0.5383045312227612,0.539568345323741,0.873576646659342
6776,4,tma2_E2,0.0,0.08231128237527952,0.48333333333333334,1.0
6777,4,tma2_E2,0.0,0.531186665387527,0.9411764705882353,1.0
6778,4,tma2_E2,0.0,0.6834092143588981,0.65,1.0
6779,4,tma2_E2,0.0,0.5559951658265196,0.5454545454545454,0.8581868040739539
6780,4,tma2_E2,0.0,0.5194364133941688,0.9545454545454546,0.7433440795552131
6781,4,tma2_E2,0.0,0.36402062205625374,0.9444444444444444,1.0
6782,4,tma2_E2,0.0,0.5007460657446547,1.0,1.0
6783,4,tma2_E2,0.0,0.5212891489151692,1.0,1.0
6784,4,tma2_E2,0.0,0.6164132131263764,0.8,0.8666079965139628
6785,4,tma2_E2,0.0,0.5742913128076352,0.7843137254901961,0.9100329836959019
6786,4,tma2_E2,0.0,0.2941201612439478,0.74,0.9002310888141479
6787,4,tma2_E2,0.0,0.5450222483382198,0.7741935483870968,1.0
6788,4,tma2_E2,0.0,0.17658764220853285,0.4678111587982833,0.8062895166006936
6789,4,tma2_E2,0.0,0.4638283869390849,0.84375,1.0
6790,4,tma2_E2,0.0,0.21321786595971604,0.88,1.0
6791,4,tma2_E2,0.0,0.414336332614757,1.0,1.0
6792,4,tma2_E2,0.0,0.46008408653831856,0.9615384615384616,1.0
6793,4,tma2_E2,0.0,0.15961838620372037,0.9130434782608695,0.836804799827564
6794,4,tma2_E2,0.0,0.2536721523538933,0.546448087431694,1.0
6795,4,tma2_E2,0.0,0.6813250851451333,0.6197183098591549,1.0
6796,4,tma2_E2,0.0,0.054797955972868295,0.9696969696969697,0.7233968410797674
6797,4,tma2_E2,0.0,0.03417392419872578,0.7848101265822784,0.6785301486452882
6798,4,tma2_E2,0.0,0.6826826133154689,0.8421052631578947,1.0
6799,4,tma2_E2,0.0,0.3412705503689685,1.0,1.0
6800,4,tma2_E2,0.0,0.1490111651189836,1.0,0.7986008986505124
6801,4,tma2_E2,0.0,0.5485085850515943,0.95,1.0
6802,4,tma2_E2,0.0,0.41691038651587065,0.5826771653543307,1.0
6803,4,tma2_E2,0.0,0.0012549856221291122,0.9393939393939394,0.6797050060232886
6804,4,tma2_F1,0.0,0.5810227556380163,0.8478260869565217,1.0
6805,4,tma2_F1,0.0,0.07941708153962734,0.8536585365853658,0.7267660593285694
6806,4,tma2_F1,0.0,0.48408357347292685,0.8432835820895522,1.0
6807,4,tma2_F1,0.0,0.22956144019133906,0.7264150943396226,1.0
6808,4,tma2_F1,0.0,0.44818405820037566,0.7906976744186046,0.8160012380977935
6809,4,tma2_F1,0.0,0.493581782966217,0.5428571428571428,1.0
6810,4,tma2_F1,0.0,0.23594442062460275,0.580952380952381,0.8663949514361083
6811,4,tma2_F1,0.0,0.14639420593786934,0.6696428571428571,0.714965867000768
6812,4,tma2_F1,0.0,0.44048207522507354,1.0,1.0
6813,4,tma2_F1,0.0,0.34469589835821857,1.0,1.0
6814,4,tma2_F3,0.0,0.6744214145308915,0.8387096774193549,1.0
6815,4,tma2_F3,0.0,0.14438561362620572,0.5813953488372093,0.7259987305534265
6816,4,tma2_F3,0.0,0.7387613345702206,0.8367346938775511,1.0
6817,4,tma2_F3,0.0,0.09338116041503053,0.8666666666666667,0.8076146428183902
6818,4,tma2_F3,0.0,0.2734793604579432,0.7619047619047619,0.7312782358257714
6819,4,tma2_F3,0.0,0.16058409859138567,0.9032258064516129,0.7069769002265379
6820,4,tma2_F3,0.0,0.6544570279196185,0.5952380952380952,1.0
6821,4,tma2_F3,0.0,0.2063596030838234,0.5882352941176471,0.7448300361830094
6822,4,tma2_F3,0.0,0.12419846914874644,1.0,0.8773026508317122
6823,4,tma2_F3,0.0,0.5109475292514607,0.3898305084745763,0.8298411920540323
6824,4,tma2_F3,0.0,0.4152591220772518,0.9310344827586207,1.0
6825,4,tma2_F3,0.0,0.6661488062734691,0.8095238095238095,1.0
6826,4,tma2_F3,0.0,0.2666733272280011,0.9382716049382716,1.0
6827,4,tma2_F1,0.0,0.6497985996094197,0.5106382978723404,1.0
6828,4,tma2_F1,0.0,0.6631195625208781,0.8,1.0
6829,4,tma2_F1,0.0,0.3125709173375665,0.6635514018691588,0.7578804616953545
6830,4,tma2_F1,0.0,0.6799187991097397,0.6086956521739131,1.0
6831,4,tma2_D1,0.0,0.3197103998606956,0.5443786982248521,0.7913216058017042
6832,4,tma2_D1,0.0,0.6999279323946792,0.8421052631578947,1.0
6833,4,tma2_D1,0.0,0.31126793404190567,0.9,0.8371996621095023
6834,4,tma2_D1,0.0,0.5835064901072218,0.9333333333333333,1.0
6835,4,tma2_D1,0.0,0.6653717226413753,1.0,1.0
6836,4,tma2_D1,0.0,0.18601105527059547,0.9411764705882353,0.812945980635659
6837,4,tma2_D1,0.0,0.4161809417496002,0.9,0.7538240740092575
6838,4,tma2_D1,0.0,0.19803695994081782,0.6666666666666666,0.7213463273771309
6839,4,tma2_D1,0.0,0.49539885338617484,0.5379746835443038,1.0
6840,4,tma2_D1,0.0,0.5601444012944277,0.8095238095238095,1.0
6841,4,tma2_D1,0.0,0.42222459251095734,0.9333333333333333,1.0
6842,4,tma2_D1,0.0,0.46178338774407734,1.0,1.0
6843,4,tma4_C1,0.0,0.2618162094360794,0.8529411764705882,0.7455520087090207
6844,4,tma4_C1,0.0,0.6256721788587565,0.8571428571428571,1.0
6845,4,tma4_C1,0.0,0.5945988687962627,0.6595744680851063,1.0
6846,4,tma4_C1,0.0,0.5956885018732743,0.7272727272727273,1.0
6847,4,tma4_C1,0.0,0.4845314588106253,0.6216216216216216,0.9086442308312949
6848,4,tma4_C1,0.0,0.7270107643366663,0.75,1.0
6849,4,tma4_C1,0.0,0.43823437810488985,0.8333333333333334,0.9305071735309809
6850,4,tma4_C1,0.0,0.19115884116967807,0.64,0.7854371616185589
6851,4,tma4_C1,0.0,0.10017043336173315,0.9333333333333333,0.7778612535504652
6852,4,tma4_C1,0.0,0.12712908468154427,1.0,0.886547090942742
6853,4,tma4_C1,0.0,0.6417476542651245,0.8666666666666667,1.0
6854,4,tma4_C1,0.0,0.29048912129754245,0.9130434782608695,0.7635485586853175
6855,4,tma4_C1,0.0,0.5258870772276413,0.7,1.0
6856,4,tma4_C1,0.0,0.5342800541152272,0.6176470588235294,1.0
6857,4,tma4_C1,0.0,0.018537796866152423,0.7931034482758621,0.8217317039685041
6858,4,tma4_C1,0.0,0.05460260792865779,0.7,0.7030614166452901
6859,4,tma4_C1,0.0,0.5878656475188999,0.84,1.0
6860,4,tma4_C1,0.0,0.5221171498423561,0.6486486486486487,1.0
6861,4,tma4_C1,0.0,0.49759017094147096,0.6842105263157895,0.947477547602401
6862,4,tma4_C1,0.0,0.06260869330125185,0.8181818181818182,0.706933119991457
6863,4,tma4_C1,0.0,0.1881031045433914,0.6304347826086957,1.0
6864,4,tma4_C1,0.0,0.4597107296577878,0.625,0.8285065738307412
6865,4,tma4_C1,0.0,0.25396744553605133,1.0,0.6705651296506335
6866,4,tma4_C1,0.0,0.5359270542724837,0.6666666666666666,1.0
6867,4,tma4_C1,0.0,0.5230373904342253,0.8620689655172413,1.0
6868,4,tma4_C1,0.0,0.5645184106356358,0.68,1.0
6869,4,tma4_C1,0.0,0.11433389200810662,1.0,0.811413740684246
6870,4,tma4_C1,0.0,0.42548479598105327,1.0,0.9474378874762603
6871,4,tma4_C1,0.0,0.6098596369383,0.7352941176470589,0.9100413493427845
6872,4,tma4_C1,0.0,0.26837531076884635,0.6388888888888888,0.7944633069109347
6873,4,tma4_C1,0.0,0.4637265960821356,0.6956521739130435,0.7785488225432432
6874,4,tma4_C1,0.0,0.03274542323627261,0.6120689655172413,0.7602020496401372
6875,4,tma4_C1,0.0,0.628792371842629,0.7931034482758621,0.9272560196322625
6876,4,tma4_C1,0.0,0.4814390609553093,0.7142857142857143,0.8078588649731306
6877,4,tma4_C1,0.0,0.1991942862708952,1.0,0.6938143343297942
6878,4,tma4_B3,0.0,0.21826506242881627,0.9722222222222222,0.7788147615103903
6879,4,tma4_B3,0.0,0.46507600738232935,0.72,0.7534474951150508
6880,4,tma4_B3,0.0,0.487872070780764,0.75,0.8759713994810505
6881,4,tma4_B3,0.0,0.4945142927183339,0.5714285714285714,0.8287644333676013
6882,4,tma4_B3,0.0,0.21985454256254178,0.631578947368421,1.0
6883,4,tma4_B3,0.0,0.3984688817326313,0.7058823529411765,0.75139167821499
6884,4,tma4_A3,0.0,0.29317409076635503,0.7032967032967034,0.7366720987172274
6885,4,tma4_A3,0.0,0.5310210746902468,0.6974789915966386,0.946016101291771
6886,4,tma4_A3,0.0,0.39661013880227813,0.9259259259259259,1.0
6887,4,tma4_B3,0.0,0.19525071713989595,0.6607142857142857,0.7290833128328981
6888,4,tma4_C2,0.0,0.5135038545883841,0.7948717948717948,0.8673349278791974
6889,4,tma4_C1,0.0,0.40635422909855323,0.6951219512195121,0.8498248724236103
6890,4,tma4_C1,0.0,0.2862754811813524,0.8181818181818182,0.8773436494916154
6891,4,tma4_C1,0.0,0.1745267515780582,0.7215189873417721,0.6898625579709301
6892,4,tma4_C2,0.0,0.10460118610480318,1.0,1.0
6893,4,tma4_C2,0.0,0.4702410658927909,0.6,0.9439330137135781
6894,4,tma4_C2,0.0,0.5468572755352253,0.92,1.0
6895,4,tma4_C2,0.0,0.02063241298418117,0.8947368421052632,1.0
6896,4,tma4_C2,0.0,0.5101244381790178,0.518918918918919,1.0
6897,4,tma4_C2,0.0,0.2612762809434601,0.5705128205128205,1.0
6898,4,tma4_C2,0.0,0.4796689199760379,0.6363636363636364,1.0
6899,4,tma4_C2,0.0,0.8242764378432371,0.8095238095238095,1.0
6900,4,tma4_C2,0.0,0.3316433435744579,0.5248041775456919,1.0
6901,4,tma4_C2,0.0,0.6096197918784095,0.95,1.0
6902,4,tma4_C2,0.0,0.18774640412987698,0.5117056856187291,0.7701244536418036
6903,4,tma4_C2,0.0,0.5020670210119773,0.75,1.0
6904,4,tma4_C2,0.0,0.40496472074958645,0.7230769230769231,1.0
6905,4,tma4_C2,0.0,0.49047024775063464,0.8448275862068966,1.0
6906,4,tma4_C2,0.0,0.2834668701720995,0.9166666666666666,1.0
6907,4,tma4_C2,0.0,0.15657338225584871,1.0,0.8059765144824247
6908,4,tma4_C3,0.0,0.4093278525451075,0.6231884057971014,0.8993083406929798
6909,4,tma4_C3,0.0,0.589812522189664,0.7586206896551724,1.0
6910,4,tma4_C3,0.0,0.27781513882356057,0.4622222222222222,0.7236624002455395
6911,4,tma4_C3,0.0,0.4500240485500123,0.8023255813953488,1.0
6912,4,tma4_C3,0.0,0.6694568582833965,0.9487179487179487,1.0
6913,4,tma4_C3,0.0,0.41177652765087625,0.9117647058823529,0.76210390798184
6914,4,tma4_B3,0.0,0.5472439645536102,0.7575757575757576,1.0
6915,4,tma4_B3,0.0,0.5196411450295897,0.5697674418604651,0.8801585930430166
6916,4,tma4_C3,0.0,0.6966378897919477,0.9,1.0
6917,4,tma4_C3,0.0,0.21677950986223282,0.4880952380952381,1.0
6918,4,tma4_C1,0.0,0.3506305725090577,0.96875,0.9431819859396969
6919,4,tma4_C1,0.0,0.6435759146552793,0.9411764705882353,1.0
6920,4,tma4_C1,0.0,0.6026238257109146,0.3333333333333333,0.8378785521681831
6921,4,tma4_E1,0.0,0.00837761464469422,0.5529775715390565,0.709801083154694
6922,4,tma4_C1,0.0,0.09824427848302042,0.5632911392405063,1.0
6923,4,tma4_C1,0.0,0.5359609946780427,1.0,1.0
6924,4,tma4_C1,0.0,0.672051896761666,0.5205479452054794,1.0
6925,4,tma4_D1,0.0,0.4476272066117911,0.6666666666666666,1.0
6926,4,tma4_C1,0.0,0.4045139348920247,0.9473684210526315,1.0
6927,4,tma4_C1,0.0,0.09166631986290352,0.9473684210526315,0.8995792951332094
6928,4,tma4_C1,0.0,0.5012890854045822,0.78125,1.0
6929,4,tma4_C1,0.0,0.39161698846754556,1.0,1.0
6930,4,tma4_C1,0.0,0.19297434546757075,0.819672131147541,1.0
6931,4,tma4_C1,0.0,0.5929910838936661,0.5769230769230769,0.9442163839061617
6932,4,tma4_C1,0.0,0.563565863680634,0.6842105263157895,1.0
6933,4,tma4_C1,0.0,0.3582096746471576,0.6666666666666666,0.9206260382126992
6934,4,tma4_C1,0.0,0.21444667716688603,0.6,0.71983202861321
6935,4,tma4_C1,0.0,0.24994935589376122,1.0,0.895657030813813
6936,4,tma4_D1,0.0,0.42488822792261416,0.9310344827586207,1.0
6937,4,tma4_D1,0.0,0.3676219983859593,0.6071428571428571,1.0
6938,4,tma4_D1,0.0,0.4678105303720187,0.6388888888888888,1.0
6939,4,tma4_D1,0.0,0.5118272037239977,0.5294117647058824,0.7709914907433617
6940,4,tma4_D1,0.0,0.029718591220962987,0.8085106382978723,0.7787607694243505
6941,4,tma4_D1,0.0,0.5086485801842551,0.7272727272727273,0.7892338124964605
6942,4,tma4_D1,0.0,0.34322884603705683,0.7692307692307693,1.0
6943,4,tma4_D1,0.0,0.43522209458056815,0.6222222222222222,0.9246476396439038
6944,4,tma4_D1,0.0,0.5073853314884994,0.9473684210526315,1.0
6945,4,tma4_D1,0.0,0.43938501085798176,0.7692307692307693,1.0
6946,4,tma4_C1,0.0,0.4169313258304802,0.8378378378378378,1.0
6947,4,tma4_C1,0.0,0.6851563709282595,0.7727272727272727,1.0
6948,4,tma4_D1,0.0,0.6777922993361309,0.8888888888888888,0.8559535681750573
6949,4,tma4_D1,0.0,0.1654862521348348,0.660377358490566,0.7939738661124602
6950,4,tma4_D1,0.0,0.2291127403303922,0.6666666666666666,1.0
6951,4,tma4_D1,0.0,0.2761984298313027,0.5357142857142857,0.673846388378806
6952,4,tma4_C1,0.0,0.4307144069760499,0.8421052631578947,0.8669375726018917
6953,4,tma4_C1,0.0,0.4684808228643329,0.8235294117647058,0.7906464024096707
6954,4,tma4_C1,0.0,0.14138778862403878,0.7647058823529411,1.0
6955,4,tma4_E1,0.0,0.33809196861933233,0.9090909090909091,1.0
6956,4,tma4_G1,0.0,0.646552684110606,0.8333333333333334,1.0
6957,4,tma4_F1,0.0,0.14047717151571648,0.8813559322033898,0.8651097193511195
6958,4,tma4_E1,0.0,0.32854121880370946,0.8461538461538461,1.0
6959,4,tma4_E1,0.0,0.5192439307670347,0.9174311926605505,1.0
6960,4,tma4_E1,0.0,0.20644384182026876,0.8333333333333334,1.0
6961,4,tma4_D1,0.0,0.3016869490517483,0.5950413223140496,0.7798410420258268
6962,4,tma4_D1,0.0,0.14490052125708874,1.0,1.0
6963,4,tma4_D1,0.0,0.09210850084192435,1.0,0.7006712806717417
6964,4,tma4_D1,0.0,0.6412902177005095,0.9411764705882353,1.0
6965,4,tma4_D1,0.0,0.4703211777595766,0.9047619047619048,0.8341768270279666
6966,4,tma4_F1,0.0,0.16748234425453257,0.6842105263157895,0.7418348677326558
6967,4,tma4_F1,0.0,0.3209975410271638,0.8913043478260869,0.7537991409428211
6968,4,tma4_F1,0.0,0.0966048885187949,0.8790697674418605,0.7125370547233805
6969,4,tma4_G1,0.0,0.6256928893818277,0.5833333333333334,1.0
6970,4,tma4_G1,0.0,0.5128885505587961,0.72,1.0
6971,4,tma4_G1,0.0,0.6046315339000952,0.7272727272727273,1.0
6972,4,tma4_G1,0.0,0.04780662986646422,1.0,1.0
6973,4,tma4_G1,0.0,0.5902875462846177,0.7647058823529411,0.8732901919404692
6974,4,tma4_G1,0.0,0.6636539079769637,0.6935483870967742,1.0
6975,4,tma4_G1,0.0,0.31210261685872687,0.6413043478260869,0.8556183122245546
6976,4,tma4_G1,0.0,0.6162294345011056,1.0,0.8439823333010509
6977,4,tma4_G1,0.0,0.5986141129746594,1.0,1.0
6978,4,tma4_G1,0.0,0.39730980069274435,0.8235294117647058,0.8208058673618662
6979,4,tma4_G1,0.0,0.2983116741569042,0.6521739130434783,0.7840589672849265
6980,4,tma4_G1,0.0,0.6324150978688023,0.7619047619047619,1.0
6981,4,tma4_G1,0.0,0.6440961752866485,0.44776119402985076,0.7987005176547659
6982,4,tma4_G1,0.0,0.15046466438837292,1.0,0.9420799285090423
6983,4,tma4_G1,0.0,0.3391236009677623,0.68,0.7890846330571939
6984,4,tma4_G1,0.0,0.061750275468557825,0.86,0.8519457874001919
6985,4,tma4_D1,0.0,0.4615784430104859,0.5151515151515151,0.7877852939368809
6986,4,tma4_D1,0.0,0.44093492141583823,0.5833333333333334,0.7601374471412985
6987,4,tma4_D1,0.0,0.3796327199491556,0.875,1.0
6988,4,tma4_D1,0.0,0.6015137599038609,0.7878787878787878,1.0
6989,4,tma4_D1,0.0,0.2280905345110963,0.7818181818181819,0.7353724147478832
6990,4,tma4_E1,0.0,0.4255692418997621,0.65,1.0
6991,4,tma4_E1,0.0,0.3829633493647615,0.5151515151515151,1.0
6992,4,tma4_E1,0.0,0.3832583023875554,0.7615384615384615,0.7314003690922253
6993,4,tma4_E1,0.0,0.5971770295416562,0.9090909090909091,0.8109347989228266
6994,4,tma4_F1,0.0,0.17058265687737206,0.8055555555555556,0.7613628773140225
6995,4,tma4_F1,0.0,0.2925484031163753,0.8181818181818182,0.838841793803796
6996,4,tma4_F1,0.0,0.2086072404476188,0.9259259259259259,0.7461644229433695
6997,4,tma4_E1,0.0,0.35225903236514633,0.8189655172413793,1.0
6998,4,tma4_E1,0.0,0.6194039394365319,0.5714285714285714,1.0
6999,4,tma4_E1,0.0,0.4823292837305797,1.0,1.0
7000,4,tma4_D1,0.0,0.38765033017443484,0.9285714285714286,1.0
7001,4,tma4_D1,0.0,0.6966660041641884,0.7222222222222222,1.0
7002,4,tma4_D1,0.0,0.5380187886880725,0.6410256410256411,1.0
7003,4,tma4_D1,0.0,0.6577085229018578,0.8095238095238095,1.0
7004,4,tma4_D1,0.0,0.40236001645937836,0.9642857142857143,1.0
7005,4,tma4_D1,0.0,0.704093461296077,0.6891891891891891,1.0
7006,4,tma4_D1,0.0,0.5382820798464903,0.9333333333333333,0.9035863760537863
7007,4,tma4_D1,0.0,0.2280614435938605,0.7058823529411765,0.7525496765147401
7008,4,tma4_D1,0.0,0.5977453085705202,0.7142857142857143,1.0
7009,4,tma4_D1,0.0,0.14062311845578845,0.9230769230769231,0.8169620236753725
7010,4,tma4_D1,0.0,0.0011783471055040184,0.9047619047619048,0.8434418285635746
7011,4,tma4_D1,0.0,0.45000244583991855,0.8611111111111112,0.7528754697558845
7012,4,tma4_D1,0.0,0.6231665538494673,0.8095238095238095,1.0
7013,4,tma4_E3,0.0,0.6641390217233851,0.8461538461538461,1.0
7014,4,tma4_E3,0.0,0.26044262563089693,1.0,0.7172165580299915
7015,4,tma4_F3,0.0,0.7122732502778933,0.8260869565217391,1.0
7016,4,tma4_F3,0.0,0.582426101256293,0.8125,1.0
7017,4,tma4_E3,0.0,0.4059537196140093,1.0,1.0
7018,4,tma4_E3,0.0,0.12796485803953483,0.48299319727891155,1.0
7019,4,tma4_E3,0.0,0.4441158807936383,0.9130434782608695,1.0
7020,4,tma4_E3,0.0,0.5594414980667237,1.0,1.0
7021,4,tma4_E3,0.0,0.47531514637492345,0.7976190476190477,1.0
7022,4,tma4_E3,0.0,0.3178418577740686,0.6023391812865497,0.7815310202465525
7023,4,tma4_E3,0.0,0.4479171505133749,0.65,1.0
7024,4,tma4_E3,0.0,0.5858287698164214,0.8958333333333334,1.0
7025,4,tma4_E3,0.0,0.4189188953667552,1.0,1.0
7026,4,tma4_E3,0.0,0.3562440431159889,0.8947368421052632,0.9475957871155076
7027,4,tma4_E3,0.0,0.38998321295215255,0.5650247589262445,0.883963991903701
7028,4,tma4_E3,0.0,0.1733928564246291,0.8029197080291971,0.8466775296757081
7029,4,tma4_E3,0.0,0.6680679931989988,0.6153846153846154,1.0
7030,4,tma4_E3,0.0,0.5425428315849534,0.7045454545454546,0.8207716618967845
7031,4,tma4_E3,0.0,0.16225503212160886,0.84375,0.832318628150288
7032,4,tma4_E3,0.0,0.6233114483680572,0.8363636363636363,1.0
7033,4,tma4_E3,0.0,0.6434128553731918,0.9183673469387755,0.9359560242878228
7034,4,tma4_E3,0.0,0.6393603410537854,0.6619718309859155,0.8507677147137948
7035,4,tma4_E3,0.0,0.04977574270966223,1.0,0.8499945507754818
7036,4,tma4_E3,0.0,0.07256171738076445,1.0,1.0
7037,4,tma4_E3,0.0,0.6222870022590672,0.8888888888888888,1.0
7038,4,tma4_E3,0.0,0.16546238176577477,0.972972972972973,0.6951999576798199
7039,4,tma4_E3,0.0,0.7372410441876279,0.8571428571428571,1.0
7040,4,tma4_F3,0.0,0.5781119817546231,1.0,1.0
7041,4,tma4_F3,0.0,0.13702878125858853,0.835820895522388,0.8590218835921267
7042,4,tma4_F3,0.0,0.2580693426645222,0.5068493150684932,0.8076189209542662
7043,4,tma4_F3,0.0,0.2243202968535456,0.9411764705882353,1.0
7044,4,tma4_F3,0.0,0.6927915306877708,0.9285714285714286,1.0
7045,4,tma4_F3,0.0,0.25209011880023113,0.9302325581395349,1.0
7046,4,tma4_C3,0.0,0.6281275289583887,0.7763157894736842,1.0
7047,4,tma4_C3,0.0,0.45155640423354193,0.5692307692307692,0.8557772420058004
7048,4,tma4_C3,0.0,0.11492695815987553,0.7115384615384616,1.0
7049,4,tma4_C3,0.0,0.11199373965134918,0.6486486486486487,0.8203733811383367
7050,4,tma4_D2,0.0,0.30066475127701064,0.8860759493670886,0.763529805271869
7051,4,tma4_C3,0.0,0.288706668849098,0.9375,0.7303419201717409
7052,4,tma4_C3,0.0,0.1662907672495293,0.9333333333333333,0.8999842162263095
7053,4,tma4_F2,0.0,0.2982656458449545,0.7391304347826086,0.8314976428765307
7054,4,tma4_F2,0.0,0.4078268684309053,0.9230769230769231,0.8723821297282497
7055,4,tma4_F2,0.0,0.45612100730947647,0.875,0.8051146526292844
7056,4,tma4_F2,0.0,0.4209838742989257,0.8076923076923077,0.8549117399465826
7057,4,tma4_F2,0.0,0.5471669800814353,1.0,1.0
7058,4,tma4_F2,0.0,0.037664615751267894,1.0,0.8580841744380266
7059,4,tma4_F2,0.0,0.3642899129120334,0.7560975609756098,1.0
7060,4,tma4_F2,0.0,0.5075713134034798,0.8125,0.77275816072296
7061,4,tma4_F2,0.0,0.4112398686921964,0.85,0.8328429686413221
7062,4,tma4_D2,0.0,0.24542326874393405,0.8103448275862069,0.733866672187578
7063,4,tma4_D2,0.0,0.6141772246815849,0.9428571428571428,1.0
7064,4,tma4_F1,0.0,0.5951288471515404,1.0,1.0
7065,4,tma4_F1,0.0,0.8058589145870929,0.6540084388185654,1.0
7066,4,tma4_F1,0.0,0.14347461000530637,0.8461538461538461,0.8245356429602209
7067,4,tma4_F1,0.0,0.07324982794778012,0.8938053097345132,0.7876201580829545
7068,4,tma4_F2,0.08615870923049596,0.20351357201915343,0.875,0.7608699277247409
7069,4,tma4_F1,0.0,0.5048834918012173,0.6666666666666666,0.7180773726215595
7070,4,tma4_E1,0.0,0.10345376516812976,0.9464285714285714,0.8585575281758961
7071,4,tma4_E1,0.0,0.29759110806273514,0.8235294117647058,1.0
7072,4,tma4_D2,0.0,0.09497814632123436,0.49159663865546216,0.7068845356777551
7073,4,tma4_D2,0.0,0.2971754153272106,0.8947368421052632,0.9402300729394084
7074,4,tma4_D2,0.0,0.7143003470563243,0.7209302325581395,1.0
7075,4,tma4_D2,0.0,0.22256743853599048,0.9811320754716981,0.7607404305015488
7076,4,tma4_D2,0.0,0.039524504165389884,0.9,1.0
7077,4,tma4_D2,0.0,0.5892021085701069,0.5172413793103449,1.0
7078,4,tma4_D2,0.0,0.29360362925655026,0.7333333333333333,0.7702747835309206
7079,4,tma4_D2,0.0,0.12149355700816544,1.0,1.0
7080,4,tma4_D2,0.0,0.6236539008749773,0.896551724137931,1.0
7081,4,tma4_D2,0.0,0.16674318934065413,0.7021276595744681,0.6793928518476482
7082,4,tma4_D2,0.0,0.34111510653230204,0.9607843137254902,1.0
7083,4,tma4_D2,0.0,0.5727361418823094,0.7666666666666667,1.0
7084,4,tma4_D2,0.0,0.2608829213599949,0.8461538461538461,0.849975002255954
7085,4,tma4_D2,0.0,0.1478090545342169,0.6405228758169934,0.6819954058408595
7086,4,tma4_D2,0.0,0.5225966380482691,0.8235294117647058,0.8452361432406584
7087,4,tma4_D2,0.0,0.4682453128037265,0.7916666666666666,1.0
7088,4,tma4_D2,0.0,0.18605914834593018,0.75,0.8750124419129715
7089,4,tma4_D2,0.0,0.5078135351487174,0.6578947368421053,1.0
7090,4,tma4_D2,0.0,0.48418528323332044,0.875,0.8869086257685834
7091,4,tma4_D2,0.0,0.3251471478259452,0.9629629629629629,0.7838634680705417
7092,4,tma4_D2,0.0,0.23417526798995558,1.0,0.8342080213035257
7093,4,tma4_D2,0.02528863811851756,0.24938404679124648,0.746268656716418,0.7641294289035491
7094,4,tma4_E3,0.0,0.4582914216100449,0.7288135593220338,0.8733297957972337
7095,4,tma4_F3,0.0,0.2809950361176109,0.75,0.7698172948794627
7096,4,tma4_F3,0.0,0.6906673504734473,0.7272727272727273,0.8872597670690308
7097,4,tma4_F3,0.0,0.3959564737012232,0.9444444444444444,0.8172640977098505
7098,4,tma4_F3,0.0,0.3712187480213369,0.6689655172413793,1.0
7099,4,tma4_E3,0.0,0.4031659200709917,1.0,1.0
7100,4,tma4_E3,0.0,0.46689572019955106,0.7614678899082569,1.0
7101,4,tma4_F3,0.0,0.42576711106000265,1.0,0.8063652631341187
7102,4,tma4_F3,0.0,0.5851518905174313,0.9090909090909091,1.0
7103,4,tma4_F3,0.0,0.4548754531779029,0.7142857142857143,1.0
7104,4,tma4_F3,0.0,0.09905875715570367,0.5948275862068966,0.7721794031571083
7105,4,tma4_F3,0.0,0.508423538614371,0.9444444444444444,0.7921794012939126
7106,4,tma4_F3,0.0,0.43072265870238113,0.8235294117647058,0.7787962463312642
7107,4,tma4_F3,0.0,0.5656810558527491,0.7004608294930875,0.8799098118605757
7108,4,tma4_F3,0.0,0.43189871395079216,0.5318725099601593,0.7816935491752558
7109,4,tma4_F3,0.0,0.5303839601308966,0.9473684210526315,0.9343504423923769
7110,4,tma4_F3,0.0,0.2995142556706303,1.0,1.0
7111,4,tma4_F3,0.0,0.5372824120131404,0.5888888888888889,0.8885040672583692
7112,4,tma4_F3,0.0,0.6151535333500338,0.9,1.0
7113,4,tma4_F3,0.0,0.31101119050793036,0.6198830409356725,1.0
7114,4,tma4_F3,0.0,0.5253043620508735,0.7777777777777778,0.8215979785259265
7115,4,tma4_F3,0.0,0.5981479098831877,0.75,1.0
7116,4,tma4_F3,0.0,0.3929144654773884,0.5732484076433121,1.0
7117,4,tma4_F3,0.0,0.36588161761251503,0.7666666666666667,1.0
7118,4,tma4_F3,0.0,0.2474561567334207,0.8571428571428571,1.0
7119,4,tma4_F3,0.0,0.3447247832761332,0.71875,0.8204179899274844
7120,4,tma4_F3,0.0,0.16228848285375974,0.8,1.0
7121,4,tma4_F3,0.0,0.6573286318396075,1.0,1.0
7122,4,tma4_F3,0.0,0.4157687091122978,0.875,1.0
7123,4,tma4_F3,0.0,0.33874896987878533,0.8620689655172413,1.0
7124,4,tma4_F3,0.0,0.4855115967617216,1.0,0.7513874563846863
7125,4,tma4_F3,0.0,0.21046817425738673,0.8297872340425532,0.6530183653348182
7126,4,tma4_F3,0.0,0.15288800878470543,0.5989304812834224,0.7426805915244479
7127,4,tma4_F3,0.0,0.468419724875742,0.8072289156626506,1.0
7128,4,tma4_F3,0.0,0.43837014502036964,0.9354838709677419,0.8971183647398863
7129,4,tma4_F3,0.0,0.5024049755971538,0.7931034482758621,0.793778798689039
7130,4,tma4_F3,0.0,0.5572027071837472,0.7150837988826816,1.0
7131,4,tma4_F3,0.0,0.4706506263209711,1.0,1.0
7132,4,tma4_F3,0.0,0.2859507954319622,0.9090909090909091,1.0
7133,4,tma4_F3,0.0,0.6100177687907807,0.6391509433962265,1.0
7134,4,tma4_F3,0.0,0.49942827643116183,0.5432692307692307,0.7899054542706647
7135,4,tma4_F3,0.0,0.6883287898502641,0.8421052631578947,1.0
7136,4,tma4_F3,0.0,0.452012441902201,0.5961538461538461,1.0
7137,4,tma4_F3,0.0,0.6217337135932852,0.6180555555555556,0.9187813477843761
7138,4,tma4_F3,0.0,0.6712504382306126,0.6166666666666667,0.8227462349959043
7139,4,tma4_G2,0.0,0.5564172115817131,0.6006944444444444,1.0
7140,4,tma4_G2,0.0,0.43440945265147424,0.4948453608247423,1.0
7141,4,tma4_G2,0.0,0.6737394813515949,1.0,0.8980666364323997
7142,4,tma4_G2,0.0,0.5894086073810416,0.6521739130434783,1.0
7143,4,tma4_G2,0.0,0.0047559198662949775,0.9090909090909091,0.7522935121251724
7144,4,tma4_G2,0.0,0.5652589252373783,0.6178343949044586,0.8867205356310334
7145,4,tma4_G2,0.0,0.5492957290684177,0.9666666666666667,1.0
7146,4,tma4_G2,0.0,0.634290450321858,0.9090909090909091,1.0
7147,4,tma4_G2,0.0,0.5019181345607059,0.6896551724137931,1.0
7148,4,tma4_G2,0.0,0.4104083819462254,1.0,1.0
7149,4,tma4_G2,0.0,0.5049414071746016,1.0,0.9113449728435223
7150,4,tma4_G2,0.0,0.5244512697168483,0.49473684210526314,1.0
7151,4,tma4_G2,0.0,0.40196899290555566,0.548936170212766,0.8137086574143566
7152,4,tma4_G2,0.0,0.2818378072248484,1.0,1.0
7153,4,tma4_G2,0.0,0.6716370680425908,0.9166666666666666,1.0
7154,4,tma4_G2,0.0,0.17029926989394506,1.0,0.7071389098773481
7155,4,tma4_G2,0.0,0.5484344485256507,0.5210727969348659,1.0
7156,4,tma4_G2,0.0,0.1882062614366481,0.5980392156862745,0.9477741925729296
7157,4,tma4_G2,0.0,0.49834555483984955,0.4973021582733813,0.7800098479348678
7158,4,tma4_G2,0.0,0.21182275614055945,0.7857142857142857,0.8426694095391388
7159,4,tma4_G2,0.0,0.28357736040721915,0.56,0.7604498308944568
7160,4,tma4_G2,0.0,0.6887720382058182,1.0,1.0
7161,4,tma4_F3,0.0,0.6715664174194744,0.8823529411764706,0.8866093926215007
7162,4,tma4_F3,0.0,0.3644726832432611,0.5714285714285714,0.6485264521830785
7163,4,tma4_F3,0.0,0.7023349474768504,0.9523809523809523,1.0
7164,4,tma4_G2,0.0,0.6207352543539215,0.875,1.0
7165,4,tma4_G2,0.0,0.5177752572701944,0.8157894736842105,1.0
7166,4,tma4_G2,0.0,0.3815244897953667,0.8392857142857143,0.9002049909094247
7167,4,tma4_F3,0.0,0.4694646503454164,0.69009009009009,0.8005634256177742
7168,4,tma4_F3,0.0,0.588897363205366,0.8421052631578947,1.0
7169,4,tma4_F3,0.0,0.4428499591674617,1.0,1.0
7170,4,tma4_F3,0.0,0.11908577346269522,1.0,0.9140201279804281
7171,4,tma4_F3,0.0,0.29160753812626294,0.5894039735099338,0.7879606208236883
7172,4,tma4_F3,0.0,0.28035964418945647,0.8676470588235294,0.7287042761346443
7173,4,tma4_F3,0.0,0.5971915849941087,0.72,1.0
7174,4,tma4_E3,0.0,0.2576700884524582,0.5454545454545454,1.0
7175,4,tma4_E3,0.0,0.05930448609931349,0.8181818181818182,0.7583246632741794
7176,4,tma4_E3,0.0,0.32127487851378644,0.7727272727272727,1.0
7177,4,tma4_E3,0.0,0.5879783123797262,0.7619047619047619,0.8397981115354424
7178,4,tma4_E3,0.0,0.4135946653104299,0.7959183673469388,0.7843807937772738
7179,4,tma4_E3,0.0,0.37668067188917187,0.925,0.8534639884158998
7180,4,tma4_E3,0.0,0.20113549741086856,0.7,0.7452260862475767
7181,4,tma4_F3,0.0,0.11085253868778144,0.6338028169014085,0.8711171600246785
7182,4,tma4_F3,0.0,0.583552817274003,1.0,1.0
7183,4,tma4_F3,0.0,0.19173730374016706,0.6358381502890174,1.0
7184,4,tma4_F3,0.0,0.5581957778472102,0.8913043478260869,0.7434802655560011
7185,4,tma4_E3,0.0,0.7006444322338666,0.6857142857142857,1.0
7186,4,tma4_E3,0.0,0.5736260292657799,0.6567164179104478,1.0
7187,4,tma4_E3,0.0,0.5902963120304385,0.8571428571428571,1.0
7188,4,tma4_E3,0.0,0.4709070284523894,0.48088531187122735,1.0
7189,4,tma4_F3,0.0,0.5361543405816855,0.7142857142857143,0.7654419545375035
7190,4,tma4_F3,0.0,0.4978679648773292,1.0,0.8350415901873531
7191,4,tma4_F3,0.0,0.6711198698799279,0.8181818181818182,1.0
7192,4,tma4_F3,0.0,0.2859635169604495,0.7418032786885246,0.8729597423939727
7193,4,tma4_F3,0.0,0.5650772633183574,0.7241379310344828,1.0
7194,4,tma4_F3,0.0,0.6143979597932029,0.8666666666666667,1.0
7195,4,tma4_F3,0.0,0.43265279730949546,0.46875,1.0
7196,4,tma4_F3,0.0,0.2281998162766674,0.6125,1.0
7197,4,tma4_F3,0.0,0.6234435853933593,0.7631578947368421,1.0
7198,4,tma4_F3,0.0,0.37714934060113825,0.8888888888888888,1.0
7199,4,tma4_F3,0.0,0.6402578196746489,1.0,1.0
7200,4,tma4_F3,0.0,0.3997929788833824,0.75,1.0
7201,4,tma4_F3,0.0,0.10842672242684204,0.6746987951807228,0.6779270958921211
7202,4,tma4_F3,0.0,0.5330724072128808,0.6575342465753424,0.8340093077697028
7203,4,tma4_F3,0.0,0.3547015590153074,0.9615384615384616,1.0
7204,4,tma4_F3,0.0,0.325082800807033,1.0,1.0
7205,4,tma4_F3,0.0,0.6572267082411514,0.8,1.0
7206,4,tma4_F3,0.0,0.6821308077798046,0.8421052631578947,0.8373736326018462
7207,4,tma4_F3,0.0,0.567501811872005,1.0,1.0
7208,4,tma4_F3,0.0,0.28475490034119944,0.5806451612903226,1.0
7209,4,tma4_F3,0.0,0.634640204098215,1.0,1.0
7210,4,tma4_F3,0.0,0.4939023678760115,0.5611510791366906,1.0
7211,4,tma4_F3,0.0,0.3438798561098687,0.7358490566037735,0.8405685280275588
7212,4,tma4_F3,0.0,0.3087169728164161,0.7872340425531915,1.0
7213,4,tma4_F3,0.0,0.1804880221255204,0.8070175438596491,0.757009061617125
7214,4,tma4_F3,0.0,0.2824777031126232,0.9545454545454546,0.9226141071037223
7215,4,tma4_F3,0.0,0.47991019428723936,0.9047619047619048,0.7643086658441466
7216,4,tma4_E3,0.0,0.32592309893419746,0.5403508771929825,1.0
7217,4,tma4_E3,0.0,0.13380287679796743,0.8148148148148148,0.7260410662828577
7218,4,tma4_E3,0.0,0.34828990429504625,0.8,0.774348901472677
7219,4,tma4_E3,0.0,0.1556255339535445,0.5932203389830508,0.8827113840442492
7220,4,tma4_F2,0.0,0.2653616695444264,0.7058823529411765,1.0
7221,4,tma4_F2,0.0,0.30355666437339557,0.9047619047619048,0.8932967341207327
7222,4,tma4_E3,0.0,0.47671008579008545,0.9,1.0
7223,4,tma4_E3,0.0,0.6371689932730067,0.8372093023255814,1.0
7224,4,tma4_E3,0.0,0.588273571484371,0.49411764705882355,1.0
7225,4,tma4_E3,0.0,0.4716550658194655,0.6703296703296703,0.7512403212365057
7226,4,tma4_E3,0.0,0.38618501848616604,0.8805970149253731,0.8430994512692869
7227,4,tma4_E3,0.0,0.4112814250351936,0.8148148148148148,0.8139663408476342
7228,4,tma4_E3,0.0,0.5003344734443733,0.675,1.0
7229,4,tma4_E3,0.0,0.4287406900209896,0.76,0.8395316989993931
7230,4,tma4_E3,0.0,0.5062459032073299,0.5272727272727272,1.0
7231,4,tma4_E3,0.0,0.562816096016835,1.0,1.0
7232,4,tma4_E3,0.046159860948843945,0.046679701398720796,0.7,0.7723648735603716
7233,4,tma4_E3,0.0,0.46849582290516156,0.7083333333333334,1.0
7234,4,tma4_E3,0.0,0.7573621977060729,0.78,1.0
7235,4,tma4_E3,0.0,0.27777841670435677,0.8235294117647058,0.7666412748678073
7236,4,tma4_E3,0.0,0.36890638395165554,0.6176470588235294,1.0
7237,4,tma4_E3,0.03629831758315438,0.024239892049518597,0.9333333333333333,0.8110116557116451
7238,4,tma4_E3,0.0,0.665200808757358,0.8333333333333334,1.0
7239,4,tma4_E3,0.0,0.22720125780446798,1.0,0.8497113042605051
7240,4,tma4_E3,0.0,0.20421816270631354,0.7450980392156863,0.7917857147287173
7241,4,tma4_E3,0.0,0.5820338779158953,0.6538461538461539,1.0
7242,4,tma4_E3,0.0,0.5328481683981341,0.9743589743589743,1.0
7243,4,tma4_E3,0.0,0.4563428386353975,0.7352941176470589,0.8815381906317994
7244,4,tma4_E3,0.0,0.39995838624133306,0.6923076923076923,1.0
7245,4,tma4_E3,0.0,0.6110917238288327,0.8666666666666667,0.9426078385878118
7246,4,tma4_E3,0.0,0.17743126734569947,0.4875,0.8040155550128159
7247,4,tma4_E3,0.0,0.20586637301630584,0.6311475409836066,0.7148384613094955
7248,4,tma4_E3,0.0,0.3392541988463933,1.0,1.0
7249,4,tma4_E3,0.0,0.5311003134144388,1.0,1.0
7250,4,tma4_E3,0.0,0.3367381541844011,0.5252525252525253,0.9463425483677304
7251,4,tma4_E3,0.0,0.40761276577273664,0.8333333333333334,0.9001802021642197
7252,4,tma4_E3,0.0,0.3995744570365658,0.6914893617021277,0.9424173801648462
7253,4,tma4_E3,0.0,0.5784117373957328,0.6588235294117647,0.8820348595843249
7254,4,tma4_E3,0.0,0.22122665176222445,0.7586206896551724,0.6887597833026151
7255,4,tma4_E3,0.0,0.48432239532207777,0.9615384615384616,0.7908664480276955
7256,4,tma4_E3,0.0,0.2051475353212142,1.0,0.9245064656400643
7257,4,tma4_E3,0.0,0.14074048791020866,0.9230769230769231,1.0
7258,4,tma4_E3,0.0,0.4264849673104606,1.0,0.9154900013117087
7259,4,tma4_E3,0.0,0.3224225236201448,0.9166666666666666,0.8085521014388481
7260,4,tma4_A3,0.0,0.4609664475517852,1.0,0.7606045959644906
7261,4,tma4_F2,0.0,0.6684635122886888,0.8260869565217391,0.848192310448103
7262,4,tma4_F1,0.0,0.5354093908046935,0.9444444444444444,0.7996331872511867
7263,4,tma4_F2,0.0,0.5976755759594412,0.9333333333333333,1.0
7264,4,tma4_F2,0.0,0.6859112750638748,0.8260869565217391,1.0
7265,4,tma4_F1,0.0,0.6147554502521273,0.8823529411764706,1.0
7266,4,tma4_F1,0.0,0.3415400943965994,1.0,0.7434814655799304
7267,4,tma4_E1,0.0,0.4326229030132491,0.8163265306122449,0.7612564223996872
7268,4,tma4_D2,0.0,0.4928666951305366,0.95,0.8413909008292816
7269,4,tma4_D2,0.0,0.5810033462732382,0.8387096774193549,1.0
7270,4,tma1_B2,0.0,0.17474632010639146,0.5096296296296297,0.74894044361137
7271,4,tma1_D2,0.0,0.4849062205944159,0.673202614379085,1.0
7272,4,tma1_B2,0.0,0.5733316841323857,0.7741935483870968,1.0
7273,4,tma1_B2,0.0,0.4832749814713533,0.7345132743362832,1.0
7274,4,tma1_B2,0.0,0.718011567647731,0.8666666666666667,1.0
7275,4,tma1_D2,0.0,0.37524130001567957,0.9767441860465116,1.0
7276,4,tma1_D2,0.0,0.1851763184274149,0.9583333333333334,1.0
7277,4,tma1_D2,0.0,0.042090581157806395,0.8235294117647058,0.7189218015146703
7278,4,tma1_D2,0.0,0.48667082334837186,0.78,1.0
7279,4,tma1_D2,0.0,0.2805458734982914,0.5714285714285714,0.6788327252311384
7280,4,tma1_C2,0.0,0.6142755101819203,0.7156862745098039,1.0
7281,4,tma1_D2,0.0,0.6298250047992164,0.9230769230769231,1.0
7282,4,tma1_D2,0.0,0.34563789803669687,0.9444444444444444,0.7838113394154251
7283,4,tma1_C2,0.0,0.15877247581174625,0.6545454545454545,0.6963191581197882
7284,4,tma1_C2,0.0,0.6420538737966127,0.9473684210526315,1.0
7285,4,tma1_D2,0.0,0.34600240164756857,0.7395833333333334,1.0
7286,4,tma1_B2,0.0,0.6186890370468876,0.7619047619047619,0.8306789133444434
7287,4,tma1_B2,0.0,0.706435246846613,0.8666666666666667,1.0
7288,4,tma1_B2,0.0,0.415861459574436,1.0,1.0
7289,4,tma1_B2,0.01829570560135485,0.12430808274076044,0.9629629629629629,0.7513193720875633
7290,4,tma1_B2,0.0,0.5781855317674668,1.0,1.0
7291,4,tma1_B2,0.0,0.5296846364594107,0.7142857142857143,1.0
7292,4,tma1_B2,0.0,0.10460191303682964,0.618421052631579,1.0
7293,4,tma1_B2,0.0,0.5958260555138238,0.6103896103896104,1.0
7294,4,tma1_B2,0.0,0.5341891458017394,0.8378378378378378,1.0
7295,4,tma1_B2,0.0,0.0592558979185428,0.9411764705882353,0.7448898780955137
7296,4,tma1_B2,0.0,0.3659697457990593,0.9142857142857143,0.7200370774077796
7297,4,tma1_B2,0.0,0.14667308589768302,0.4556818181818182,0.7473569376198115
7298,4,tma1_B2,0.0,0.5458883834112944,0.75,1.0
7299,4,tma1_B2,0.0,0.6934123265055414,0.9210526315789473,1.0
7300,4,tma1_B2,0.0,0.5837590874377667,1.0,1.0
7301,4,tma1_B2,0.0,0.4607690735879759,1.0,1.0
7302,4,tma1_B2,0.0,0.25487752503149885,0.7,0.7295930017379703
7303,4,tma1_A2,0.0,0.32289564268182125,1.0,0.7444453945025762
7304,4,tma1_A2,0.0,0.35089093702050267,0.6298701298701299,0.8048115712456322
7305,4,tma1_B2,0.0,0.39575701590141954,0.9523809523809523,1.0
7306,4,tma1_B2,0.0,0.582750247335181,0.6785714285714286,1.0
7307,4,tma1_B2,0.0,0.40764237622806654,0.6307692307692307,1.0
7308,4,tma1_B2,0.0,0.6006611438472196,0.8,1.0
7309,4,tma1_B2,0.0,0.3375405605668065,0.6909090909090909,1.0
7310,4,tma1_D1,0.0,0.6951718476313918,0.9393939393939394,1.0
7311,4,tma1_D1,0.0,0.30179988018529347,0.8709677419354839,1.0
7312,4,tma1_D1,0.0,0.42245242813454775,0.6436781609195402,0.9330807721884031
7313,4,tma1_D1,0.0,0.7076303460561191,0.7586206896551724,1.0
7314,4,tma1_D1,0.0,0.0939776208612596,0.7083333333333334,1.0
7315,4,tma1_D1,0.0,0.35298358693622167,0.9565217391304348,1.0
7316,4,tma1_D1,0.0,0.6970437027014303,0.9285714285714286,1.0
7317,4,tma1_D1,0.0,0.40310915551441384,0.8333333333333334,0.8122557952731302
7318,4,tma1_D1,0.0,0.018226647282696073,0.7346938775510204,0.7588680654904935
7319,4,tma1_D1,0.0,0.43496830434117784,0.6172839506172839,1.0
7320,4,tma1_D1,0.0,0.6938552765788366,1.0,0.9330500518811614
7321,4,tma1_D1,0.0,0.10516840009207318,0.9090909090909091,0.7053165398471858
7322,4,tma1_D1,0.0,0.4556759426986614,1.0,1.0
7323,4,tma1_D1,0.0,0.4847320801795888,0.68,1.0
7324,4,tma1_D1,0.0,0.47404120975285924,0.75,0.7961736758727225
7325,4,tma1_D1,0.0,0.3842117483299994,0.6829268292682927,0.8063063651387146
7326,4,tma1_D1,0.0,0.3154272365005715,0.8769230769230769,0.7791902740251998
7327,4,tma1_D1,0.0,0.4619457799123923,0.9428571428571428,1.0
7328,4,tma1_D1,0.0,0.6995139250630753,0.8,0.8193914728005001
7329,4,tma1_D1,0.0,0.5758744852313059,0.47580645161290325,1.0
7330,4,tma1_D1,0.0,0.5958690728052712,0.9444444444444444,1.0
7331,4,tma1_D1,0.0,0.45190569146619786,0.6326530612244898,0.7758346767605903
7332,4,tma1_D1,0.0,0.5764713042644356,0.7368421052631579,1.0
7333,4,tma1_D1,0.0,0.6086664739234852,0.625,1.0
7334,4,tma1_D1,0.0,0.3532428598481905,0.9642857142857143,0.9171605706301176
7335,4,tma1_D1,0.0,0.46478882248159925,0.8113207547169812,0.8649582004151053
7336,4,tma1_D1,0.0,0.32157522959617313,0.896551724137931,0.8557608091140845
7337,4,tma1_D1,0.0,0.6705177801103244,0.84,1.0
7338,4,tma1_D1,0.0,0.6912449154428638,0.5319148936170213,1.0
7339,4,tma1_D1,0.0,0.5137623444363768,0.59375,0.9483125393372713
7340,4,tma1_D1,0.0,0.478806069544613,1.0,1.0
7341,4,tma1_F1,0.0,0.757979551182812,0.7823834196891192,1.0
7342,4,tma1_F1,0.0,0.3842635856936213,1.0,1.0
7343,4,tma1_F1,0.0,0.29251834602714466,1.0,1.0
7344,4,tma1_F1,0.0,0.5412075237393725,0.8615384615384616,1.0
7345,4,tma1_F1,0.0,0.4525018509479589,0.7631578947368421,0.900391861903342
7346,4,tma1_F1,0.0,0.22916031329512498,0.6296296296296297,0.8623211455821177
7347,4,tma1_F1,0.0,0.39057672627084683,0.5630630630630631,0.7697495030852294
7348,4,tma1_F1,0.0,0.34790205780112304,0.5546719681908548,0.9218289872264152
7349,4,tma1_F1,0.0,0.16108517114360033,0.9411764705882353,0.7885827131504045
7350,4,tma1_F1,0.0,0.4164516392496488,0.8717948717948718,0.823889464666659
7351,4,tma1_F1,0.0,0.25975232242589597,0.7142857142857143,0.8207228744618189
7352,4,tma1_F1,0.0,0.19136472635967405,0.6341463414634146,0.8411365391430422
7353,4,tma1_F1,0.0,0.5645896615733905,0.7272727272727273,0.7833862260562588
7354,4,tma1_F1,0.0,0.6430940666656422,0.9285714285714286,1.0
7355,4,tma1_F1,0.0,0.6374600729909184,0.9420289855072463,1.0
7356,4,tma1_F1,0.0,0.35734041285360807,1.0,1.0
7357,4,tma1_F1,0.0,0.511983150914858,1.0,1.0
7358,4,tma1_F1,0.0,0.25553290062455836,0.762962962962963,0.8860932397298407
7359,4,tma1_F1,0.0,0.6804624182004388,1.0,1.0
7360,4,tma1_F1,0.0,0.40557808179249444,0.8275862068965517,0.7732310834593962
7361,4,tma1_F1,0.0,0.3678321518489538,0.7086092715231788,1.0
7362,4,tma1_F1,0.0,0.4842677393235908,0.5833333333333334,1.0
7363,4,tma1_F1,0.0,0.7915014440813966,1.0,1.0
7364,4,tma1_F1,0.0,0.5632176685817596,0.8,1.0
7365,4,tma1_F1,0.0,0.4720001179527793,1.0,0.8124805736576375
7366,4,tma1_F1,0.0,0.2774367211674993,1.0,0.7029472093440577
7367,4,tma1_F1,0.0,0.049476597037199976,0.5569620253164557,0.6301871551514552
7368,4,tma1_F1,0.0,0.6088351373579425,0.7916666666666666,1.0
7369,4,tma1_F1,0.0,0.5229950971491979,0.8947368421052632,0.8362300688314745
7370,4,tma1_F1,0.0,0.10657992694233576,1.0,1.0
7371,4,tma1_F1,0.0,0.34778026402454054,0.8076923076923077,1.0
7372,4,tma1_F1,0.0,0.49649801943940175,0.9629629629629629,1.0
7373,4,tma1_F1,0.0,0.6800005279949421,0.6029411764705882,1.0
7374,4,tma1_F1,0.0,0.2016421311767308,0.8064516129032258,1.0
7375,4,tma1_F1,0.0,0.4386344675449635,0.746031746031746,0.7884910205907241
7376,4,tma1_F1,0.0,0.43212177814282793,0.5606060606060606,1.0
7377,4,tma1_F1,0.0,0.2505444502908031,0.8636363636363636,0.860956729899077
7378,4,tma1_F1,0.0,0.5551909901045327,0.7647058823529411,0.7875716176982072
7379,4,tma1_F1,0.0,0.2860284844065982,0.651685393258427,1.0
7380,4,tma1_F1,0.0,0.7085999219359819,0.90625,1.0
7381,4,tma1_E1,0.0,0.060762815418412996,0.8918918918918919,0.8766097173383945
7382,4,tma1_E1,0.0,0.3481195505323713,0.7678571428571429,0.8496279936897538
7383,4,tma1_E1,0.0,0.5586195311016302,0.5777777777777777,0.822612786344773
7384,4,tma1_E1,0.0,0.34641117510081965,0.7555555555555555,0.8890988116698831
7385,4,tma1_E1,0.0,0.5557941523105909,0.9444444444444444,1.0
7386,4,tma1_E1,0.08992240432667842,0.20319074373900325,0.75,0.7677366977596938
7387,4,tma1_E1,0.0,0.4647967633512009,0.6724137931034483,0.7040500901832747
7388,4,tma1_E1,0.0,0.5584581597530351,0.8,0.8114273118759026
7389,4,tma1_E1,0.0,0.4864808014248474,0.8285714285714286,1.0
7390,4,tma1_E1,0.0,0.3002471242947633,0.7435897435897436,1.0
7391,4,tma1_E1,0.0,0.6030140700898052,0.8421052631578947,1.0
7392,4,tma1_E1,0.0,0.5554661644649058,1.0,0.8407361667941132
7393,4,tma1_E1,0.0,0.4227653872803677,0.92,0.8646881961468116
7394,4,tma1_E1,0.03749491683105077,0.18708688769912651,1.0,0.7118531534254693
7395,4,tma1_E1,0.0,0.08017187046267338,0.9166666666666666,1.0
7396,4,tma1_E1,0.0,0.11818430883133113,0.6304347826086957,0.6929823415014491
7397,4,tma1_E1,0.0,0.4758865053673019,0.7142857142857143,0.7821776903784601
7398,4,tma1_E1,0.0,0.6583653798441024,0.7777777777777778,1.0
7399,4,tma1_E1,0.01758470951664537,0.12488072372305214,0.75,0.6914922806143742
7400,4,tma1_E1,0.0,0.03742770640160187,0.7906976744186046,0.9293333930000626
7401,4,tma1_E1,0.0,0.5662042850412063,0.8444444444444444,0.8746201092559142
7402,4,tma1_E1,0.0,0.24237344169016517,0.9487179487179487,0.7894831535038018
7403,4,tma1_E1,0.0,0.45883605259385973,0.696969696969697,1.0
7404,4,tma1_E1,0.0,0.5938483856132013,0.5547945205479452,0.8306976047515436
7405,4,tma1_D1,0.0,0.0508707571699093,0.8888888888888888,0.5792307980236346
7406,4,tma1_F1,0.06932522338533675,0.052219739816523614,0.8695652173913043,0.7343811421041307
7407,4,tma1_F1,0.0,0.4838063557546698,0.691304347826087,1.0
7408,4,tma1_E1,0.0,0.7343662251110032,0.6410256410256411,1.0
7409,4,tma1_E1,0.0,0.1213617308401117,0.9014084507042254,1.0
7410,4,tma1_E1,0.0,0.6163802539265477,0.7464788732394366,1.0
7411,4,tma1_E1,0.0,0.04668382050728781,0.57,0.807155317646046
7412,4,tma1_E1,0.0,0.15187435135319305,0.8888888888888888,0.7118761284957814
7413,4,tma1_F1,0.0,0.5326632666610929,1.0,1.0
7414,4,tma1_E1,0.0,0.32557776039277275,0.8,0.7426193617688381
7415,4,tma1_F1,0.0,0.3713876044131448,0.9047619047619048,1.0
7416,4,tma1_E1,0.0,0.41793039537101684,0.9370629370629371,0.7496908598228736
7417,4,tma1_E1,0.0,0.29678058393332407,0.875,0.7046510751349797
7418,4,tma1_E1,0.0,0.43168920022576374,0.8846153846153846,0.9142523138194336
7419,4,tma1_F1,0.0,0.5615723501330445,0.84,1.0
7420,4,tma1_F1,0.0,0.5238230774494885,0.8125,1.0
7421,4,tma1_F1,0.0,0.460138209958168,0.9565217391304348,1.0
7422,4,tma1_E1,0.0,0.18681620336245885,0.672645739910314,0.9328177395131276
7423,4,tma1_E1,0.0,0.36269831975472655,1.0,1.0
7424,4,tma1_E1,0.0,0.7433593438349781,0.6,1.0
7425,4,tma1_E1,0.0,0.28558181895544676,0.8571428571428571,0.9063171872842424
7426,4,tma1_E1,0.0,0.40838606053784043,0.9130434782608695,1.0
7427,4,tma1_E1,0.0,0.5063100970987597,1.0,1.0
7428,4,tma1_E1,0.0,0.37354388944409955,0.8,1.0
7429,4,tma1_E1,0.0,0.4004077628701245,1.0,1.0
7430,4,tma1_E1,0.0,0.3458747093534522,0.8490566037735849,1.0
7431,4,tma1_E1,0.0,0.6325841520053335,0.9444444444444444,1.0
7432,4,tma1_E1,0.0,0.5907089809612511,0.676923076923077,1.0
7433,4,tma1_E1,0.0,0.5359237018881916,0.8888888888888888,1.0
7434,4,tma1_B2,0.0,0.33391141831180404,1.0,0.878337521662502
7435,4,tma1_C2,0.0,0.5906556079754981,1.0,1.0
7436,4,tma1_C2,0.0,0.3484650362422914,0.95,0.7422476009199745
7437,4,tma1_D2,0.0,0.5801442162060202,0.8222222222222222,1.0
7438,4,tma1_D2,0.0,0.42267231492885493,1.0,1.0
7439,4,tma1_C2,0.0,0.5328945111187333,0.75,1.0
7440,4,tma1_C2,0.0,0.480937947370921,0.6615384615384615,0.9297166681071694
7441,4,tma1_C2,0.0,0.3675503800161788,1.0,0.7689260955496632
7442,4,tma1_D2,0.0,0.4009398998111815,1.0,0.8492980737510464
7443,4,tma1_D2,0.0,0.11596454016849544,0.7,0.7093687364886805
7444,4,tma1_D2,0.0,0.5501541021530437,1.0,1.0
7445,4,tma1_D2,0.0,0.2598693639948567,0.7272727272727273,0.7265030188021129
7446,4,tma1_C2,0.0,0.41107158714571546,0.8214285714285714,1.0
7447,4,tma1_C2,0.0,0.5780247061456758,0.7407407407407407,1.0
7448,4,tma1_C2,0.0,0.05898157107203206,0.782608695652174,0.6913596228153326
7449,4,tma1_C2,0.0,0.18171324690677848,0.8235294117647058,0.7368497246868652
7450,4,tma1_C2,0.0,0.4394384546478114,0.8888888888888888,0.77335764083449
7451,4,tma1_C2,0.0,0.5022248981891302,0.8095238095238095,0.7711719394775959
7452,4,tma1_D2,0.0,0.556704388875677,1.0,1.0
7453,4,tma1_D2,0.0,0.054073056995604496,0.8235294117647058,0.6830390105760558
7454,4,tma1_D2,0.0,0.5124147416064656,0.9285714285714286,1.0
7455,4,tma1_D2,0.0,0.5618275727077362,0.75,0.8551314275807678
7456,4,tma1_C2,0.0,0.3209990207382002,0.66,1.0
7457,4,tma1_B2,0.0,0.5517817605832531,0.8484848484848485,0.8932568610106094
7458,4,tma1_B2,0.0,0.41362664376131075,0.631578947368421,1.0
7459,4,tma1_B2,0.0,0.6859820277383661,0.7777777777777778,0.8807645653627322
7460,4,tma1_B2,0.0,0.4148791365231286,1.0,0.8528755273791879
7461,4,tma1_E2,0.0,0.5148933464572187,0.5784313725490197,1.0
7462,4,tma1_E2,0.0,0.5843810906859976,0.7407407407407407,1.0
7463,4,tma1_E2,0.0,0.4307023451666716,1.0,1.0
7464,4,tma1_E2,0.0,0.7120623288599066,0.88,1.0
7465,4,tma1_E2,0.0,0.4989156693159168,1.0,0.93550090495751
7466,4,tma1_E2,0.0,0.5742643505914145,0.8333333333333334,1.0
7467,4,tma1_E2,0.0,0.32580321651130195,1.0,0.686575560494097
7468,4,tma1_E2,0.0,0.16850004675099628,0.9459459459459459,1.0
7469,4,tma1_E2,0.0,0.26011454967900394,0.9473684210526315,1.0
7470,4,tma1_E2,0.0,0.42812140858639125,0.8095238095238095,0.8271259421320378
7471,4,tma1_E2,0.0,0.654971741750985,0.7671232876712328,1.0
7472,4,tma1_E2,0.0,0.4392912924848429,0.8214285714285714,1.0
7473,4,tma1_E2,0.0,0.5774936283654735,0.7777777777777778,0.9314845852913505
7474,4,tma1_E2,0.0,0.7390960396437256,0.6024096385542169,1.0
7475,4,tma1_E2,0.0,0.552019609818191,0.5909090909090909,1.0
7476,4,tma1_E2,0.0,0.6374514885092062,0.7217391304347827,1.0
7477,4,tma1_E2,0.0,0.6274477716732402,0.8695652173913043,1.0
7478,4,tma1_E2,0.0,0.11986855331262802,0.9736842105263158,1.0
7479,4,tma1_E2,0.0,0.39356136959731225,0.6435643564356436,1.0
7480,4,tma1_E2,0.0,0.39499204657902454,0.8333333333333334,1.0
7481,4,tma1_E2,0.0,0.020000961460857614,0.7391304347826086,0.693220455426918
7482,4,tma1_E2,0.0,0.5815369038705871,0.8771929824561403,1.0
7483,4,tma1_E2,0.0,0.5749809448802462,0.8461538461538461,1.0
7484,4,tma1_E2,0.0,0.6581213368531942,0.78,1.0
7485,4,tma1_E2,0.0,0.6278608088327782,0.6756756756756757,1.0
7486,4,tma1_E2,0.0,0.19689686821532382,0.6633663366336634,0.8083621176513096
7487,4,tma1_E2,0.0,0.3008634072517158,0.7692307692307693,0.8659629995398155
7488,4,tma1_E2,0.0,0.27040090670025996,1.0,0.8162248193261336
7489,4,tma1_E2,0.0,0.4183498911419328,1.0,0.8319274427784464
7490,4,tma1_E2,0.0,0.6993845714422409,0.8070175438596491,1.0
7491,4,tma1_D2,0.0,0.3174942272873179,1.0,1.0
7492,4,tma1_E2,0.0,0.10093964436937441,0.8888888888888888,0.7688435835656243
7493,4,tma1_E2,0.0,0.3793786394692358,0.7857142857142857,1.0
7494,4,tma1_E2,0.0,0.5950547170072218,0.8695652173913043,1.0
7495,5,tma3_D1,0.0,0.2167180681279175,1.0,0.7294613857873347
7496,5,tma3_D1,0.0,0.49415469303060955,0.8421052631578947,0.7764603178956758
7497,5,tma3_D1,0.0,0.5223549796383087,0.8666666666666667,0.8839455577202747
7498,5,tma3_E1,0.0,0.5682851740371405,0.6491228070175439,1.0
7499,5,tma3_D1,0.0,0.4370007222717721,0.8918918918918919,0.7499745498662005
7500,5,tma3_C1,0.0,0.09542282998349816,0.5100806451612904,0.7560439837690994
7501,5,tma3_C1,0.0,0.5114137872359981,0.5523809523809524,1.0
7502,5,tma3_D1,0.0,0.12077432972280733,0.5192307692307693,0.9085661818864577
7503,5,tma3_D1,0.0,0.3579121162474528,1.0,1.0
7504,5,tma3_E1,0.0,0.21933038088041446,0.9473684210526315,0.8502510471709085
7505,5,tma3_E1,0.0,0.3142474363226905,1.0,0.8397143821334689
7506,5,tma3_E1,0.0,0.5888024750085605,0.875,1.0
7507,5,tma3_E1,0.0,0.3642274287581313,0.5555555555555556,0.8542500643262109
7508,5,tma3_E1,0.0,0.16740647382318274,1.0,0.8658433719238828
7509,5,tma3_D2,0.0,0.3229336341841126,0.35039370078740156,1.0
7510,5,tma3_C2,0.0,0.27226098008072275,0.6746987951807228,1.0
7511,5,tma3_C2,0.0,0.31976847393868435,0.8461538461538461,0.8531923982836175
7512,5,tma3_C2,0.0,0.6273959681410292,1.0,1.0
7513,5,tma3_C2,0.0,0.3592378025948896,0.5167785234899329,1.0
7514,5,tma3_C2,0.0,0.5149751707929865,0.6938775510204082,1.0
7515,5,tma3_C2,0.0,0.3412255316302939,0.5769230769230769,0.8189468352325182
7516,5,tma3_C2,0.0,0.04398840377673774,0.7142857142857143,0.8038250913445913
7517,5,tma3_C2,0.0,0.40015413744160466,0.7631578947368421,0.8888739258299633
7518,5,tma3_D2,0.0,0.6544522048791354,0.7692307692307693,1.0
7519,5,tma3_E2,0.0,0.23601265715088537,0.5833333333333334,0.9437434577808457
7520,5,tma3_E2,0.0,0.7108160306373574,0.8064516129032258,1.0
7521,5,tma3_E2,0.0,0.3134498183329929,0.6666666666666666,1.0
7522,5,tma3_E2,0.0,0.6979872111058588,0.7931034482758621,1.0
7523,5,tma3_D2,0.0,0.12404784716581385,0.5630252100840336,1.0
7524,5,tma3_D2,0.0,0.5644708849709776,0.7941176470588235,1.0
7525,5,tma3_D2,0.0,0.5321600479040499,0.39215686274509803,1.0
7526,5,tma3_D2,0.0,0.5422922205267697,0.3709677419354839,1.0
7527,5,tma3_E2,0.0,0.6628629047095317,0.9333333333333333,1.0
7528,5,tma3_E2,0.0,0.42838783151659743,0.7931034482758621,0.7847635349202053
7529,5,tma3_E2,0.0,0.4169795891615682,0.49238578680203043,0.926542757795029
7530,5,tma3_E2,0.0,0.3428468709844994,0.8148148148148148,0.9265814547622884
7531,5,tma3_E2,0.0,0.7306460768352704,0.7352941176470589,1.0
7532,5,tma3_E1,0.0,0.7203998917863106,0.6575342465753424,1.0
7533,5,tma3_E1,0.0,0.46013969940399124,0.9523809523809523,1.0
7534,5,tma3_E1,0.0,0.42151618277278957,0.8888888888888888,1.0
7535,5,tma3_E1,0.0,0.12519826713396387,1.0,0.9268736060010214
7536,5,tma3_E1,0.0,0.3419496231776775,0.6571428571428571,0.8679872647723381
7537,5,tma3_E1,0.0,0.5302387510860698,0.7666666666666667,0.8280500253318552
7538,5,tma3_E1,0.0,0.5439739543018384,0.9655172413793104,1.0
7539,5,tma3_E1,0.0,0.664451911205696,0.813953488372093,1.0
7540,5,tma3_E1,0.0,0.5626698558141858,0.7868852459016393,1.0
7541,5,tma3_E1,0.0,0.40124153188652123,1.0,1.0
7542,5,tma3_E1,0.0,0.40954269705595137,1.0,1.0
7543,5,tma3_E1,0.0,0.5152259393601799,0.7619047619047619,0.9160006458117079
7544,5,tma3_E1,0.0,0.4231193425609865,1.0,1.0
7545,5,tma3_E1,0.0,0.18604929953431903,1.0,0.9363322898943317
7546,5,tma3_E1,0.0,0.6560457253760412,0.6571428571428571,1.0
7547,5,tma3_E1,0.0,0.20284428437755864,0.5733333333333334,0.7287766229274905
7548,5,tma3_E1,0.0,0.07841044663890584,0.8636363636363636,0.7755836518127059
7549,5,tma3_E1,0.0,0.12177050558546676,0.9705882352941176,0.8073191587224642
7550,5,tma3_E1,0.0,0.3845322064090333,0.49846153846153846,0.7718779699807073
7551,5,tma3_E1,0.0,0.7334945030260657,0.5507246376811594,1.0
7552,5,tma3_E1,0.0,0.5515685751735286,0.6056910569105691,1.0
7553,5,tma3_E1,0.0,0.41333944269633616,0.9523809523809523,0.8453167067165706
7554,5,tma3_E1,0.0,0.3864164927539,1.0,0.9143125433630248
7555,5,tma3_E1,0.0,0.7033597284633887,0.68,1.0
7556,5,tma3_E1,0.0,0.6212598681479162,1.0,1.0
7557,5,tma3_E1,0.0,0.4944524248388943,0.8,1.0
7558,5,tma3_D1,0.0,0.5671821617045101,0.6964285714285714,1.0
7559,5,tma3_D1,0.05740044912877296,0.1056271457363398,1.0,0.6768169493453612
7560,5,tma3_D1,0.0,0.5196421644712087,0.8095238095238095,1.0
7561,5,tma3_D1,0.0,0.6094813069786877,0.9375,1.0
7562,5,tma3_E1,0.0,0.33780903837473286,0.5306122448979592,0.77480904345568
7563,5,tma3_F2,0.0,0.0625275717218502,0.8,0.8390051283247715
7564,5,tma3_F2,0.0,0.6472761399683413,0.59375,0.8859204843068106
7565,5,tma3_F2,0.0,0.47698057664826155,0.5021097046413502,0.8778696961333835
7566,5,tma3_F2,0.0,0.7238829173728345,0.8313253012048193,1.0
7567,5,tma3_F2,0.0,0.43187090146299245,0.5497382198952879,0.8049482362171532
7568,5,tma3_F2,0.0,0.1411202799745741,0.6780487804878049,0.7711896589785787
7569,5,tma3_F2,0.0,0.09530752664116637,0.9285714285714286,0.8261329676269127
7570,5,tma3_F2,0.0,0.5426898102361822,0.8846153846153846,1.0
7571,5,tma3_F2,0.0,0.3895169882686145,0.7409638554216867,1.0
7572,5,tma3_F2,0.0,0.44154480465627666,0.538860103626943,0.7329327571116656
7573,5,tma3_F2,0.0,0.3422347598665334,0.6230366492146597,0.8461411513508901
7574,5,tma3_F1,0.0,0.6840385672257718,0.6521739130434783,1.0
7575,5,tma3_F1,0.0,0.35919790090554393,0.48484848484848486,1.0
7576,5,tma3_F1,0.0,0.408811723134077,0.75,0.7833151270686516
7577,5,tma3_F1,0.0,0.4210635945492863,0.7804878048780488,1.0
7578,5,tma3_F1,0.0,0.14001093022692468,0.72,0.8232004190218828
7579,5,tma3_F1,0.0,0.3858635904508668,0.9285714285714286,0.6580246961466302
7580,5,tma3_F1,0.0,0.4746465525123825,0.9130434782608695,0.9373861102019444
7581,5,tma3_F2,0.0,0.3065810466776424,0.7785234899328859,1.0
7582,5,tma3_F1,0.0,0.20889815240858067,0.4265402843601896,0.7647621914183219
7583,5,tma3_F1,0.0,0.06106990582254235,0.8292682926829268,0.8181935166574397
7584,5,tma3_F1,0.0,0.4201724880489581,0.72,1.0
7585,5,tma3_F1,0.0,0.28086461980898003,0.8,1.0
7586,5,tma3_E1,0.0,0.42289859106731487,0.7647058823529411,0.7404166318080598
7587,5,tma3_F2,0.0,0.49998419058011623,1.0,1.0
7588,5,tma3_F2,0.0,0.6484288957663578,0.4691358024691358,1.0
7589,5,tma3_F2,0.0,0.6228894495629582,0.7391304347826086,0.8852076728362045
7590,5,tma3_F2,0.0,0.26013919898013793,0.9047619047619048,0.7151531227895226
7591,5,tma3_E2,0.0,0.5035619529313347,0.9259259259259259,1.0
7592,5,tma3_E2,0.0,0.001795417026598356,0.6307692307692307,0.608104077572319
7593,5,tma3_E2,0.0,0.4956949183590499,0.6366782006920415,0.9409672060970379
7594,5,tma3_E2,0.0,0.725379777450481,0.7066666666666667,1.0
7595,5,tma3_E2,0.06049747316516341,0.21410854812120217,0.5185185185185185,0.7705479983106284
7596,5,tma3_E2,0.0,0.581844519798667,0.875,1.0
7597,5,tma3_E2,0.0,0.5458681988291334,0.8571428571428571,1.0
7598,5,tma3_F3,0.004040000245838504,0.08761580129597635,0.6415094339622641,0.7766501405505587
7599,5,tma3_F3,0.0,0.49219346736945846,0.9772727272727273,1.0
7600,5,tma3_E3,0.0,0.5518786376659293,0.9411764705882353,1.0
7601,5,tma3_F3,0.0,0.09095330985529215,0.6875,0.7562963938859326
7602,5,tma3_E3,0.0,0.33854878606833594,0.7532467532467533,1.0
7603,5,tma3_E3,0.0,0.3979291940994286,0.4666666666666667,0.8897033102744485
7604,5,tma3_E3,0.0,0.5014376370157052,1.0,1.0
7605,5,tma3_E3,0.0,0.5973997563958626,0.5909090909090909,1.0
7606,5,tma3_D3,0.0,0.45034831126039465,0.75,1.0
7607,5,tma3_D3,0.0,0.08390373877376656,0.8888888888888888,0.8291009368907523
7608,5,tma3_D3,0.0,0.13109307598570197,0.5625,1.0
7609,5,tma3_D3,0.0,0.4045219660000696,0.45849297573435505,1.0
7610,5,tma3_D3,0.0,0.5987132906676991,0.8461538461538461,0.8120135948730673
7611,5,tma3_D3,0.0,0.03609401416892166,0.41379310344827586,1.0
7612,5,tma3_D3,0.0,0.36680094091201154,0.46465138956606533,0.8087051645462168
7613,5,tma3_D3,0.0,0.3517170565348485,0.5028248587570622,1.0
7614,5,tma3_D3,0.03375009634514248,0.20144190047082333,0.7837837837837838,0.7509606197305534
7615,5,tma3_D3,0.0,0.38137942379668544,0.6511627906976745,0.7536738539735816
7616,5,tma3_D3,0.0,0.4340988612002069,0.9,1.0
7617,5,tma3_D3,0.0,0.12731674915079272,0.6575342465753424,0.7075582046234021
7618,5,tma3_E3,0.10669995829480294,0.21330991460030835,0.6231884057971014,0.7483301087760121
7619,5,tma3_E3,0.0,0.6591656548115103,0.44666666666666666,1.0
7620,5,tma3_E3,0.0,0.5764738928441967,0.8666666666666667,1.0
7621,5,tma3_E3,0.0,0.20048091771370946,0.8285714285714286,0.7211349113821647
7622,5,tma3_E3,0.0,0.41683931374312644,0.9411764705882353,0.8306257620411993
7623,5,tma3_E3,0.0,0.4325908095090274,0.8571428571428571,0.7458025045806019
7624,5,tma3_E3,0.0,0.5648722320063981,1.0,1.0
7625,5,tma3_F3,0.0,0.5897271719502506,0.9333333333333333,1.0
7626,5,tma3_F3,0.0,0.2871299298130493,0.8666666666666667,1.0
7627,5,tma3_E3,0.0,0.568421472698259,0.96,1.0
7628,5,tma3_E3,0.0,0.45065010778313064,0.5833333333333334,0.7720803873474136
7629,5,tma3_E3,0.0,0.5418051169463745,0.8867924528301887,1.0
7630,5,tma3_D3,0.0,0.2577704102396686,0.8709677419354839,0.7110933573952652
7631,5,tma3_D3,0.0,0.23655407361673375,0.3484848484848485,1.0
7632,5,tma3_D3,0.0,0.24484828556952887,0.6515151515151515,0.8568659411033617
7633,5,tma3_D3,0.0,0.16909898136389945,0.7619047619047619,0.7083945258298503
7634,5,tma3_C3,0.0,0.22878057005015506,0.725,0.7095153663914218
7635,5,tma3_C3,0.0,0.6482863263015706,0.5636363636363636,1.0
7636,5,tma3_C3,0.0,0.5938686928608226,0.6842105263157895,1.0
7637,5,tma3_C3,0.0,0.5316766834317819,0.7407407407407407,0.9087088624700738
7638,5,tma3_C3,0.0,0.7753326790029594,0.7058823529411765,1.0
7639,5,tma3_C3,0.0,0.21023002331085583,0.5867768595041323,0.7377146925117266
7640,5,tma3_C3,0.0,0.17875940959766046,0.8148148148148148,0.7169292943756923
7641,5,tma3_C3,0.0,0.12330979142463472,0.78,1.0
7642,5,tma3_C3,0.0,0.5337192805109316,0.33211799801126946,1.0
7643,5,tma3_C3,0.0,0.4362592774261971,0.676056338028169,1.0
7644,5,tma3_C3,0.0,0.5647994359204112,0.6129032258064516,1.0
7645,5,tma3_C3,0.0,0.11965579241692992,0.5121951219512195,0.6613215092708973
7646,5,tma3_C3,0.0,0.5742260856594632,0.6862745098039216,0.9243850744624488
7647,5,tma3_C3,0.0,0.5595194234826776,0.9130434782608695,1.0
7648,5,tma3_C3,0.0,0.43842273640635676,0.8571428571428571,1.0
7649,5,tma3_C3,0.0,0.10319143585140766,0.6436781609195402,0.859739905627471
7650,5,tma3_C3,0.0,0.3857950196983888,0.6857142857142857,1.0
7651,5,tma3_E3,0.0,0.316205579832457,0.9696969696969697,0.8525012306770193
7652,5,tma3_D3,0.0,0.47586375431095307,0.7027027027027027,0.9405810477717452
7653,5,tma3_D3,0.0,0.5766122127436157,1.0,1.0
7654,5,tma3_D3,0.0,0.4249756574607958,0.7894736842105263,0.786426779975365
7655,5,tma3_D3,0.0,0.2582665435433016,1.0,0.7443531613828807
7656,5,tma3_D3,0.0,0.49496677641544007,0.8620689655172413,0.7712875032890938
7657,5,tma3_D3,0.0,0.35447205138522353,0.6376811594202898,1.0
7658,5,tma3_D3,0.0,0.1814958209895925,0.75,0.8719753854094581
7659,5,tma3_D3,0.0,0.5331116205806816,0.6774193548387096,1.0
7660,5,tma3_D3,0.0,0.1915279160803709,0.7837837837837838,1.0
7661,5,tma3_E3,0.0,0.5612129464096758,0.7162162162162162,1.0
7662,5,tma3_F3,0.0,0.48894514863152727,0.9393939393939394,0.7601748436879956
7663,5,tma3_F3,0.0,0.7659858016920654,0.65,1.0
7664,5,tma3_F3,0.0,0.4611862066090645,0.6746031746031746,1.0
7665,5,tma3_F3,0.0,0.0013408452665586434,0.5952380952380952,0.7519395953567117
7666,5,tma3_E3,0.0,0.6810269209782179,0.5833333333333334,0.8599977914935178
7667,5,tma3_E3,0.12035386284329064,0.03821658925222804,0.8888888888888888,0.7662978098729769
7668,5,tma3_E3,0.0,0.5578784857344323,0.6716417910447762,1.0
7669,5,tma3_F3,0.0,0.6769000322944787,0.8518518518518519,1.0
7670,5,tma3_F3,0.0,0.2319545864768232,0.6165413533834586,0.6931169473385226
7671,5,tma3_F3,0.0,0.30027869082782066,0.7142857142857143,1.0
7672,5,tma3_F3,0.0,0.6191408625614101,0.6615384615384615,0.861378624299187
7673,5,tma3_F3,0.0,0.6882668288060352,0.45985401459854014,1.0
7674,5,tma3_F3,0.0,0.5074377668161866,1.0,1.0
7675,5,tma3_F3,0.0,0.18129098798243204,0.7777777777777778,0.6903505271637783
7676,5,tma3_F3,0.0,0.6928619356450458,0.8157894736842105,1.0
7677,5,tma3_D2,0.0,0.04479508885706929,0.7294117647058823,0.7890420656751291
7678,5,tma3_D2,0.0,0.5965435865269115,0.5151515151515151,0.8393839424187174
7679,5,tma3_D2,0.0,0.4282517131825446,0.7142857142857143,0.866675792016017
7680,5,tma3_D2,0.0,0.4075707468930382,0.9622641509433962,0.7466963747223828
7681,5,tma3_D2,0.0,0.563790478102733,0.825,1.0
7682,5,tma3_D2,0.0,0.5890211517582258,0.7857142857142857,1.0
7683,5,tma3_D2,0.0,0.1324456712415064,0.8571428571428571,1.0
7684,5,tma3_D2,0.0,0.34595166360909924,0.92,1.0
7685,5,tma3_D2,0.0,0.26010562680359983,0.5777777777777777,0.8224676094054959
7686,5,tma3_D2,0.0,0.35205096253273205,0.6595744680851063,0.7411883174922045
7687,5,tma3_D2,0.0,0.18062376030782457,0.532258064516129,0.8072436661607476
7688,5,tma3_D2,0.0,0.6023514745226051,0.7894736842105263,1.0
7689,5,tma3_D2,0.0,0.5350974779418822,0.734375,1.0
7690,5,tma3_D2,0.0,0.29210417326602256,0.9565217391304348,1.0
7691,5,tma3_D2,0.0,0.5348081998170182,1.0,1.0
7692,5,tma3_D2,0.0,0.31346383324684846,0.8620689655172413,0.7818315799624075
7693,5,tma3_D2,0.0,0.18285780387148332,0.44155844155844154,0.9162493964934829
7694,5,tma3_D2,0.0,0.5936335805085465,0.9032258064516129,1.0
7695,5,tma3_D2,0.0,0.45086035420026394,0.6216216216216216,0.7935754668605782
7696,5,tma3_D2,0.0,0.21574882126816008,0.7567567567567568,0.8995362119365432
7697,5,tma3_D2,0.0,0.5974209363444772,0.9375,1.0
7698,5,tma3_D2,0.0,0.4550733987872705,0.5365853658536586,0.7653615325635994
7699,5,tma3_D2,0.0,0.2669085763647272,0.75,0.7056544138872677
7700,5,tma3_D2,0.0,0.4224108274888819,0.40298507462686567,0.8496846166574168
7701,5,tma3_D2,0.0,0.22616977485331868,0.589041095890411,0.791389310196221
7702,5,tma3_D1,0.0,0.22241475517123244,0.92,0.7576192074308586
7703,5,tma3_C1,0.0,0.2740861131217387,0.5641025641025641,1.0
7704,5,tma3_C1,0.0,0.44333970795888633,0.6,0.7237781217431686
7705,5,tma3_C1,0.0,0.394166768444676,0.7333333333333333,1.0
7706,5,tma3_C1,0.0,0.5782918654924065,1.0,1.0
7707,5,tma3_C1,0.0,0.7114498232976,1.0,1.0
7708,5,tma3_C1,0.0,0.7014640850028756,0.9333333333333333,0.8599495236925578
7709,5,tma3_C1,0.0,0.48122920784582535,0.84,0.8075551640587703
7710,5,tma3_D2,0.0,0.2827021407749174,0.48333333333333334,0.9425981229521649
7711,5,tma3_A3,0.0,0.2880039138394189,0.8181818181818182,0.8474440383982157
7712,5,tma3_A3,0.0,0.5259186552215448,0.9534883720930233,1.0
7713,5,tma3_A3,0.0,0.03394530767479853,1.0,0.6889792568823057
7714,5,tma3_A3,0.0,0.24395491717886764,0.3986175115207373,0.7339805180184414
7715,5,tma3_A3,0.0,0.5678013922334937,0.8666666666666667,0.9329734298205089
7716,5,tma3_A3,0.0,0.2710316558881499,0.972972972972973,0.7798717496981435
7717,5,tma3_A3,0.0,0.473023263993828,0.8955223880597015,1.0
7718,5,tma3_A3,0.0,0.39450926536690156,0.7307692307692307,1.0
7719,5,tma3_A3,0.0,0.08525809956512465,0.9411764705882353,0.7623351822360378
7720,5,tma3_C2,0.0,0.6312428811379918,0.5802469135802469,1.0
7721,5,tma3_C2,0.0,0.5115564079308534,0.7446808510638298,0.9025819729555773
7722,5,tma3_A3,0.0,0.3845016465320442,0.9534883720930233,0.8453472013370777
7723,5,tma3_C2,0.0,0.7011736843991357,0.8,1.0
7724,5,tma3_C2,0.0,0.3727371012999955,0.5625,0.7558050972526418
7725,5,tma3_C2,0.0,0.48736719910613413,0.75,0.843762829990485
7726,5,tma3_C2,0.0,0.10061121896084357,0.49295774647887325,0.5997853482385557
7727,5,tma3_C2,0.006150550764882579,0.2992193876285558,0.9166666666666666,1.0
7728,5,tma3_C2,0.0,0.661018944521361,0.7777777777777778,1.0
7729,5,tma3_C2,0.0,0.6927316168692028,0.8157894736842105,0.8390302810868836
7730,5,tma3_C2,0.0,0.703399957363134,0.8,1.0
7731,5,tma3_C2,0.0,0.5560277490629776,0.6829268292682927,0.8417698384328667
7732,5,tma3_C3,0.0,0.6075393662543496,0.6842105263157895,0.8218852894337907
7733,5,tma3_C3,0.0,0.533073550553822,1.0,0.9177729976143041
7734,5,tma3_C3,0.0,0.23769869174874525,0.8888888888888888,0.7194340288800924
7735,5,tma3_C3,0.0,0.295003718363694,0.8275862068965517,0.7962449170024571
7736,5,tma3_C2,0.0,0.6683207109176764,0.6666666666666666,1.0
7737,5,tma3_C2,0.0,0.4586097004482198,0.7878787878787878,0.863140967465227
7738,5,tma3_C2,0.0,0.8186680711614632,0.6833333333333333,0.9355920907197159
7739,5,tma3_C2,0.0,0.4989547376199217,0.8181818181818182,0.8043666096731661
7740,5,tma3_C2,0.0,0.3882831032848474,0.631578947368421,1.0
7741,5,tma3_C2,0.0,0.10673823239741465,0.6666666666666666,0.7145448681675678
7742,5,tma3_C1,0.0,0.5992762839518804,0.8079470198675497,1.0
7743,5,tma3_C2,0.0,0.3942651887482316,0.8461538461538461,0.8106976161869307
7744,5,tma3_C2,0.0,0.8008013359096142,0.9411764705882353,1.0
7745,5,tma3_C2,0.0,0.41001075406693754,0.6610169491525424,0.7920266042931755
7746,5,tma3_E2,0.0,0.6683227654261252,1.0,1.0
7747,5,tma3_E2,0.0,0.5845156462894211,0.9777777777777777,1.0
7748,5,tma3_D2,0.0,0.5962280821712971,0.75,1.0
7749,5,tma3_D2,0.0,0.6521489966164071,0.7222222222222222,1.0
7750,5,tma3_E1,0.0,0.5667040368253771,0.6,0.8406138285397883
7751,5,tma3_C2,0.020930017638663423,0.20089410161800525,0.7058823529411765,0.7186485455742776
7752,5,tma3_C2,0.0,0.5883747516798971,0.8636363636363636,1.0
7753,5,tma3_C2,0.0,0.5949975355400716,0.8076923076923077,1.0
7754,5,tma3_D2,0.0,0.6627970452402102,0.9629629629629629,1.0
7755,5,tma3_D2,0.09747879993682473,0.07944697153076896,0.7777777777777778,0.7698134258677515
7756,5,tma3_D2,0.0,0.46217206165244096,1.0,1.0
7757,5,tma3_D2,0.0,0.5874129783315893,0.875,0.8178496221490689
7758,5,tma3_D3,0.0,0.09808919457449539,0.64,0.7632386757494092
7759,5,tma3_D3,0.0,0.49234888736471805,0.5538461538461539,0.8681333577850242
7760,5,tma3_D3,0.0,0.06517076657003062,0.7352941176470589,0.7784535108631888
7761,5,tma3_D3,0.0,0.46105140554486446,0.6896551724137931,0.9234558748082865
7762,5,tma3_D3,0.0,0.7346589122730436,0.9487179487179487,1.0
7763,5,tma3_E3,0.0,0.5638076498155298,0.6944444444444444,0.9208194671211585
7764,5,tma2_D1,0.0,0.26950414965193825,0.6891891891891891,0.7128421170864844
7765,5,tma2_D1,0.0,0.318455858004584,0.6825396825396826,1.0
7766,5,tma2_D1,0.0,0.1799677245069219,0.6018099547511312,0.687996045945366
7767,5,tma2_D1,0.0,0.06760102676798108,0.5637254901960784,1.0
7768,5,tma2_D1,0.0,0.6956610455940448,0.43516209476309226,1.0
7769,5,tma2_D1,0.0,0.5923438961635643,0.875,0.7921385333952243
7770,5,tma2_D1,0.0,0.4551434176588499,0.9375,1.0
7771,5,tma2_D1,0.0,0.44248886850834135,0.7083333333333334,0.758244416482018
7772,5,tma2_F1,0.0,0.7333939384786137,0.8333333333333334,1.0
7773,5,tma2_E1,0.0,0.5436942906484429,0.8571428571428571,1.0
7774,5,tma2_E1,0.0,0.6309346131827069,0.675,1.0
7775,5,tma2_E1,0.0,0.5216062666543322,0.9333333333333333,1.0
7776,5,tma2_E1,0.0,0.5706853191868557,0.6087570621468926,1.0
7777,5,tma2_E1,0.0,0.6744433957732257,0.8333333333333334,1.0
7778,5,tma2_D1,0.0,0.7071433793750945,1.0,1.0
7779,5,tma2_D1,0.0,0.6088112757307405,0.6666666666666666,1.0
7780,5,tma2_D1,0.0,0.5894245637614043,0.7608695652173914,1.0
7781,5,tma2_D1,0.0,0.47113815149699767,0.7894736842105263,0.9205933799618785
7782,5,tma2_D1,0.0,0.746536833001713,0.96,1.0
7783,5,tma2_D1,0.0,0.64447600489033,0.6333333333333333,1.0
7784,5,tma2_D1,0.0,0.42756671097189825,0.6533333333333333,1.0
7785,5,tma2_E1,0.0,0.3842362203339551,1.0,0.6557481457292806
7786,5,tma2_E1,0.0,0.4947163120703665,0.8235294117647058,1.0
7787,5,tma2_D1,0.0,0.6613602791761433,0.84375,0.852984570176652
7788,5,tma2_D1,0.0,0.6485124601063581,0.8571428571428571,1.0
7789,5,tma2_B2,0.0,0.300897236755456,0.6617647058823529,1.0
7790,5,tma2_B2,0.0,0.8965354212363744,0.9,1.0
7791,5,tma2_B2,0.0,0.7289347552542318,0.9285714285714286,1.0
7792,5,tma2_B2,0.0,0.6221643019487091,0.8214285714285714,1.0
7793,5,tma2_B2,0.0,0.5076955798003531,0.3942307692307692,0.8417647138907037
7794,5,tma2_B2,0.0,0.747038516137301,0.75,1.0
7795,5,tma2_B2,0.0,0.69193166885958,0.5443037974683544,1.0
7796,5,tma2_B2,0.0,0.4217664117491493,1.0,1.0
7797,5,tma2_B2,0.0,0.5672804305396268,0.7058823529411765,1.0
7798,5,tma2_B2,0.0,0.2953483271437558,0.875,0.9495039689802899
7799,5,tma2_B3,0.0,0.433011039630262,1.0,1.0
7800,5,tma2_B3,0.0,0.3614425585340737,0.5123152709359606,0.8020515506139648
7801,5,tma2_B3,0.0,0.3822036933897188,0.8,0.7772576887487067
7802,5,tma2_B3,0.0,0.4846496299735883,0.6896551724137931,0.8595561849987547
7803,5,tma2_B3,0.0,0.5393279890420655,0.8076923076923077,0.8295064947706718
7804,5,tma2_B3,0.0,0.34544650853102854,1.0,0.6299464341262095
7805,5,tma2_B3,0.0,0.22111218977503277,0.9375,0.6571750007158013
7806,5,tma2_B3,0.0,0.759016742479613,0.8888888888888888,1.0
7807,5,tma2_B3,0.0,0.41556011430554574,0.4444444444444444,1.0
7808,5,tma2_B3,0.0,0.4333418571182168,0.75,1.0
7809,5,tma2_A3,0.0,0.7877053935677852,0.7194719471947195,1.0
7810,5,tma2_B3,0.0,0.689097412108582,0.8717948717948718,1.0
7811,5,tma2_B3,0.0,0.2913008201930206,0.7096774193548387,1.0
7812,5,tma2_A3,0.0,0.5649834009625084,0.85,1.0
7813,5,tma2_A3,0.0,0.8741140325676505,0.6060606060606061,1.0
7814,5,tma2_A3,0.0,0.29901773014338917,0.95,1.0
7815,5,tma2_B2,0.03464009809617308,0.1857447992898188,0.75,0.7861363251274349
7816,5,tma2_B2,0.0,0.20417314037397183,0.8095238095238095,0.7938300150605951
7817,5,tma2_A3,0.0,0.7957826247992292,0.5813953488372093,1.0
7818,5,tma2_A3,0.0,0.21351974622908876,1.0,0.8217680499023465
7819,5,tma2_A3,0.0,0.749764672985326,0.8846153846153846,1.0
7820,5,tma2_B3,0.0,0.48246524177945405,0.8043478260869565,1.0
7821,5,tma2_B3,0.0,0.6473633538696031,0.625,1.0
7822,5,tma2_F1,0.0,0.30306015423575616,0.78125,0.7225037757745973
7823,5,tma2_F1,0.0,0.5429725121120303,0.7446808510638298,1.0
7824,5,tma2_F1,0.0,0.6035202015063283,0.8888888888888888,1.0
7825,5,tma2_F1,0.0,0.6409673967994024,0.8421052631578947,1.0
7826,5,tma2_F1,0.0,0.18614396758211804,0.8823529411764706,0.8758052962158424
7827,5,tma2_F1,0.0,0.2592427070691783,0.4027777777777778,0.8245968801644067
7828,5,tma2_F1,0.0,0.008784796848489762,0.72,1.0
7829,5,tma2_F1,0.0,0.22743864217639154,0.7325581395348837,0.8046907031377332
7830,5,tma2_F1,0.0,0.10128255177362089,0.868421052631579,0.6809363587999387
7831,5,tma2_E2,0.0,0.6119273780013024,0.6,1.0
7832,5,tma2_E2,0.0,0.23290271938833307,0.5185185185185185,1.0
7833,5,tma2_E3,0.0,0.06626231557767126,0.6343283582089553,0.8475291711103292
7834,5,tma2_E2,0.0,0.5846915448288366,0.875,1.0
7835,5,tma2_E2,0.0,0.34353521895826333,0.7777777777777778,0.7359536397128058
7836,5,tma2_E2,0.0,0.49654496275230287,0.35294117647058826,0.7837814430121246
7837,5,tma2_D3,0.0,0.5963339858220007,0.725,1.0
7838,5,tma2_D3,0.0,0.31006672375243105,0.65625,0.928403744741504
7839,5,tma2_D3,0.0,0.10291173211986582,1.0,0.6803699900807593
7840,5,tma2_D3,0.0,0.6355114996845592,0.6571428571428571,1.0
7841,5,tma2_D3,0.0,0.4791934404223931,0.8823529411764706,0.8737345731530347
7842,5,tma2_D3,0.0,0.002070733023317395,0.9473684210526315,0.7857766634332346
7843,5,tma2_D3,0.0610462562720111,0.1343336103878735,0.6774193548387096,0.753235224026019
7844,5,tma2_D3,0.0,0.55361704430213,0.7307692307692307,0.8111144161844704
7845,5,tma2_D3,0.0,0.3185718108285197,0.9,0.906500778189194
7846,5,tma2_D3,0.0,0.6250036844951101,0.6875,1.0
7847,5,tma2_D3,0.0,0.03672478305369342,0.75,0.7267762944151408
7848,5,tma2_D3,0.01263392581969025,0.2446878888657994,0.9565217391304348,0.7218439400917731
7849,5,tma2_D3,0.0,0.2925063693498765,1.0,1.0
7850,5,tma2_D3,0.0,0.22182877127108658,0.8363636363636363,0.9355584203119878
7851,5,tma2_E3,0.0,0.7377908702452878,0.6666666666666666,1.0
7852,5,tma2_E3,0.0,0.618040024435204,0.6981132075471698,1.0
7853,5,tma2_D3,0.0,0.1561605907540029,1.0,0.7641731176945536
7854,5,tma2_D3,0.0,0.5654218022859516,0.7741935483870968,0.9326350706743217
7855,5,tma2_D3,0.0,0.48815752927578504,0.8372093023255814,0.7861719106797489
7856,5,tma2_D3,0.0,0.6387460935564204,0.8421052631578947,1.0
7857,5,tma2_D3,0.0,0.5487212565046006,0.7894736842105263,0.8890805238534778
7858,5,tma2_D3,0.0,0.42973802522239546,0.8333333333333334,1.0
7859,5,tma2_E3,0.0,0.4514174886686356,1.0,0.7638237119654209
7860,5,tma2_E3,0.0,0.2923388568245887,1.0,0.73903651618843
7861,5,tma2_E3,0.0,0.46299768486463766,0.5777777777777777,1.0
7862,5,tma2_E3,0.0,0.4545649182981578,0.85,0.7672570459697119
7863,5,tma2_E3,0.0,0.4592752844825495,0.9565217391304348,0.8570602354619643
7864,5,tma2_E3,0.0,0.5065516441341131,0.6153846153846154,0.8981328349368736
7865,5,tma2_E3,0.0,0.4072064009831533,0.5227272727272727,1.0
7866,5,tma2_E3,0.0,0.4664525191068767,0.8387096774193549,0.8187116068079804
7867,5,tma2_E3,0.0,0.5853492371044445,0.72,1.0
7868,5,tma2_E3,0.0,0.27709200289796765,0.9523809523809523,1.0
7869,5,tma2_E2,0.0,0.7302993938000638,0.5490196078431373,1.0
7870,5,tma2_E2,0.0,0.4934768904499469,0.75,0.8242914652180413
7871,5,tma2_E1,0.0,0.6436360361029936,0.6759581881533101,1.0
7872,5,tma2_E1,0.0,0.3557133247845623,0.7333333333333333,0.6395765441123392
7873,5,tma2_E1,0.0,0.5534924271568813,0.8947368421052632,1.0
7874,5,tma2_E1,0.0,0.5952530177829096,1.0,0.8081244348102379
7875,5,tma2_E2,0.0,0.3787744193078634,0.72,1.0
7876,5,tma2_E1,0.0,0.7190796628073461,0.42788461538461536,1.0
7877,5,tma2_E1,0.0,0.6320504921742452,0.7053571428571429,1.0
7878,5,tma2_E2,0.0,0.5876617631683254,0.7142857142857143,1.0
7879,5,tma2_E1,0.0,0.5782080177484952,0.7,1.0
7880,5,tma2_E1,0.0,0.3778488334984702,0.875,0.7677767868992997
7881,5,tma2_E1,0.0,0.6040866622452296,0.95,1.0
7882,5,tma2_E1,0.0,0.27606749696381905,1.0,0.7185352525708718
7883,5,tma2_E1,0.0,0.8052885225077371,1.0,1.0
7884,5,tma2_E2,0.0,0.7190081849845755,0.7391304347826086,1.0
7885,5,tma2_E2,0.0,0.15513744841630528,0.47878787878787876,0.7385948340066892
7886,5,tma2_E2,0.0,0.28214800056486855,0.9333333333333333,0.7502176292639713
7887,5,tma2_E2,0.0,0.6811230470486758,0.7,1.0
7888,5,tma2_E2,0.0,0.0024219541618797358,0.9375,0.6954185351420327
7889,5,tma2_E2,0.0,0.6283573116121826,0.8125,1.0
7890,5,tma2_E2,0.0,0.20459097534090676,1.0,1.0
7891,5,tma2_E2,0.0,0.6681898197639263,0.875,1.0
7892,5,tma2_E2,0.0,0.2704656898182254,1.0,0.921863717657669
7893,5,tma2_E2,0.0,0.6672833635318675,0.8125,1.0
7894,5,tma2_E2,0.0,0.6259035341962544,0.9444444444444444,1.0
7895,5,tma2_E2,0.0,0.4820718580905371,0.7164179104477612,1.0
7896,5,tma2_E2,0.0,0.6773476635920277,0.6363636363636364,1.0
7897,5,tma2_E2,0.0,0.5616807667605266,0.5111111111111111,0.8903672418496064
7898,5,tma2_F1,0.0,0.14928906407991072,0.75,0.803598516662075
7899,5,tma2_F3,0.0,0.6104206771141818,1.0,1.0
7900,5,tma2_F3,0.0,0.797026937763727,1.0,1.0
7901,5,tma2_F3,0.0,0.5572907779053782,0.42424242424242425,0.8545990089360485
7902,5,tma2_F3,0.0,0.7058628667233626,0.6259259259259259,0.9477969354126828
7903,5,tma2_F3,0.0,0.8453333427496662,0.9629629629629629,1.0
7904,5,tma2_F3,0.0,0.7798294581176521,1.0,1.0
7905,5,tma2_F3,0.0,0.011889133087975456,0.82,0.8905968667077306
7906,5,tma2_F3,0.0,0.6578626534986389,0.48484848484848486,1.0
7907,5,tma2_F3,0.0,0.30211042146629086,0.7666666666666667,0.7769968087490603
7908,5,tma2_F3,0.05575882656211417,0.16263622878699913,0.9473684210526315,0.7468952915086241
7909,5,tma2_F3,0.0,0.24267447131981446,1.0,0.7548728913101779
7910,5,tma2_F3,0.0,0.6564986262293808,1.0,1.0
7911,5,tma2_F3,0.0,0.7093707769470633,0.7,1.0
7912,5,tma2_F1,0.0,0.743016165130217,0.85,1.0
7913,5,tma2_D1,0.0,0.18793861378742682,0.42857142857142855,0.7609189877319416
7914,5,tma2_F3,0.0,0.29382002623516357,0.78125,1.0
7915,5,tma4_C1,0.010362681650627037,0.10160504802060377,0.6206896551724138,0.7094490581085919
7916,5,tma4_C1,0.0,0.5542487946083826,0.9166666666666666,0.8446272252159779
7917,5,tma4_C1,0.0,0.6093534379297074,0.5652173913043478,0.8831707579530189
7918,5,tma4_C1,0.0,0.6495008083791807,0.6595744680851063,1.0
7919,5,tma4_C1,0.0,0.4844859588951069,0.975,0.8390251283878012
7920,5,tma4_C1,0.0,0.3193746749738464,0.7391304347826086,0.9432325098622937
7921,5,tma4_C1,0.0,0.6184573204592503,0.7301587301587301,1.0
7922,5,tma4_C1,0.0,0.5807924276907237,0.5714285714285714,0.8310949942987995
7923,5,tma4_C1,0.0,0.20495508820698993,0.725,0.7634648582792105
7924,5,tma4_C1,0.0,0.48617543199264623,0.835820895522388,1.0
7925,5,tma4_C1,0.025418764242383207,0.1350680748764832,0.825,0.6936525496477692
7926,5,tma4_C1,0.0,0.7637226863632227,0.9090909090909091,1.0
7927,5,tma4_C1,0.0,0.574696731189523,0.9333333333333333,1.0
7928,5,tma4_C1,0.01420203874203263,0.160847759295627,0.5444444444444444,0.8712738085168706
7929,5,tma4_C1,0.0,0.5474371369493736,1.0,0.9303992264410844
7930,5,tma4_C1,0.0,0.4291576638340163,0.9375,0.947130559835811
7931,5,tma4_C1,0.0,0.39124311862158034,0.55,1.0
7932,5,tma4_C1,0.0,0.6146739379538233,0.5517241379310345,1.0
7933,5,tma4_C1,0.0,0.5394903100201683,0.8035714285714286,1.0
7934,5,tma4_C1,0.0,0.5612368232248357,0.5394736842105263,0.834839060596118
7935,5,tma4_C1,0.0,0.5167026324370698,0.7916666666666666,1.0
7936,5,tma4_C1,0.0,0.19375552369302873,0.9696969696969697,0.7940131704783154
7937,5,tma4_C1,0.0,0.41240448470097835,0.7049180327868853,1.0
7938,5,tma4_C1,0.0,0.5403753029366484,0.33527696793002915,1.0
7939,5,tma4_C1,0.028012120317429057,0.20264504166698483,0.7272727272727273,1.0
7940,5,tma4_C1,0.0,0.41851122419418607,0.7631578947368421,1.0
7941,5,tma4_C1,0.0,0.6709671453507624,0.7692307692307693,0.8749523999150195
7942,5,tma4_C1,0.0,0.28778732328144696,0.7083333333333334,0.8463707679592489
7943,5,tma4_C1,0.0,0.4330320699887673,0.7777777777777778,0.8166541205568731
7944,5,tma4_C1,0.0,0.5471554732689509,0.6349206349206349,1.0
7945,5,tma4_C1,0.0,0.09596137924504766,0.5925925925925926,0.7553324718538796
7946,5,tma4_C1,0.0,0.17030466060330518,0.8297872340425532,1.0
7947,5,tma4_C1,0.0,0.06756096458159366,0.8235294117647058,0.8425978449814343
7948,5,tma4_C1,0.0,0.5821091228080089,0.8421052631578947,1.0
7949,5,tma4_C1,0.0,0.4678681402261424,0.9411764705882353,0.8605120213208634
7950,5,tma4_C1,0.0,0.44052810613564697,0.5641025641025641,0.7826479149226803
7951,5,tma4_C1,0.0,0.6095289429279164,0.5396825396825397,1.0
7952,5,tma4_C1,0.0,0.4431242402877177,0.2935323383084577,1.0
7953,5,tma4_A3,0.0,0.27832487733359546,1.0,1.0
7954,5,tma4_B3,0.029023036889168408,0.16523260784463734,0.6363636363636364,0.7552106323013161
7955,5,tma4_B3,0.0,0.5757813544046237,0.9130434782608695,1.0
7956,5,tma4_B3,0.0,0.3512588383028732,0.6323529411764706,0.8060233002151038
7957,5,tma4_B3,0.0,0.4807984283832527,0.7692307692307693,1.0
7958,5,tma4_B3,0.0,0.4351565273845378,0.9047619047619048,0.8448819989138528
7959,5,tma4_B3,0.0,0.4329569950983001,1.0,1.0
7960,5,tma4_A3,0.0,0.3570246712398537,0.7659574468085106,1.0
7961,5,tma4_A3,0.0,0.30082331291195885,0.8484848484848485,0.7333413920704925
7962,5,tma4_A3,0.0,0.6993021741017371,0.8571428571428571,1.0
7963,5,tma4_A3,0.0,0.6710883303334039,0.6666666666666666,1.0
7964,5,tma4_A3,0.0,0.8034055728225755,0.8666666666666667,1.0
7965,5,tma4_A3,0.0,0.5733674324847929,1.0,1.0
7966,5,tma4_A3,0.0,0.13508052756049027,0.7661290322580645,0.7560082169169461
7967,5,tma4_A3,0.0,0.6016500086431196,0.9615384615384616,1.0
7968,5,tma4_B3,0.0,0.4811864449826352,0.9285714285714286,0.8414545714496533
7969,5,tma4_B3,0.0,0.6408753089219793,0.7333333333333333,1.0
7970,5,tma4_B3,0.0,0.39218652381304453,0.6585365853658537,1.0
7971,5,tma4_B3,0.0,0.6209805706791419,0.9565217391304348,0.8781302704939481
7972,5,tma4_B3,0.0,0.5414622030476444,0.7441860465116279,0.7824687036629878
7973,5,tma4_C2,0.0,0.06570789569874547,1.0,0.7403301415648201
7974,5,tma4_C2,0.0,0.2734634328471456,0.625,0.8243933725112677
7975,5,tma4_C2,0.0,0.5947042526148616,0.7169811320754716,1.0
7976,5,tma4_C2,0.0,0.31211703455343487,0.65,0.9108293324624437
7977,5,tma4_C2,0.0,0.4718131301560473,0.9615384615384616,0.8062820596548321
7978,5,tma4_C2,0.0,0.6324084124875806,0.76,1.0
7979,5,tma4_C2,0.0,0.18267506577287473,0.6,0.7284997397887482
7980,5,tma4_C1,0.0,0.8137835232787521,0.6774193548387096,1.0
7981,5,tma4_C2,0.0,0.1412481698440654,0.7714285714285715,0.8139852300322908
7982,5,tma4_C2,0.0,0.21243088417929978,0.5416666666666666,0.7708475550689095
7983,5,tma4_C2,0.0,0.6579796840371637,0.7894736842105263,0.9022465273575115
7984,5,tma4_B3,0.0,0.5747073948064496,0.5714285714285714,1.0
7985,5,tma4_B3,0.0,0.662238845325023,0.5094339622641509,1.0
7986,5,tma4_C2,0.0,0.3907954028556012,1.0,1.0
7987,5,tma4_C2,0.0,0.6166908392574308,0.6739130434782609,1.0
7988,5,tma4_C2,0.0,0.4907007853353801,0.9655172413793104,0.9352964129235172
7989,5,tma4_C2,0.0,0.5000664225818937,0.5666666666666667,1.0
7990,5,tma4_C2,0.0,0.3107920782213802,0.85,0.8043443970431104
7991,5,tma4_C2,0.0,0.40078781563668187,0.9545454545454546,1.0
7992,5,tma4_C2,0.0,0.6485489507332624,0.41284403669724773,1.0
7993,5,tma4_C2,0.0,0.5447263405620931,0.5555555555555556,0.9015586379766809
7994,5,tma4_C2,0.0,0.07815192596417952,0.6885245901639344,0.6310375591402101
7995,5,tma4_C2,0.0,0.17610709001687952,1.0,0.7510713046224573
7996,5,tma4_C2,0.0,0.5450400464985893,0.9304347826086956,1.0
7997,5,tma4_C2,0.0,0.028829194684933945,0.6956521739130435,0.8803298796821062
7998,5,tma4_C2,0.005227711692266435,0.07064626205967561,0.9230769230769231,0.696988844167409
7999,5,tma4_C2,0.0,0.18742596612911255,1.0,0.8792156296991483
8000,5,tma4_C3,0.0,0.16113045136362092,0.7586206896551724,1.0
8001,5,tma4_C3,0.0,0.40271057138682864,0.6169154228855721,0.8793685143581051
8002,5,tma4_B3,0.0,0.6291809696582269,1.0,1.0
8003,5,tma4_C3,0.0,0.5096311522334052,0.6176470588235294,1.0
8004,5,tma4_C3,0.0,0.3919636250062737,0.7692307692307693,1.0
8005,5,tma4_C3,0.0,0.6533110856045183,0.7872340425531915,1.0
8006,5,tma4_C3,0.0,0.011500422007617361,0.8769230769230769,0.7214236872633448
8007,5,tma4_B3,0.0,0.4378372700049048,0.9024390243902439,1.0
8008,5,tma4_B3,0.0,0.6301522247272444,0.8260869565217391,1.0
8009,5,tma4_B3,0.0,0.24146500693825335,0.6461538461538462,1.0
8010,5,tma4_C1,0.0,0.3384797241514732,0.5344827586206896,0.8126217354315755
8011,5,tma4_D1,0.0,0.2398738880222555,1.0,0.7373008425652456
8012,5,tma4_C1,0.0,0.43919910492295344,0.5967741935483871,1.0
8013,5,tma4_C1,0.0,0.5570824303900135,0.6301369863013698,0.8016798497114789
8014,5,tma4_C1,0.0,0.40419614538891935,0.7631578947368421,1.0
8015,5,tma4_C1,0.0,0.3943620307740999,0.7027027027027027,1.0
8016,5,tma4_C1,0.0,0.3092048670354449,0.5263157894736842,0.767964203971566
8017,5,tma4_C1,0.0,0.6069622046184933,0.9230769230769231,1.0
8018,5,tma4_D1,0.0,0.47545585729956097,0.45555555555555555,0.7789410291723652
8019,5,tma4_D1,0.0,0.19437429247175642,0.9166666666666666,0.739338127296492
8020,5,tma4_D1,0.0,0.47848648561803653,0.5172413793103449,1.0
8021,5,tma4_D1,0.0,0.7402625638241156,0.7272727272727273,0.8935824605617149
8022,5,tma4_C1,0.0,0.4121188589585739,0.7777777777777778,1.0
8023,5,tma4_C1,0.0,0.08882661355034926,0.8823529411764706,0.5767826999152051
8024,5,tma4_C1,0.0,0.6909056755805028,0.9090909090909091,1.0
8025,5,tma4_C1,0.0,0.423532094289376,0.8695652173913043,0.8632935097796887
8026,5,tma4_D1,0.0,0.6170325386184649,0.8636363636363636,1.0
8027,5,tma4_D1,0.0,0.265740928003548,0.8157894736842105,0.8511601706725173
8028,5,tma4_D1,0.0,0.7876591220990808,0.8636363636363636,1.0
8029,5,tma4_D1,0.0,0.4261969971212065,0.6,0.7445225454720847
8030,5,tma4_D1,0.0,0.6530788301509488,0.5977011494252874,1.0
8031,5,tma4_C1,0.0,0.6228777071681646,0.41935483870967744,1.0
8032,5,tma4_C1,0.0,0.5629346933561306,0.8695652173913043,1.0
8033,5,tma4_C1,0.0,0.2389663345848454,0.7162162162162162,0.8437045521392531
8034,5,tma4_C1,0.0,0.6518458739704113,0.7083333333333334,1.0
8035,5,tma4_C1,0.005384582785242675,0.34167502865527877,0.96,0.7428803672131812
8036,5,tma4_E1,0.0,0.5738961890286152,0.6785714285714286,0.8174793342853088
8037,5,tma4_F1,0.0,0.48642638083786316,0.7407407407407407,0.7768911140757906
8038,5,tma4_G1,0.0,0.6311819302524526,0.6104651162790697,1.0
8039,5,tma4_F1,0.0,0.4069127568230838,0.6071428571428571,1.0
8040,5,tma4_E1,0.0,0.36109408006174193,1.0,1.0
8041,5,tma4_E1,0.0,0.5697115640012261,0.8666666666666667,1.0
8042,5,tma4_E1,0.0,0.4052188064557396,0.7037037037037037,0.7610797985224201
8043,5,tma4_F1,0.0,0.41712287633827483,0.9230769230769231,1.0
8044,5,tma4_F1,0.0,0.41260986614370954,1.0,0.8722908484397683
8045,5,tma4_F1,0.0,0.11537201340843772,0.8947368421052632,0.6824229628724042
8046,5,tma4_E1,0.0,0.11281006663071314,1.0,0.7466440742325882
8047,5,tma4_E1,0.0,0.05408876042571942,1.0,0.7367443501488732
8048,5,tma4_E1,0.0,0.47954573548485957,0.9655172413793104,0.829375351762981
8049,5,tma4_D1,0.0,0.6435403424698518,0.6916666666666667,1.0
8050,5,tma4_D1,0.0,0.4817461617747203,0.589041095890411,0.7647088400900183
8051,5,tma4_F1,0.0,0.6624018816403137,0.9,1.0
8052,5,tma4_G1,0.0,0.5225468611308923,0.6129032258064516,1.0
8053,5,tma4_G1,0.0,0.48067949695746615,0.85,0.7799264885555991
8054,5,tma4_G1,0.0,0.25887756474750834,0.5773195876288659,0.8545053365885175
8055,5,tma4_G1,0.0,0.5528110433238548,0.4789473684210526,1.0
8056,5,tma4_G1,0.0,0.3184238188346137,0.5714285714285714,1.0
8057,5,tma4_G1,0.0,0.21084752443353072,0.8723404255319149,0.7527096386120954
8058,5,tma4_G1,0.0,0.14090945324601223,0.7407407407407407,0.756365938184459
8059,5,tma4_G1,0.0,0.5282143335312117,0.8571428571428571,0.8661588406040098
8060,5,tma4_D1,0.0,0.5354127123019685,0.4091796875,1.0
8061,5,tma4_E1,0.0,0.21381377036641624,0.7272727272727273,1.0
8062,5,tma4_D1,0.0,0.5321049548963995,0.5304659498207885,0.8356346268360104
8063,5,tma4_E1,0.0,0.5581934163317293,0.847457627118644,1.0
8064,5,tma4_E1,0.0,0.3429403896337865,1.0,0.8228327065175977
8065,5,tma4_F1,0.0,0.27294909911065446,0.47058823529411764,0.8003802996552225
8066,5,tma4_F1,0.0,0.3204970090765965,1.0,1.0
8067,5,tma4_F1,0.0,0.6100121926703252,0.8125,1.0
8068,5,tma4_E1,0.0,0.6845816769559814,0.8947368421052632,1.0
8069,5,tma4_E1,0.0,0.5940310245690269,1.0,1.0
8070,5,tma4_D1,0.0,0.3997671280472286,0.5185185185185185,0.8302769705289968
8071,5,tma4_D1,0.0,0.6676430678647587,0.9411764705882353,1.0
8072,5,tma4_D1,0.10893977232510021,0.1623564339288236,0.6792452830188679,0.7826345572352658
8073,5,tma4_D1,0.0,0.8626406507756113,0.5612903225806452,1.0
8074,5,tma4_D1,0.0,0.6348553993645288,0.6507936507936508,1.0
8075,5,tma4_D1,0.0,0.31972445846719033,0.6666666666666666,0.7407324367335373
8076,5,tma4_D1,0.0,0.31366534594522166,0.6428571428571429,0.765223748853248
8077,5,tma4_D1,0.03184233026228489,0.11514206266915761,1.0,1.0
8078,5,tma4_D1,0.0,0.22947600626208142,0.7450980392156863,1.0
8079,5,tma4_D1,0.0,0.7297300040884475,0.8518518518518519,1.0
8080,5,tma4_D1,0.0,0.6180645364211426,0.8888888888888888,1.0
8081,5,tma4_D1,0.0,0.4099389940649272,0.9285714285714286,1.0
8082,5,tma4_D1,0.0,0.4416875539350512,1.0,1.0
8083,5,tma4_F3,0.0,0.146122739014787,0.6795580110497238,0.6846095065847102
8084,5,tma4_F3,0.0,0.6514276694950338,0.9444444444444444,1.0
8085,5,tma4_F3,0.0,0.254996190449818,0.875,0.8327615081040818
8086,5,tma4_F3,0.0,0.5801763977900043,0.6796116504854369,1.0
8087,5,tma4_E3,0.0,0.5606444533142823,1.0,0.6998677179535947
8088,5,tma4_F3,0.0,0.5433391743734739,0.3547345767575323,1.0
8089,5,tma4_F3,0.0,0.6042639365939797,0.9047619047619048,1.0
8090,5,tma4_E3,0.0,0.6829703034129284,0.7916666666666666,1.0
8091,5,tma4_E3,0.0,0.40082720326333776,1.0,0.9034748584981726
8092,5,tma4_E3,0.0,0.14960179794981998,1.0,1.0
8093,5,tma4_E3,0.0,0.45629359418989446,0.9642857142857143,1.0
8094,5,tma4_E3,0.0,0.5684460825612654,0.4936708860759494,0.9361934298778374
8095,5,tma4_E3,0.0,0.3939446565316137,0.7746478873239436,0.7566846373946463
8096,5,tma4_E3,0.0,0.656955282374889,0.7903225806451613,1.0
8097,5,tma4_E3,0.0,0.5066263387988825,0.896551724137931,1.0
8098,5,tma4_E3,0.0,0.23248520609973167,0.7088607594936709,0.7485921805148174
8099,5,tma4_E3,0.0,0.4021019372174719,0.6296296296296297,0.7603545049230843
8100,5,tma4_E3,0.0,0.30050069512703304,0.5882352941176471,0.8240656012592132
8101,5,tma4_E3,0.0,0.4953232087345121,0.6363636363636364,0.8604463763779768
8102,5,tma4_F3,0.0,0.5555385785393301,0.9090909090909091,1.0
8103,5,tma4_F3,0.0,0.4081893274093097,0.6984126984126984,1.0
8104,5,tma4_F3,0.0,0.4497145491239991,0.6923076923076923,0.8776187558773806
8105,5,tma4_F3,0.007746910148723751,0.26257299721402827,1.0,0.783004259407628
8106,5,tma4_F3,0.0,0.29915047369630743,0.8235294117647058,0.7072947068079757
8107,5,tma4_F3,0.0,0.6260399526761194,0.8333333333333334,1.0
8108,5,tma4_F3,0.0,0.40472004553344776,0.9615384615384616,1.0
8109,5,tma4_C3,0.0,0.21825468625798705,0.4965034965034965,0.7449683664628296
8110,5,tma4_C3,0.0,0.6447043971745903,0.6140350877192983,1.0
8111,5,tma4_C3,0.0,0.18799945996806644,0.5161290322580645,0.7384214565898121
8112,5,tma4_C3,0.0,0.4548663076078323,0.8,1.0
8113,5,tma4_C3,0.0,0.367990953462768,0.9375,0.8590889512512632
8114,5,tma4_C3,0.0,0.059553322980460344,0.9487179487179487,0.6230821788930911
8115,5,tma4_C3,0.0,0.5009036832330143,0.908256880733945,1.0
8116,5,tma4_C3,0.0,0.24799043031952295,0.9,0.7141250648685983
8117,5,tma4_D2,0.0,0.48631010118682594,0.65,1.0
8118,5,tma4_D2,0.0,0.25766467974582397,1.0,1.0
8119,5,tma4_D2,0.0,0.6271640524152985,0.5849056603773585,0.906801057499315
8120,5,tma4_D2,0.0,0.43192014176772386,0.63,0.8047920375419103
8121,5,tma4_D2,0.0,0.44810906859527244,0.9393939393939394,1.0
8122,5,tma4_C3,0.0,0.5365045146981158,0.7777777777777778,1.0
8123,5,tma4_C3,0.0,0.6915910213093402,0.8636363636363636,0.8929979075237513
8124,5,tma4_C3,0.0,0.27415324883234016,1.0,0.7045689762403408
8125,5,tma4_C3,0.013749104084718855,0.24598407740399852,0.5070422535211268,0.7576468078464612
8126,5,tma4_C3,0.0,0.6425207774127815,0.9074074074074074,1.0
8127,5,tma4_C3,0.0,0.5000087674581705,0.7386363636363636,1.0
8128,5,tma4_C3,0.0,0.5586402843048546,0.5652173913043478,1.0
8129,5,tma4_F2,0.025269802226012272,0.1907769039331627,0.6402116402116402,0.7118628637553904
8130,5,tma4_F2,0.0,0.513951486939638,0.5824742268041238,0.8581041523404925
8131,5,tma4_F2,0.0,0.3314182494763035,0.4682713347921225,0.7677365451974384
8132,5,tma4_F2,0.0,0.44126137082460837,0.4583333333333333,0.8297927440059054
8133,5,tma4_F2,0.0,0.698179918947714,1.0,1.0
8134,5,tma4_F2,0.0,0.7505112263385612,0.6258992805755396,1.0
8135,5,tma4_F2,0.0,0.025631877742126385,0.6100278551532033,0.6987992161437713
8136,5,tma4_F2,0.0,0.0803587388000001,0.6071428571428571,0.7816191373995112
8137,5,tma4_F2,0.0,0.2570222619475194,0.712,1.0
8138,5,tma4_F2,0.0,0.6742000852549506,0.7837837837837838,1.0
8139,5,tma4_F2,0.0,0.1898446275543052,0.6896551724137931,0.7569866416127412
8140,5,tma4_F2,0.0,0.3076478190545282,0.8709677419354839,1.0
8141,5,tma4_F2,0.0,0.09502515294480274,0.7457627118644068,0.8089407713114128
8142,5,tma4_D2,0.0,0.6778004560766917,0.8418604651162791,1.0
8143,5,tma4_D2,0.0,0.38472438955537824,0.33911368015414256,0.7348462977331298
8144,5,tma4_F1,0.0,0.135274858140927,0.8205128205128205,0.7784622067083086
8145,5,tma4_F1,0.0,0.11992513811430994,0.631578947368421,0.6662602143614496
8146,5,tma4_F2,0.0,0.304180660510887,0.6630434782608695,0.6854084859984075
8147,5,tma4_F1,0.0,0.26063688314335653,0.8095238095238095,0.7412332672543079
8148,5,tma4_E1,0.0,0.5418817940499638,0.9523809523809523,0.8570244244356267
8149,5,tma4_E1,0.0,0.5282789636536205,0.5641025641025641,0.8820559561119028
8150,5,tma4_E1,0.0,0.3877789169670669,0.7931034482758621,0.7820775787147661
8151,5,tma4_D2,0.0,0.45476765115320217,0.9090909090909091,1.0
8152,5,tma4_D2,0.0,0.6826028914050066,0.6764705882352942,1.0
8153,5,tma4_D2,0.0,0.6714541355515111,0.43967828418230565,1.0
8154,5,tma4_D2,0.0,0.434318316203513,0.6707317073170732,0.8547786538211141
8155,5,tma4_D2,0.01041548945994153,0.02906702080687007,0.95,0.7358581268299835
8156,5,tma4_D2,0.1126822698051696,0.05632535557320362,0.4201388888888889,0.7426066126227587
8157,5,tma4_D2,0.0,0.5689420133050584,0.6896551724137931,1.0
8158,5,tma4_D2,0.0,0.657635758863449,0.5416666666666666,1.0
8159,5,tma4_D2,0.0,0.5763532712412589,0.6627906976744186,1.0
8160,5,tma4_D2,0.0,0.0781562337044146,0.42670157068062825,0.7925802713783945
8161,5,tma4_D2,0.0,0.3892339956695492,0.6666666666666666,1.0
8162,5,tma4_D2,0.0,0.5916078461102421,0.5357142857142857,0.9145446923468902
8163,5,tma4_D2,0.0,0.3961572872092267,0.6857142857142857,0.7997446267292159
8164,5,tma4_D2,0.0,0.3169616444799558,0.775,1.0
8165,5,tma4_D2,0.0,0.5208144482093986,0.4760914760914761,1.0
8166,5,tma4_D2,0.0,0.17229279337417225,0.6358974358974359,0.7505097274182024
8167,5,tma4_D2,0.0,0.6155146922616466,0.8378378378378378,1.0
8168,5,tma4_D2,0.0,0.6516624647117593,0.7291666666666666,1.0
8169,5,tma4_D2,0.0,0.34172631789901653,0.319650067294751,0.8603454689387958
8170,5,tma4_D2,0.0,0.29960471928864985,0.773972602739726,1.0
8171,5,tma4_D2,0.0,0.3972621550396007,0.8267716535433071,0.808195027209585
8172,5,tma4_D2,0.0,0.6578148229312661,0.782608695652174,1.0
8173,5,tma4_D2,0.0,0.6939278810071783,0.5215686274509804,0.872931699821044
8174,5,tma4_D2,0.0,0.6181244165637596,0.7037037037037037,1.0
8175,5,tma4_E3,0.0,0.65423618640016,0.5064478311840562,1.0
8176,5,tma4_E3,0.0,0.2532733862230052,0.676056338028169,0.7695926594035196
8177,5,tma4_E3,0.0,0.3722021216167233,0.8846153846153846,0.787568927694003
8178,5,tma4_F3,0.0,0.3894048596783678,0.8409090909090909,0.7750233558117137
8179,5,tma4_F3,0.0,0.3965559117042323,0.4168606154641841,1.0
8180,5,tma4_F3,0.0,0.4747824168187551,0.6363636363636364,1.0
8181,5,tma4_F3,0.0,0.42565363571976145,0.8888888888888888,1.0
8182,5,tma4_F3,0.0,0.613424282287512,0.6813186813186813,1.0
8183,5,tma4_F3,0.0,0.5542611199224265,0.782608695652174,1.0
8184,5,tma4_F3,0.0,0.5770857767103137,0.6296296296296297,1.0
8185,5,tma4_F3,0.0,0.10250426410739488,0.6376811594202898,0.8408460029708147
8186,5,tma4_F3,0.0,0.39776392833640817,0.6896551724137931,1.0
8187,5,tma4_F3,0.0,0.7818208814229677,0.8846153846153846,1.0
8188,5,tma4_F3,0.0,0.34418446820410553,0.5919117647058824,0.7536726301213384
8189,5,tma4_F3,0.0,0.018467502123466706,0.4842814371257485,0.6894261469364632
8190,5,tma4_F3,0.0,0.46407132373604365,0.6881720430107527,1.0
8191,5,tma4_F3,0.0,0.20093847478022908,0.7560975609756098,0.6939461776220891
8192,5,tma4_F3,0.0,0.3790324274664607,0.9473684210526315,1.0
8193,5,tma4_F3,0.0,0.4187935635286769,0.6046511627906976,1.0
8194,5,tma4_F3,0.0,0.6553457416628048,0.7804878048780488,1.0
8195,5,tma4_F3,0.0,0.515313583488596,0.8484848484848485,1.0
8196,5,tma4_F3,0.0,0.33721227745083204,0.3754716981132076,0.8875477386918473
8197,5,tma4_F3,0.0,0.5489553468039521,0.46099290780141844,1.0
8198,5,tma4_F3,0.0,0.35110807195662785,0.9,0.9011234873807268
8199,5,tma4_F3,0.0,0.5949769815658326,0.627906976744186,1.0
8200,5,tma4_F3,0.0,0.5491876903427055,0.9285714285714286,1.0
8201,5,tma4_F3,0.0,0.31044759374440245,0.8947368421052632,0.8834143882090806
8202,5,tma4_F3,0.0,0.20360000556375757,0.6388888888888888,0.7393630029553038
8203,5,tma4_F3,0.0,0.09926002300749903,0.6666666666666666,0.7165789992441047
8204,5,tma4_F3,0.0,0.5824716448081586,0.7205882352941176,0.8508198570462412
8205,5,tma4_F3,0.0,0.5739801329346257,0.7450980392156863,1.0
8206,5,tma4_F3,0.0,0.5727469479283189,0.5210526315789473,1.0
8207,5,tma4_F3,0.0,0.34040867165007593,0.7954545454545454,0.789686393874752
8208,5,tma4_F3,0.0,0.2065993563009334,0.8,0.7189313372358844
8209,5,tma4_G2,0.0,0.49439259714696326,0.5162337662337663,0.8911974756809804
8210,5,tma4_G2,0.0,0.7226176549841774,0.6219512195121951,1.0
8211,5,tma4_G2,0.0,0.6105933735419672,0.7130801687763713,0.8002827773202451
8212,5,tma4_G2,0.0,0.27220844199832894,0.9333333333333333,1.0
8213,5,tma4_G2,0.0,0.2622865581626064,1.0,0.9350199441170387
8214,5,tma4_G2,0.0,0.40415036701889495,0.8235294117647058,0.8836620008233469
8215,5,tma4_G2,0.0,0.6649176224294602,0.8085106382978723,0.9267087001951814
8216,5,tma4_G2,0.0,0.7061490489411153,0.6375545851528385,1.0
8217,5,tma4_G2,0.0,0.19756716912529537,0.90625,1.0
8218,5,tma4_G2,0.03423476871163511,0.1573269144720748,0.75,1.0
8219,5,tma4_G2,0.0,0.1733235179577831,1.0,0.6923628357849091
8220,5,tma4_G2,0.0,0.22609690962723827,1.0,0.752779607964639
8221,5,tma4_G2,0.0,0.7029581095592449,0.9662921348314607,1.0
8222,5,tma4_G2,0.0,0.7225908965565301,0.8163265306122449,1.0
8223,5,tma4_G2,0.0,0.3319593234329169,0.9473684210526315,0.846113353853328
8224,5,tma4_F3,0.0,0.40789442253080777,0.7307692307692307,1.0
8225,5,tma4_G2,0.0,0.5076458939692159,0.9215686274509803,1.0
8226,5,tma4_F3,0.0,0.41962287496728057,0.9333333333333333,0.9390204406244821
8227,5,tma4_F3,0.0,0.2185418490933544,0.9444444444444444,0.8684144107197714
8228,5,tma4_G2,0.0,0.327585742142417,0.6595744680851063,1.0
8229,5,tma4_G2,0.0,0.5092934993131749,0.8,1.0
8230,5,tma4_G2,0.0,0.19182466064645864,1.0,0.7797514457928144
8231,5,tma4_G2,0.0,0.2185761583298127,0.8095238095238095,0.7173953201039696
8232,5,tma4_G2,0.0,0.2616174124582187,0.8148148148148148,1.0
8233,5,tma4_G2,0.0,0.4431243656692224,0.574468085106383,0.7637389648737393
8234,5,tma4_G2,0.0,0.2016559861861571,0.8947368421052632,0.6785173316194573
8235,5,tma4_G2,0.0,0.3110019221846113,0.8260869565217391,0.76603058296195
8236,5,tma4_F3,0.0,0.34490153422608527,0.8333333333333334,0.7426247171350161
8237,5,tma4_E3,0.0,0.3314401621067806,0.7878787878787878,0.9389234606960324
8238,5,tma4_E3,0.0,0.5016319506834238,0.8260869565217391,1.0
8239,5,tma4_F2,0.0,0.668934486248526,0.5434782608695652,1.0
8240,5,tma4_F2,0.0,0.7172032754335653,0.7407407407407407,1.0
8241,5,tma4_F2,0.0,0.4301844800889604,0.75,0.7861066028602005
8242,5,tma4_F2,0.0,0.5014809695476009,0.44469525959367945,0.887432756468601
8243,5,tma4_F2,0.0,0.5397805708111336,0.6896551724137931,0.817302413275599
8244,5,tma4_E3,0.03778955765081926,0.016011090203405187,0.7916666666666666,0.7679588498106646
8245,5,tma4_E3,0.0,0.6307314798960478,0.5573770491803278,1.0
8246,5,tma4_E3,0.0,0.5165271883830342,0.6491228070175439,1.0
8247,5,tma4_E3,0.0,0.49172204891186366,0.5522388059701493,1.0
8248,5,tma4_E3,0.0,0.629467797365165,0.9047619047619048,1.0
8249,5,tma4_E3,0.0,0.7898603421772197,0.7837837837837838,1.0
8250,5,tma4_E3,0.0,0.5782506750827086,0.8529411764705882,1.0
8251,5,tma4_E3,0.0,0.6141221042311218,0.9333333333333333,0.9144161409924516
8252,5,tma4_E3,0.0,0.41770463148095216,0.551622418879056,0.8319924849605992
8253,5,tma4_E3,0.0,0.10691743616065363,0.9230769230769231,0.6244941581875811
8254,5,tma4_E3,0.0,0.3087552025140431,0.9,1.0
8255,5,tma4_E3,0.0,0.43384296751739027,0.9117647058823529,1.0
8256,5,tma4_E3,0.0,0.5554790885823826,1.0,1.0
8257,5,tma4_E3,0.0,0.6147619781841269,0.6666666666666666,1.0
8258,5,tma4_E3,0.0,0.5832385912982648,1.0,1.0
8259,5,tma4_C3,0.0,0.6060554800121942,0.5376344086021505,1.0
8260,5,tma4_C3,0.0,0.36808956757980127,1.0,0.758930114392841
8261,5,tma4_C3,0.09722409581537506,0.10911116125895881,0.7450980392156863,0.7232173195033159
8262,5,tma4_C3,0.0,0.29183218764470775,1.0,1.0
8263,5,tma4_C3,0.0,0.3929706912219961,0.8918918918918919,0.7435776597631704
8264,5,tma4_A3,0.0,0.3549421152747667,1.0,0.739081765497428
8265,5,tma4_A3,0.0,0.26924761391997665,0.92,1.0
8266,5,tma4_B3,0.0,0.5058673861960378,0.8333333333333334,0.7931844643839046
8267,5,tma4_C2,0.0,0.25819829264536376,1.0,0.7063047016180005
8268,5,tma4_F2,0.0,0.6426141337897258,1.0,1.0
8269,5,tma4_F2,0.0,0.0645537325377672,0.5289256198347108,0.6212290789939289
8270,5,tma4_F2,0.0,0.6191011869170314,1.0,1.0
8271,5,tma4_F2,0.0,0.5205891871489245,0.7419354838709677,1.0
8272,5,tma4_F2,0.0,0.3142936805895966,1.0,0.7321548917163453
8273,5,tma4_F2,0.0,0.6652043919934364,0.6838235294117647,0.8748807978301123
8274,5,tma4_F2,0.0,0.14677208674786368,0.9777777777777777,0.7498884016249848
8275,5,tma4_F2,0.0,0.612468365600785,0.7777777777777778,1.0
8276,5,tma4_F2,0.0,0.5405040668524939,1.0,0.8137856247516169
8277,5,tma4_F2,0.0,0.3319868947088047,1.0,0.7409131829062288
8278,5,tma4_F2,0.0,0.5149450791363208,0.782608695652174,1.0
8279,5,tma4_F2,0.04281719340482948,0.3627920133956216,0.6052631578947368,0.7949633946061861
8280,5,tma4_F2,0.0,0.5268585645242179,0.8,0.881788412037091
8281,5,tma4_F2,0.0,0.7924552087278486,0.9473684210526315,1.0
8282,5,tma4_F2,0.0,0.34993467925134647,0.8454545454545455,1.0
8283,5,tma4_F2,0.0,0.12855965801135505,0.8620689655172413,0.7469576381656984
8284,5,tma4_G1,0.0,0.008137730768451035,1.0,0.6761570796213209
8285,5,tma4_E1,0.0,0.49849279995132323,0.8620689655172413,1.0
8286,5,tma4_F1,0.05422021557817425,0.05691867053515198,0.7872340425531915,0.6905823157638645
8287,5,tma4_F1,0.0,0.43014103514075663,0.9310344827586207,1.0
8288,5,tma4_F1,0.0,0.41857513112502265,1.0,0.7621299713963111
8289,5,tma4_F2,0.0,0.030107154122443913,1.0,0.9133611158399235
8290,5,tma4_D2,0.01449939330351313,0.0760653901520465,0.8,0.7466194826963923
8291,5,tma4_D2,0.0,0.37949908501691554,0.8666666666666667,1.0
8292,5,tma4_D2,0.0,0.4985168323658662,0.6129032258064516,0.8918149970175592
8293,5,tma4_D2,0.0,0.023733982768050943,1.0,1.0
8294,5,tma4_D2,0.0,0.8220085450617811,0.9512195121951219,0.9229781183397475
8295,5,tma4_D2,0.0,0.4720956404258899,1.0,0.7661922230909638
8296,5,tma4_D2,0.0,0.5277481271671511,0.8333333333333334,0.8109568319181231
8297,5,tma4_D2,0.0,0.4940301848411308,1.0,0.8874506305212353
8298,5,tma4_D2,0.0,0.7090645033459966,0.9411764705882353,0.9351354871357246
8299,5,tma4_D2,0.0,0.6111298252258001,0.7058823529411765,1.0
8300,5,tma4_D2,0.0,0.21696101737277362,0.48936170212765956,0.8244890132296829
8301,5,tma4_D2,0.0,0.46688597047463865,0.5324675324675324,0.7973144093534158
8302,5,tma4_D2,0.0,0.4145528524042774,0.7272727272727273,1.0
8303,5,tma4_D2,0.0,0.45704612403869205,0.54,0.8747440655355955
8304,5,tma4_D2,0.0,0.7703728904679579,0.6255144032921811,1.0
8305,5,tma4_D2,0.0,0.5497237983276446,0.5666666666666667,0.8439906515523553
8306,5,tma4_D2,0.0,0.550647056496039,0.9069767441860465,1.0
8307,5,tma4_D2,0.0,0.2995152806059981,0.8095238095238095,0.6482470562551395
8308,5,tma4_D2,0.0,0.5816885766243953,0.821917808219178,1.0
8309,5,tma4_D2,0.0,0.057038707371073305,0.6923076923076923,0.7161521879940972
8310,5,tma4_D2,0.0,0.6183493689127768,0.4722222222222222,1.0
8311,5,tma4_D2,0.0,0.764238531698388,0.5416666666666666,1.0
8312,5,tma4_D2,0.0,0.5626720432937904,1.0,1.0
8313,5,tma4_D2,0.0,0.5814951914392907,0.6415094339622641,1.0
8314,5,tma4_D2,0.0,0.505222064811284,0.9333333333333333,1.0
8315,5,tma4_D2,0.0,0.49598864765174633,0.8,1.0
8316,5,tma4_D2,0.0,0.4855318155351578,0.9302325581395349,1.0
8317,5,tma1_B2,0.0,0.4793118859323332,0.6451612903225806,1.0
8318,5,tma1_D2,0.0,0.5237501152666806,0.7368421052631579,0.750477376797108
8319,5,tma1_D2,0.0,0.5283994814209998,0.7368421052631579,0.8552283502326029
8320,5,tma1_D2,0.0,0.6467972162615148,1.0,1.0
8321,5,tma1_B2,0.0,0.6930523624274036,0.6976744186046512,1.0
8322,5,tma1_B2,0.0,0.7072068310730069,0.75,1.0
8323,5,tma1_B2,0.0,0.19766537263801343,0.7368421052631579,1.0
8324,5,tma1_B2,0.0,0.6919193260103014,0.875,0.922958067667936
8325,5,tma1_B2,0.0,0.4788594686375578,0.9411764705882353,1.0
8326,5,tma1_B2,0.0,0.5753484624800221,0.625,1.0
8327,5,tma1_B2,0.0,0.3032269316288232,1.0,0.7244237673527659
8328,5,tma1_B2,0.0,0.4254702478753023,0.95,1.0
8329,5,tma1_B2,0.0,0.4110976121226141,0.7857142857142857,1.0
8330,5,tma1_B2,0.0,0.6436079181901498,0.8,0.8344243031567278
8331,5,tma1_B2,0.0,0.6265454737350244,0.8297872340425532,0.9356738108690692
8332,5,tma1_B2,0.0,0.5738008532084324,0.8235294117647058,0.9182006346925631
8333,5,tma1_C2,0.0,0.17491563808302935,0.9411764705882353,0.7164166508756351
8334,5,tma1_B2,0.0,0.6798696365507766,0.6944444444444444,1.0
8335,5,tma1_B2,0.0,0.37466496151625717,0.8636363636363636,0.7977830460807565
8336,5,tma1_A2,0.0,0.6425223312733073,0.5426356589147286,0.8546941906730419
8337,5,tma1_A2,0.0,0.3399341540057098,0.6481481481481481,0.858721723231481
8338,5,tma1_A2,0.0,0.44517087892910767,0.7393939393939394,1.0
8339,5,tma1_A2,0.0,0.47464080519497565,0.7358490566037735,1.0
8340,5,tma1_A2,0.0,0.5467267063082798,0.5862068965517241,0.7768129882741799
8341,5,tma1_B2,0.0,0.1317898545109224,0.6753246753246753,0.8813541199062747
8342,5,tma1_B2,0.0,0.26809832650043774,0.9473684210526315,1.0
8343,5,tma1_B2,0.0,0.6343728899259627,0.7,0.847170020652564
8344,5,tma1_D1,0.0,0.5963744279937797,0.6571428571428571,1.0
8345,5,tma1_D1,0.0,0.3803066439462732,1.0,1.0
8346,5,tma1_D1,0.0,0.5086699249203392,0.4980891719745223,0.8820656313639649
8347,5,tma1_D1,0.0,0.5249380104928808,0.9444444444444444,1.0
8348,5,tma1_D1,0.0,0.6977332557088187,1.0,1.0
8349,5,tma1_D1,0.0,0.7616455404952751,0.5,1.0
8350,5,tma1_D1,0.0,0.3308689019509563,0.9444444444444444,0.7939840577729039
8351,5,tma1_D1,0.0,0.5007033212922248,0.4696969696969697,0.8398218665642494
8352,5,tma1_D1,0.0,0.22185044939551424,0.6451612903225806,0.7342169583777268
8353,5,tma1_D1,0.03692462074640723,0.0464799415385182,0.46774193548387094,0.7371838486041937
8354,5,tma1_D1,0.0,0.6153052474963916,0.7142857142857143,0.9308640173745584
8355,5,tma1_D1,0.0,0.8552224787578819,0.8571428571428571,1.0
8356,5,tma1_D1,0.0,0.6665585001493304,0.8947368421052632,0.8670661991512979
8357,5,tma1_D1,0.0,0.27552073862743354,0.75,0.8306255351686274
8358,5,tma1_D1,0.0,0.4537332547834494,0.5762195121951219,1.0
8359,5,tma1_D1,0.0,0.39457065724211426,1.0,1.0
8360,5,tma1_D1,0.0,0.5881188127321044,0.7647058823529411,1.0
8361,5,tma1_D1,0.0,0.42815816929020545,0.8947368421052632,0.9465327358376562
8362,5,tma1_D1,0.0,0.21344231240709044,0.92,0.8533801432104868
8363,5,tma1_D1,0.0,0.464509020075372,1.0,1.0
8364,5,tma1_D1,0.0,0.6832286557008804,0.8918918918918919,1.0
8365,5,tma1_F1,0.0,0.6077788073471468,0.6212534059945504,0.9422403034300847
8366,5,tma1_F1,0.0,0.6219237906016348,0.68,1.0
8367,5,tma1_F1,0.0,0.4525711960302151,0.7142857142857143,0.9437560775282592
8368,5,tma1_F1,0.0,0.7076105826275496,0.6666666666666666,1.0
8369,5,tma1_F1,0.0,0.6371979012011799,0.9166666666666666,1.0
8370,5,tma1_F1,0.040532640594985514,0.3645531978937616,0.4138099902056807,0.7814169408291856
8371,5,tma1_F1,0.0,0.38476895380363896,0.8666666666666667,0.753308223949698
8372,5,tma1_F1,0.0,0.40862123793174987,0.8709677419354839,1.0
8373,5,tma1_F1,0.0,0.535245264198376,0.8169014084507042,1.0
8374,5,tma1_F1,0.0,0.5980915121487876,0.875,1.0
8375,5,tma1_F1,0.0,0.7075803078796121,0.9130434782608695,1.0
8376,5,tma1_F1,0.0,0.14713896492666279,0.6206896551724138,0.6997313534303398
8377,5,tma1_F1,0.0,0.6841057162672791,0.9411764705882353,1.0
8378,5,tma1_F1,0.0,0.5824043226121003,0.8888888888888888,1.0
8379,5,tma1_F1,0.0,0.6586745895151955,0.9411764705882353,0.9417471654503304
8380,5,tma1_F1,0.0,0.5431008030294255,1.0,1.0
8381,5,tma1_F1,0.0,0.6375400733491138,0.9375,1.0
8382,5,tma1_F1,0.0,0.143681513888829,0.6153846153846154,0.9241122840940491
8383,5,tma1_F1,0.0,0.5635700356672386,0.5151515151515151,1.0
8384,5,tma1_E1,0.0,0.505305413763494,0.9411764705882353,0.8185762330181938
8385,5,tma1_E1,0.0,0.5425617981743147,0.6190476190476191,1.0
8386,5,tma1_E1,0.0,0.4172628515153656,0.9375,0.8742412641393009
8387,5,tma1_E1,0.0,0.6366963252394682,0.7931034482758621,1.0
8388,5,tma1_E1,0.0,0.3559762735607641,0.6875,0.7582862625177569
8389,5,tma1_E1,0.0,0.5390602924863708,0.8777777777777778,0.8781837398613637
8390,5,tma1_E1,0.0,0.5631978474859842,0.7307692307692307,1.0
8391,5,tma1_E1,0.0,0.3563230964475733,0.6904761904761905,1.0
8392,5,tma1_E1,0.0,0.564334866724198,1.0,1.0
8393,5,tma1_E1,0.0,0.12013362800784222,0.5915492957746479,0.7621860373633715
8394,5,tma1_E1,0.0,0.5720230524098886,0.7727272727272727,1.0
8395,5,tma1_E1,0.0,0.41260721424137914,0.8095238095238095,0.8273522028415968
8396,5,tma1_E1,0.06062827175527319,0.17748431244779406,0.7888888888888889,0.7151979638984202
8397,5,tma1_E1,0.0,0.5817988796062137,0.7540983606557377,0.9355208841377588
8398,5,tma1_E1,0.0,0.5117804262502017,0.8888888888888888,1.0
8399,5,tma1_E1,0.0,0.6620061381868723,0.7301587301587301,1.0
8400,5,tma1_F1,0.0,0.5948613425688134,0.5865384615384616,0.8459000527010063
8401,5,tma1_F1,0.0,0.12139599297992776,0.6296296296296297,1.0
8402,5,tma1_F1,0.0,0.37696393853927346,0.96,0.828995930762694
8403,5,tma1_E1,0.0,0.6441226644977462,0.9411764705882353,0.9448154629801031
8404,5,tma1_E1,0.0,0.4003832161318456,0.8333333333333334,1.0
8405,5,tma1_E1,0.0,0.5122366936589282,0.3948412698412698,1.0
8406,5,tma1_E1,0.0,0.33948727940077683,1.0,1.0
8407,5,tma1_F1,0.0,0.23141987683851883,0.7058823529411765,0.6647883170314675
8408,5,tma1_E1,0.0,0.20026203335947956,1.0,0.703996288164248
8409,5,tma1_F1,0.0,0.5827929541236705,0.8947368421052632,1.0
8410,5,tma1_E1,0.0,0.15500230790318603,0.5416666666666666,0.7428688661544496
8411,5,tma1_E1,0.0,0.6912717006090667,0.9444444444444444,1.0
8412,5,tma1_E1,0.024589307112504177,0.03299719705715831,0.7352941176470589,0.8129309623481991
8413,5,tma1_E1,0.0,0.7411902622118002,0.9047619047619048,1.0
8414,5,tma1_E1,0.0,0.4013453103902245,0.8571428571428571,0.8048805878867226
8415,5,tma1_E1,0.0,0.3367038809583426,0.8235294117647058,1.0
8416,5,tma1_E1,0.0,0.1041578159250196,0.6428571428571429,0.7825150709191169
8417,5,tma1_E1,0.0,0.46351493113062314,0.7954545454545454,0.7652882333333189
8418,5,tma1_E1,0.0,0.16127329298079396,0.9565217391304348,0.8221991723021113
8419,5,tma1_E1,0.0,0.7072716461700552,0.8571428571428571,1.0
8420,5,tma1_E1,0.0,0.7209558189725612,0.9375,1.0
8421,5,tma1_E1,0.0,0.2290767139177029,0.5681818181818182,0.8229931224014271
8422,5,tma1_E1,0.0,0.4895963624538857,0.84,0.7342164442859134
8423,5,tma1_C2,0.0,0.7553153534556275,0.5833333333333334,1.0
8424,5,tma1_D2,0.0,0.6078682584102223,0.9090909090909091,1.0
8425,5,tma1_D2,0.0,0.5275101677569545,0.9411764705882353,0.7673675944392752
8426,5,tma1_D2,0.0,0.530461093142063,0.9411764705882353,1.0
8427,5,tma1_D2,0.0,0.48535012553133927,0.7368421052631579,1.0
8428,5,tma1_D2,0.0,0.5786886759356741,0.6333333333333333,1.0
8429,5,tma1_D2,0.0,0.5872499074212834,0.78125,1.0
8430,5,tma1_D2,0.0,0.5069937562688853,0.9545454545454546,1.0
8431,5,tma1_C2,0.0,0.4645598181598014,0.511864406779661,1.0
8432,5,tma1_C2,0.0,0.36529488551526335,0.7288135593220338,0.9054180853582159
8433,5,tma1_C2,0.0,0.008203404114594526,0.7894736842105263,0.7885428425848464
8434,5,tma1_D2,0.0,0.6141334581940145,0.8571428571428571,0.904755489151206
8435,5,tma1_C2,0.0,0.17069891799975823,0.8620689655172413,0.6878806694285533
8436,5,tma1_C2,0.0,0.04498145548538557,1.0,0.7758259820109964
8437,5,tma1_C2,0.0,0.49110338248348506,0.5396825396825397,1.0
8438,5,tma1_C2,0.0,0.731195002498825,0.5625,0.879843372285668
8439,5,tma1_C2,0.0,0.4438793759969397,0.5897435897435898,0.7123815049095257
8440,5,tma1_C2,0.0,0.560196911153232,0.8571428571428571,0.8980088018184154
8441,5,tma1_C2,0.0,0.716905921489171,0.8947368421052632,1.0
8442,5,tma1_C2,0.0,0.5637277250822765,0.9,1.0
8443,5,tma1_C2,0.0,0.40753025058775527,0.8571428571428571,0.5940921494101399
8444,5,tma1_C2,0.0,0.5969757438411156,0.6896551724137931,1.0
8445,5,tma1_B2,0.0,0.4162176604090916,1.0,1.0
8446,5,tma1_E2,0.005336312373124041,0.3397584524395655,0.8571428571428571,1.0
8447,5,tma1_E2,0.0,0.5671027350056126,0.8269230769230769,1.0
8448,5,tma1_E2,0.0,0.8460333618100475,0.7397260273972602,0.9397180008104485
8449,5,tma1_E2,0.0,0.6891624689976661,0.32360742705570295,1.0
8450,5,tma1_E2,0.0,0.7134117257469392,0.8666666666666667,1.0
8451,5,tma1_E2,0.0,0.746705138512219,0.90625,1.0
8452,5,tma1_E2,0.0,0.22486777486208465,0.4665391969407266,0.843449403776015
8453,5,tma1_E2,0.0,0.5332493349655336,0.6666666666666666,0.8434817817310857
8454,5,tma1_E2,0.0,0.6618702595102401,1.0,0.850135418977087
8455,5,tma1_E2,0.0,0.7642730109995898,0.7301587301587301,1.0
8456,5,tma1_E2,0.0,0.6151335695942493,0.6716417910447762,1.0
8457,5,tma1_E2,0.0,0.580737997584458,0.9411764705882353,1.0
8458,5,tma1_E2,0.0,0.48115860266117705,0.9090909090909091,0.8450085633578827
8459,5,tma1_E2,0.0,0.6442058677194183,0.7613636363636364,1.0
8460,5,tma1_E2,0.0,0.5586708583922844,0.9166666666666666,0.8330241826925716
8461,5,tma1_E2,0.0,0.7115957017270869,0.875,1.0
8462,5,tma1_E2,0.0,0.5784243871465033,0.9615384615384616,1.0
8463,5,tma1_D2,0.0,0.6426909889548363,0.8636363636363636,1.0
8464,5,tma1_D2,0.0,0.2063768215931221,0.8571428571428571,1.0
8465,5,tma1_D2,0.004358620670788849,0.2526826724496999,0.7222222222222222,0.7364407483314827
8466,5,tma1_D2,0.0,0.6837850036052092,0.717391304347826,1.0
8467,5,tma1_E2,0.0,0.7233203106339343,0.5483870967741935,1.0
8468,5,tma1_E2,0.0,0.7393948566377201,0.8518518518518519,1.0
8469,5,tma1_E2,0.0,0.33149728282463453,0.9411764705882353,0.6043074119209292
8470,5,tma1_E2,0.0,0.2580749747577339,0.7155963302752294,0.9336498019149301
8471,5,tma1_D2,0.0,0.5035043487570634,0.5813953488372093,1.0
8472,5,tma1_D2,0.0,0.44678802962795117,0.9047619047619048,0.7969638534777631
8473,5,tma1_D2,0.0,0.30180528841264687,0.9130434782608695,0.6890611190405445
8474,5,tma1_D2,0.0,0.5192008828074663,0.9411764705882353,1.0
8475,5,tma1_D2,0.0,0.6985668201262104,0.6304347826086957,1.0
8476,5,tma1_D2,0.0,0.30140495021589275,0.9333333333333333,1.0
8477,5,tma1_D2,0.0,0.4920049832155352,0.5,0.8844455703653764
8478,5,tma1_D2,0.0,0.37780437784644594,1.0,0.8610981680066123
8479,5,tma1_D2,0.0,0.09655471279187977,0.4889867841409692,0.7117486548116775
8480,5,tma1_D2,0.0,0.16652530231289708,0.8235294117647058,1.0
8481,5,tma1_D2,0.0,0.39570903777900923,0.4,0.7320267518293299
8482,5,tma1_D1,0.0,0.39667217035669045,0.7037037037037037,0.615513509320921
8483,5,tma1_E1,0.0,0.30340022635905395,0.75,1.0
8484,5,tma1_F1,0.0,0.31843970347298434,1.0,0.8787949371581383
8485,6,tma3_D1,0.0,0.5338409590756092,0.7,0.8042959467619021
8486,6,tma3_D1,0.0,0.39975342793302315,0.8484848484848485,1.0
8487,6,tma3_D1,0.0,0.48451371101640517,0.9642857142857143,1.0
8488,6,tma3_D1,0.0,0.7217751501143119,1.0,1.0
8489,6,tma3_E1,0.0,0.646819674441419,0.7364864864864865,1.0
8490,6,tma3_D1,0.0,0.7074434587338332,0.5906040268456376,1.0
8491,6,tma3_D1,0.0,0.46772721387473726,0.5172413793103449,0.8300878355138852
8492,6,tma3_E1,0.0,0.6090093289392624,0.875,1.0
8493,6,tma3_C2,0.0,0.5414498684683313,1.0,1.0
8494,6,tma3_C2,0.0,0.35496199851522403,1.0,1.0
8495,6,tma3_C2,0.0,0.35305711021072717,0.9375,0.8955938212906491
8496,6,tma3_C2,0.0,0.64055204631569,0.75,0.8498119903281841
8497,6,tma3_C2,0.0,0.36974104484895187,0.8260869565217391,0.857868195591856
8498,6,tma3_C2,0.0,0.22003108481386335,1.0,0.8139405129794792
8499,6,tma3_D2,0.0,0.5326758491345531,1.0,1.0
8500,6,tma3_E2,0.0,0.3592586844851401,0.8288288288288288,1.0
8501,6,tma3_E2,0.0,0.08984469099604997,0.7592592592592593,0.7288730216703418
8502,6,tma3_E2,0.0,0.2888314455517176,0.9230769230769231,0.9060065127258612
8503,6,tma3_E2,0.0,0.4150226336546706,1.0,1.0
8504,6,tma3_E2,0.0,0.41712502925370976,1.0,1.0
8505,6,tma3_E2,0.0,0.30567716277188717,1.0,1.0
8506,6,tma3_E2,0.0,0.6169525590118637,0.875,1.0
8507,6,tma3_E2,0.0,0.5376260769550818,1.0,1.0
8508,6,tma3_E2,0.0,0.18399491719914984,0.9101123595505618,0.7879687386238355
8509,6,tma3_E2,0.0,0.35054431901787775,0.8804347826086957,0.8346774348353243
8510,6,tma3_E2,0.0,0.17727316627593226,0.8461538461538461,0.8535089462849053
8511,6,tma3_E2,0.0,0.4762080221036762,0.6764705882352942,1.0
8512,6,tma3_E2,0.0,0.6575726834441976,1.0,0.8253280992361909
8513,6,tma3_E2,0.0,0.21164374241752482,0.6666666666666666,0.7841867662523951
8514,6,tma3_E1,0.0,0.5425476804056317,1.0,1.0
8515,6,tma3_E1,0.0,0.7549341944607079,1.0,1.0
8516,6,tma3_E1,0.0,0.6593829351804528,1.0,1.0
8517,6,tma3_E1,0.0,0.33666737523556034,0.6336996336996337,0.732931225739637
8518,6,tma3_E1,0.0,0.49403365156249845,0.6521739130434783,0.7779757348146251
8519,6,tma3_E1,0.0,0.2398716335386325,0.9666666666666667,1.0
8520,6,tma3_E1,0.0,0.3261777189029441,1.0,1.0
8521,6,tma3_E1,0.0,0.3195116530862402,0.8333333333333334,1.0
8522,6,tma3_E1,0.0,0.562904195858994,0.8947368421052632,0.80101162592907
8523,6,tma3_D1,0.0,0.22322931971163107,1.0,0.6465651604454867
8524,6,tma3_F2,0.0,0.5948211844210515,0.5049261083743842,1.0
8525,6,tma3_F2,0.0,0.076990403186173,0.9583333333333334,0.7783222016742356
8526,6,tma3_F2,0.0,0.5972280060509467,0.6875,0.9291748230052848
8527,6,tma3_F2,0.0,0.41840539060445614,0.6073446327683616,1.0
8528,6,tma3_F2,0.0,0.13499604838505797,0.7457627118644068,0.7010807234313859
8529,6,tma3_F2,0.0,0.6143065873387268,0.6982758620689655,1.0
8530,6,tma3_F1,0.0,0.2771232353691253,0.7948717948717948,0.7495725798813473
8531,6,tma3_F1,0.0,0.2636437633441582,0.6810344827586207,0.7267242242012828
8532,6,tma3_F1,0.0,0.3545184919100973,0.8518518518518519,1.0
8533,6,tma3_F1,0.0,0.16184945689146313,1.0,1.0
8534,6,tma3_F1,0.0,0.4817063523778732,1.0,0.8931601132793481
8535,6,tma3_F1,0.0,0.5455722844134665,0.9130434782608695,1.0
8536,6,tma3_F1,0.0,0.3696849494846779,0.5675675675675675,1.0
8537,6,tma3_F1,0.0,0.40389355169150465,0.5727554179566563,0.8133458788326099
8538,6,tma3_F1,0.0,0.324994798480564,0.6133333333333333,0.7264910000940549
8539,6,tma3_F1,0.0,0.7087783787644804,0.8571428571428571,1.0
8540,6,tma3_E1,0.0,0.45885489811602387,0.7593457943925234,1.0
8541,6,tma3_E1,0.0,0.42558448448569497,0.85,0.7656544446178112
8542,6,tma3_E1,0.0,0.17358930108818627,0.7692307692307693,0.7065284762241351
8543,6,tma3_F2,0.0,0.43119397756854805,0.746031746031746,1.0
8544,6,tma3_F2,0.0,0.3073506064662288,0.5568345323741007,0.8021506788885743
8545,6,tma3_F2,0.0,0.5133204575653532,0.6301369863013698,0.933474139627121
8546,6,tma3_F2,0.0,0.052088507728591305,0.9473684210526315,0.7576774142275281
8547,6,tma3_F2,0.0,0.3074339345083358,0.7777777777777778,0.8302843897622095
8548,6,tma3_F2,0.0,0.6045431716468903,0.8181818181818182,1.0
8549,6,tma3_F2,0.0,0.5687203675284106,0.9090909090909091,0.9468884092266193
8550,6,tma3_F2,0.0,0.45862008730353543,0.7303370786516854,1.0
8551,6,tma3_F2,0.0,0.3433520096801935,0.5405405405405406,1.0
8552,6,tma3_F2,0.07535190216279286,0.013701195716806058,0.6470588235294118,0.7946000040154287
8553,6,tma3_F2,0.0,0.34461155687090994,0.9423076923076923,1.0
8554,6,tma3_F3,0.0,0.504767707397125,0.8484848484848485,0.8212589753502506
8555,6,tma3_F3,0.0,0.340428749030809,0.717391304347826,1.0
8556,6,tma3_D3,0.0,0.5048878030207024,0.7320261437908496,0.8646334075621153
8557,6,tma3_D2,0.0,0.4641903569288818,0.9310344827586207,0.7989696826818484
8558,6,tma3_E2,0.0,0.3016622110074211,0.9333333333333333,0.8658892278062069
8559,6,tma3_E2,0.0,0.403106198019205,1.0,0.9208811458808756
8560,6,tma3_E2,0.0,0.08903228245773076,1.0,1.0
8561,6,tma3_E2,0.0,0.7868024757762038,0.8571428571428571,0.8871429872943623
8562,6,tma3_F2,0.0,0.30684121652451535,0.85,0.732339049474522
8563,6,tma3_E2,0.0,0.6947111779233177,0.717391304347826,1.0
8564,6,tma3_E2,0.0,0.5476877917312322,0.7931034482758621,1.0
8565,6,tma3_F3,0.0,0.4070715352355361,0.8205128205128205,0.8221790203326381
8566,6,tma3_F3,0.0,0.2896480631769086,0.9333333333333333,1.0
8567,6,tma3_E3,0.0,0.3744416806473717,0.747766323024055,0.7270128471209968
8568,6,tma3_E3,0.0,0.23498499159578723,0.7777777777777778,0.7096486625704601
8569,6,tma3_E3,0.0,0.4994165167790626,0.875,0.8568265868051352
8570,6,tma3_E3,0.0,0.3219276288666404,0.6535211267605634,0.7200153526858158
8571,6,tma3_E3,0.0,0.6252166862066073,0.875,0.8534685823648629
8572,6,tma3_E3,0.0,0.511016921756556,0.6842105263157895,1.0
8573,6,tma3_E3,0.0,0.5568320067209405,1.0,1.0
8574,6,tma3_E3,0.0,0.3182816266743502,0.7605633802816901,0.8246618165649122
8575,6,tma3_E3,0.0,0.6746500481584954,0.7352941176470589,1.0
8576,6,tma3_D3,0.0,0.2057517404651198,0.664179104477612,1.0
8577,6,tma3_D3,0.0,0.6319291821924046,0.95,1.0
8578,6,tma3_D3,0.0,0.5371064592713553,0.8333333333333334,0.9225706514033527
8579,6,tma3_E3,0.0,0.5426324651170009,0.8947368421052632,0.8008682771119028
8580,6,tma3_E3,0.0,0.5949818448290969,0.7407407407407407,1.0
8581,6,tma3_E3,0.0,0.13355038167999134,0.6391752577319587,0.6859566476464581
8582,6,tma3_E3,0.0,0.5763791563023684,0.7230769230769231,0.8815394573598674
8583,6,tma3_E3,0.0,0.5179627595532694,1.0,1.0
8584,6,tma3_F3,0.0,0.3697220875491881,0.9583333333333334,1.0
8585,6,tma3_F3,0.0,0.034560623800377166,0.5946843853820598,0.6878913795750363
8586,6,tma3_E3,0.0,0.5607159910880842,0.9,1.0
8587,6,tma3_E3,0.0,0.5185422234596516,0.9375,0.7719417603893827
8588,6,tma3_D3,0.0,0.4419717259461302,0.8461538461538461,0.7896578449478326
8589,6,tma3_D3,0.0,0.5602893017742714,0.9090909090909091,0.8319611483039923
8590,6,tma3_D3,0.0,0.5409904340147415,0.8032786885245902,0.9144180252427896
8591,6,tma3_D3,0.0,0.3499997961183675,0.5134474327628362,0.8137607633167222
8592,6,tma3_C3,0.0,0.6532651641094958,0.875,1.0
8593,6,tma3_C3,0.0,0.5244095597331433,0.6126126126126126,1.0
8594,6,tma3_C3,0.0,0.43369100270794025,0.8723404255319149,0.7437550048359755
8595,6,tma3_C3,0.0,0.39786184041849093,0.7777777777777778,1.0
8596,6,tma3_C3,0.0,0.3027920068437481,0.88,1.0
8597,6,tma3_C3,0.0,0.5217333259456294,0.4852941176470588,1.0
8598,6,tma3_C3,0.0,0.4353579741132354,0.6597222222222222,1.0
8599,6,tma3_C3,0.0,0.18203623970386684,1.0,0.7425428906289055
8600,6,tma3_C3,0.0,0.46757882439900655,0.8947368421052632,0.7894588868482438
8601,6,tma3_C3,0.0,0.38363988187179787,0.7857142857142857,1.0
8602,6,tma3_C3,0.0,0.31350256214147376,0.7419354838709677,0.7950781218400326
8603,6,tma3_C3,0.0,0.28491924924007295,0.9545454545454546,0.9000222235742477
8604,6,tma3_C3,0.0,0.17487814314070604,0.7480916030534351,1.0
8605,6,tma3_C3,0.0,0.5418007707477595,0.7777777777777778,0.8560958586837203
8606,6,tma3_C3,0.0,0.5382792551086383,0.75,1.0
8607,6,tma3_C3,0.0,0.4706051287386541,0.6612903225806451,0.7402177324744409
8608,6,tma3_C3,0.0,0.4505507416156527,0.6129032258064516,0.7750346488494886
8609,6,tma3_C3,0.0,0.7286618445327225,0.7222222222222222,1.0
8610,6,tma3_C3,0.0,0.5225252893788663,1.0,1.0
8611,6,tma3_C3,0.0,0.6938028959864366,0.5918367346938775,1.0
8612,6,tma3_C3,0.0,0.3004204857276003,0.6458333333333334,0.7768469639861445
8613,6,tma3_C3,0.0,0.28276267774034547,1.0,1.0
8614,6,tma3_C3,0.0,0.30028611835681673,0.6466165413533834,0.696139108817029
8615,6,tma3_C3,0.0,0.07824978622236867,0.6296296296296297,0.7441259561907196
8616,6,tma3_C3,0.0,0.36607712371567147,0.6060606060606061,0.7434806373180106
8617,6,tma3_D3,0.0,0.6510017684737957,0.7916666666666666,1.0
8618,6,tma3_D3,0.0,0.23021689823422198,0.7362637362637363,0.6121449789276276
8619,6,tma3_D3,0.0,0.5675561445107045,0.7887323943661971,1.0
8620,6,tma3_D3,0.0,0.3614079914257545,0.5512820512820513,0.7610430745224629
8621,6,tma3_D3,0.0,0.13193715715787546,0.6060606060606061,0.6759536762161781
8622,6,tma3_D3,0.0,0.3650522515220014,0.7021276595744681,0.8693003694988786
8623,6,tma3_D3,0.0,0.4961230604393506,0.68,1.0
8624,6,tma3_D3,0.0,0.5716234556805372,0.782608695652174,0.7969343276793667
8625,6,tma3_D3,0.0,0.1816144199192543,0.8,0.7950493881689282
8626,6,tma3_D3,0.0,0.0035376365212137495,0.8947368421052632,0.7215943545124427
8627,6,tma3_D3,0.0,0.7668108189724836,0.9,1.0
8628,6,tma3_D3,0.0,0.4989998189196133,0.7090909090909091,1.0
8629,6,tma3_D3,0.0,0.4538844610881365,0.5769230769230769,1.0
8630,6,tma3_E3,0.0,0.0319740902304666,0.6585365853658537,0.8496959579382345
8631,6,tma3_E3,0.0,0.12798895872331673,0.9298245614035088,0.9421905499459396
8632,6,tma3_E3,0.0,0.446946551737616,0.6363636363636364,0.8055305310076367
8633,6,tma3_C3,0.0,0.6641524848193181,0.8695652173913043,1.0
8634,6,tma3_D3,0.0,0.3463852923907177,0.8333333333333334,1.0
8635,6,tma3_D3,0.0,0.3570858790386767,0.6938775510204082,0.7820457590652533
8636,6,tma3_E3,0.0,0.6824642740227673,0.5359477124183006,1.0
8637,6,tma3_E3,0.0,0.055378105337758776,0.975609756097561,1.0
8638,6,tma3_E3,0.0,0.495324156922865,0.9565217391304348,1.0
8639,6,tma3_E3,0.0,0.2719580985267466,1.0,0.9207713593007841
8640,6,tma3_E3,0.0,0.3760517940946897,0.6521739130434783,0.8149299282976576
8641,6,tma3_E3,0.0,0.2919406340111478,0.9090909090909091,1.0
8642,6,tma3_F3,0.0,0.28566592602683505,1.0,0.8730127749481612
8643,6,tma3_F3,0.0,0.4671281461664012,0.6888888888888889,0.7621297331282046
8644,6,tma3_F3,0.0,0.29051086216433664,0.875,0.7619900656075336
8645,6,tma3_F3,0.0,0.08502698720143786,0.7068965517241379,0.677693656286203
8646,6,tma3_F3,0.0,0.5575307685870867,0.9411764705882353,0.8367738182244192
8647,6,tma3_F3,0.0,0.3200479174441565,0.6666666666666666,0.8338918972585916
8648,6,tma3_F3,0.0,0.29324828759688715,0.5949367088607594,1.0
8649,6,tma3_D2,0.0,0.6146065100503122,0.8235294117647058,1.0
8650,6,tma3_D2,0.0,0.49106294581142007,1.0,0.8644154817193567
8651,6,tma3_D2,0.0,0.2753813113745346,0.8301886792452831,1.0
8652,6,tma3_D2,0.0,0.47993834409644565,1.0,1.0
8653,6,tma3_D2,0.0,0.410073170483252,0.9285714285714286,1.0
8654,6,tma3_D2,0.0,0.6188383632746046,0.875,1.0
8655,6,tma3_C1,0.0,0.5165273015114134,0.7948717948717948,1.0
8656,6,tma3_C1,0.0,0.5948699653189604,0.8066914498141264,1.0
8657,6,tma3_A3,0.0,0.35354625851154564,0.6652173913043479,0.8224991285520535
8658,6,tma3_A3,0.0,0.09427287025966047,0.6904761904761905,0.6905296335144943
8659,6,tma3_A3,0.0,0.3478948605092038,0.8636363636363636,1.0
8660,6,tma3_A3,0.0,0.4932541370333955,0.7714285714285715,1.0
8661,6,tma3_C2,0.0,0.4709695126392356,0.803921568627451,0.937723919128589
8662,6,tma3_C2,0.0,0.5097271706117403,0.9333333333333333,1.0
8663,6,tma3_C2,0.0,0.47945440084359914,0.78125,0.8141875477979552
8664,6,tma3_C2,0.0,0.44710547307343274,0.8,1.0
8665,6,tma3_C2,0.0,0.3003121487070536,0.5116279069767442,0.7142303769224382
8666,6,tma3_C2,0.0,0.472600270531668,0.7419354838709677,0.8470909962189969
8667,6,tma3_C2,0.0,0.4546987465659622,1.0,1.0
8668,6,tma2_D1,0.0,0.5615899283760405,0.723404255319149,1.0
8669,6,tma2_D1,0.016523268200447694,0.17008973433113828,0.9166666666666666,0.7475059034343323
8670,6,tma2_D1,0.0,0.4378924412048175,0.7058823529411765,1.0
8671,6,tma2_D1,0.0,0.4976490217561913,0.8297872340425532,1.0
8672,6,tma2_E1,0.0,0.600972809041225,0.5687885010266941,0.8901150977514427
8673,6,tma2_D1,0.0,0.6875089843411666,0.9565217391304348,1.0
8674,6,tma2_D1,0.0,0.5101216238327086,0.6546961325966851,1.0
8675,6,tma2_E1,0.0,0.5811504569011801,0.6432432432432432,1.0
8676,6,tma2_E1,0.0,0.6741517029776514,0.6521739130434783,0.880458222116962
8677,6,tma2_E1,0.0,0.010803392098287512,0.7272727272727273,0.7368859715423535
8678,6,tma2_E1,0.0,0.19576400881721978,0.7727272727272727,1.0
8679,6,tma2_D1,0.0,0.013907445964597587,0.9615384615384616,0.928988362456797
8680,6,tma2_D1,0.0,0.020065821715196774,0.7049689440993789,0.888804003125984
8681,6,tma2_D1,0.0,0.6499872560585265,0.8059701492537313,0.9181441128245826
8682,6,tma2_D1,0.0,0.5140463361102343,1.0,1.0
8683,6,tma2_D1,0.0,0.22560353504972386,0.8571428571428571,1.0
8684,6,tma2_D1,0.0,0.6384731619063975,0.7209302325581395,1.0
8685,6,tma2_D1,0.0,0.40812143073095397,0.8387096774193549,1.0
8686,6,tma2_D1,0.0,0.11419709106447196,0.8333333333333334,0.6023609375727269
8687,6,tma2_F1,0.0,0.1979728301857968,1.0,1.0
8688,6,tma2_F1,0.0,0.25947118661317803,1.0,0.725709519902001
8689,6,tma2_E1,0.0,0.17366339076285586,0.4894894894894895,0.7079220773739017
8690,6,tma2_E1,0.00679001092904874,0.02192367679047924,0.7719298245614035,0.7080211552390225
8691,6,tma2_E1,0.0,0.5863755956094248,0.8387096774193549,1.0
8692,6,tma2_E1,0.0,0.37427109005154147,1.0,0.8705897262493233
8693,6,tma2_E1,0.0,0.6712936308834276,0.7321428571428571,1.0
8694,6,tma2_E1,0.0,0.391484863557401,0.8461538461538461,0.776409584630553
8695,6,tma2_E1,0.025578181660383947,0.1973886267013354,0.9375,0.7681415319326591
8696,6,tma2_F1,0.0,0.5018302964598238,0.7894736842105263,1.0
8697,6,tma2_E1,0.0,0.43737883752555273,0.8260869565217391,0.7815031029596889
8698,6,tma2_F1,0.0,0.5249203778529787,0.6538461538461539,0.8175230043849266
8699,6,tma2_E1,0.0,0.5816301944309294,0.6835352815395581,1.0
8700,6,tma2_E1,0.0,0.2565105922878642,0.9375,1.0
8701,6,tma2_E1,0.0,0.506860009254435,0.8181818181818182,1.0
8702,6,tma2_F1,0.0,0.18157463750055713,0.7027027027027027,0.6517479627158713
8703,6,tma2_F1,0.0,0.266617659548517,0.6859903381642513,0.7544603332135135
8704,6,tma2_F1,0.0,0.5540761983328519,0.5594405594405595,1.0
8705,6,tma2_F1,0.0,0.6062815019858142,0.6214285714285714,0.8774006849552968
8706,6,tma2_F1,0.0,0.16286265262250732,0.625,0.686146276610831
8707,6,tma2_F1,0.0,0.5955844464013721,1.0,1.0
8708,6,tma2_F1,0.0,0.5019266913018223,0.38439306358381503,0.9433151609218348
8709,6,tma2_E1,0.0,0.5795562389726724,0.9615384615384616,1.0
8710,6,tma2_E1,0.0,0.47741874319698463,0.797979797979798,0.8336940343353691
8711,6,tma2_E1,0.0,0.3485348181206631,0.85,1.0
8712,6,tma2_E1,0.0,0.5207068899623406,0.6363636363636364,1.0
8713,6,tma2_E1,0.0,0.6533788009077882,0.8666666666666667,1.0
8714,6,tma2_E1,0.0,0.5759109478909774,0.7938931297709924,1.0
8715,6,tma2_E1,0.0,0.4541820556948386,0.896551724137931,0.7721641427246059
8716,6,tma2_E1,0.0,0.648307448532315,0.6388888888888888,0.8790760632469294
8717,6,tma2_E1,0.0,0.6640515901794208,0.6606498194945848,1.0
8718,6,tma2_E1,0.0,0.43616918796025983,1.0,1.0
8719,6,tma2_E1,0.0,0.6222392713325524,0.875,1.0
8720,6,tma2_E1,0.0,0.04346733175621054,0.7368421052631579,0.57169483796096
8721,6,tma2_D1,0.0,0.6036526243607794,0.7950819672131147,1.0
8722,6,tma2_D1,0.0,0.012798913664634926,0.6985294117647058,0.909797686967228
8723,6,tma2_D1,0.0,0.40187437234141754,0.7161016949152542,1.0
8724,6,tma2_D1,0.0,0.656564313274951,0.6236933797909407,1.0
8725,6,tma2_D1,0.0,0.3127206361044369,0.6538461538461539,1.0
8726,6,tma2_D1,0.0,0.16938154282413298,0.9047619047619048,1.0
8727,6,tma2_D1,0.0,0.28190141130290414,1.0,0.895258224208187
8728,6,tma2_D1,0.0,0.6891958128665701,0.8666666666666667,1.0
8729,6,tma2_D1,0.0,0.5139878142613297,0.8613861386138614,1.0
8730,6,tma2_D1,0.0,0.5219670381647166,0.6450381679389313,0.7983689434641196
8731,6,tma2_D1,0.0,0.06775596777473292,1.0,0.690695794043467
8732,6,tma2_D1,0.0,0.11466205430358822,0.7602739726027398,0.7582259987458586
8733,6,tma2_D1,0.0,0.5646902986283133,0.6923076923076923,1.0
8734,6,tma2_D1,0.0,0.48868457503187757,0.9230769230769231,1.0
8735,6,tma2_D1,0.0,0.08707283687570733,0.6046511627906976,0.6904463731701376
8736,6,tma2_E1,0.0,0.3244945593904679,0.7763157894736842,0.811888318828743
8737,6,tma2_E1,0.0,0.6648715582630705,0.3644859813084112,1.0
8738,6,tma2_E1,0.0,0.47139556782151704,1.0,1.0
8739,6,tma2_B2,0.0,0.6966391229484186,0.7758620689655172,1.0
8740,6,tma2_B2,0.0,0.47134491457023586,0.813953488372093,1.0
8741,6,tma2_B2,0.0,0.5269232331220033,0.8888888888888888,0.8488042539423831
8742,6,tma2_B3,0.0,0.4502462790433387,0.5588235294117647,0.81664241656587
8743,6,tma2_B3,0.0,0.37118297764044816,0.8813559322033898,1.0
8744,6,tma2_B3,0.0,0.5725075609053357,0.6893203883495146,1.0
8745,6,tma2_D3,0.0,0.36515560148898174,0.8726235741444867,1.0
8746,6,tma2_A3,0.0,0.5263316247711941,1.0,0.9272865411936504
8747,6,tma2_B2,0.0,0.2540321322587953,0.8076923076923077,0.740234537475424
8748,6,tma2_A3,0.0,0.6886739254361904,0.9705882352941176,1.0
8749,6,tma2_A3,0.0,0.43122237487518833,0.847457627118644,1.0
8750,6,tma2_A3,0.0,0.5341819116338848,0.6811594202898551,0.8302016236168804
8751,6,tma2_F1,0.0,0.6124471875559949,0.6,1.0
8752,6,tma2_F1,0.0,0.6084771252077412,1.0,1.0
8753,6,tma2_F1,0.0,0.05309378549034527,1.0,0.6800739740214178
8754,6,tma2_F1,0.0,0.18445097590173687,0.9375,0.7555962932335322
8755,6,tma2_F1,0.0,0.27833170894841397,0.7894736842105263,1.0
8756,6,tma2_F1,0.0,0.43193744911155385,0.6153846153846154,1.0
8757,6,tma2_F1,0.0,0.5822722230380386,0.610062893081761,1.0
8758,6,tma2_F1,0.0,0.36712284267777395,0.9411764705882353,0.8613653260654855
8759,6,tma2_F1,0.0,0.29264942784201387,0.5629860031104199,0.9438340417206248
8760,6,tma2_F1,0.0,0.5636010170061595,0.717948717948718,1.0
8761,6,tma2_F1,0.0,0.39027185953335053,0.9285714285714286,1.0
8762,6,tma2_F1,0.0,0.5185968462896959,0.8181818181818182,0.9101645279600544
8763,6,tma2_F1,0.0,0.5643463493267034,0.8421052631578947,0.9207525180789011
8764,6,tma2_F1,0.0,0.30907188085087367,1.0,0.8270892573273756
8765,6,tma2_F1,0.0,0.6028534339639467,0.6992481203007519,0.8461974324285617
8766,6,tma2_F1,0.0,0.1297077056585786,0.5757575757575758,0.6998775743824461
8767,6,tma2_F1,0.0,0.7715750193376911,0.8315789473684211,1.0
8768,6,tma2_F1,0.0,0.14290616989236393,0.9375,1.0
8769,6,tma2_E2,0.0,0.2966292205128731,0.5560616678346181,0.7211902662125478
8770,6,tma2_E3,0.0,0.2342562462121539,0.9333333333333333,1.0
8771,6,tma2_E3,0.0,0.1980210539404379,0.8181818181818182,0.9323097775450604
8772,6,tma2_E2,0.0,0.5139086673241051,0.85,0.7715479170575292
8773,6,tma2_D3,0.0,0.4043415519865732,0.6339285714285714,0.7569849207773208
8774,6,tma2_D3,0.0,0.4052438141122494,0.7777777777777778,0.8536590310917969
8775,6,tma2_E3,0.0,0.7208837758515261,0.9523809523809523,1.0
8776,6,tma2_E3,0.0,0.5760337003798179,0.7678571428571429,1.0
8777,6,tma2_E3,0.0,0.41899310925893807,0.819672131147541,0.8073503090672625
8778,6,tma2_E3,0.0,0.36337223044291145,1.0,0.8429676004050889
8779,6,tma2_E3,0.0,0.40635150417193144,1.0,1.0
8780,6,tma2_D3,0.0,0.6190201908037842,1.0,0.8833438671105734
8781,6,tma2_D3,0.0,0.4510385976021366,0.8421052631578947,0.7738155571815671
8782,6,tma2_E3,0.0,0.08360012366177372,0.5616438356164384,1.0
8783,6,tma2_E3,0.002248980708155379,0.10002508029621382,0.7886178861788617,1.0
8784,6,tma2_E3,0.0,0.22177861953647748,0.7222222222222222,0.7322070969042634
8785,6,tma2_E3,0.0,0.41810378422946326,0.6395939086294417,0.737236930948469
8786,6,tma2_E2,0.0,0.33783558418696846,0.9259259259259259,1.0
8787,6,tma2_E1,0.0,0.10931863974516964,0.775,0.7364649226583101
8788,6,tma2_E1,0.0,0.2769007559984622,0.7368421052631579,1.0
8789,6,tma2_E1,0.0,0.6397715395926791,0.5723270440251572,1.0
8790,6,tma2_E1,0.0,0.7841092714257293,0.8,1.0
8791,6,tma2_E1,0.0,0.31940117836195303,0.9545454545454546,1.0
8792,6,tma2_E1,0.0,0.44458987365197,0.8666666666666667,0.7664465929773928
8793,6,tma2_E2,0.0,0.531624844124878,0.9333333333333333,1.0
8794,6,tma2_E1,0.0,0.26734508413627833,0.7777777777777778,0.8411915542540522
8795,6,tma2_E1,0.0,0.5993731322133979,0.8285714285714286,1.0
8796,6,tma2_E1,0.0,0.8667055451570116,0.9029126213592233,1.0
8797,6,tma2_E1,0.0,0.6590143276054448,0.6774193548387096,1.0
8798,6,tma2_E1,0.0,0.028525380131046107,0.8518518518518519,0.8309758275047218
8799,6,tma2_E1,0.0,0.188568329956743,0.6098901098901099,0.7700695018121125
8800,6,tma2_E1,0.0,0.5220017354694781,0.9375,1.0
8801,6,tma2_E1,0.0,0.533656347381156,0.9444444444444444,1.0
8802,6,tma2_E2,0.0,0.6187391538104692,0.9090909090909091,0.8418806948023726
8803,6,tma2_E2,0.0,0.43160799439144015,0.9047619047619048,1.0
8804,6,tma2_E2,0.0,0.3618147425075141,0.5454545454545454,1.0
8805,6,tma2_E2,0.0,0.309032525636579,1.0,0.7552768756060954
8806,6,tma2_E2,0.0,0.6081229181774825,0.9523809523809523,1.0
8807,6,tma2_E2,0.0,0.46244063501052735,0.8,0.8109572818381857
8808,6,tma2_E2,0.0,0.51340933895346,0.92,1.0
8809,6,tma2_F1,0.0,0.4375718827021453,0.88,0.825877921675215
8810,6,tma2_F1,0.0,0.2997636687304437,0.9375,1.0
8811,6,tma2_F1,0.0,0.6104736100696373,0.4197707736389685,1.0
8812,6,tma2_F1,0.0,0.40236510389101665,0.8888888888888888,0.6918886621259263
8813,6,tma2_F1,0.0,0.30633328950024274,0.896551724137931,0.7362052343314934
8814,6,tma2_F1,0.0,0.5383410551546668,0.9545454545454546,1.0
8815,6,tma2_F1,0.0,0.5596025160898485,0.8,0.9247081182980927
8816,6,tma2_F1,0.0,0.02069246438305561,0.8076923076923077,1.0
8817,6,tma2_F3,0.0,0.01689521721326881,1.0,1.0
8818,6,tma2_F3,0.0,0.26448269362332033,0.5689655172413793,1.0
8819,6,tma2_F3,0.0,0.4471168538348851,0.90625,1.0
8820,6,tma2_F3,0.0,0.5004157443415753,0.5674157303370787,1.0
8821,6,tma2_F3,0.0,0.6549220490280019,0.7741935483870968,1.0
8822,6,tma2_F3,0.0,0.5533290965520927,0.7777777777777778,0.8418901650832452
8823,6,tma2_F3,0.0,0.5915141783392703,0.8620689655172413,1.0
8824,6,tma2_F3,0.0,0.5458586901481315,0.96875,0.8796330965534477
8825,6,tma2_F1,0.0,0.5457517701747021,0.6081871345029239,1.0
8826,6,tma2_F1,0.0,0.3575782792559906,0.5217391304347826,1.0
8827,6,tma2_F1,0.0,0.4128700716870125,0.6050420168067226,1.0
8828,6,tma2_F1,0.0,0.4306779075591639,0.8536585365853658,1.0
8829,6,tma2_D1,0.0,0.6155516395956944,0.8913043478260869,1.0
8830,6,tma2_D1,0.0,0.25451910139243505,1.0,1.0
8831,6,tma2_D1,0.0,0.47309654697435477,0.88,1.0
8832,6,tma2_D1,0.0,0.4071079346920591,0.6176470588235294,0.8574891553431241
8833,6,tma2_D1,0.0,0.36616093620541545,0.9444444444444444,0.7778815804951152
8834,6,tma2_D1,0.0,0.21028503224209616,1.0,0.7329051717791579
8835,6,tma4_C1,0.0,0.5352793538422416,0.8421052631578947,0.8438055217682533
8836,6,tma4_C1,0.0,0.4582503616121365,1.0,1.0
8837,6,tma4_C1,0.0,0.5558292097146906,0.9354838709677419,0.8436155448310284
8838,6,tma4_C1,0.0,0.6582703400189318,0.7525773195876289,1.0
8839,6,tma4_C1,0.0,0.6312648220563546,0.8571428571428571,0.9382516487149849
8840,6,tma4_C1,0.0,0.15014842029976727,1.0,0.6980393159319721
8841,6,tma4_C1,0.0,0.05991355444944979,0.7375328083989501,1.0
8842,6,tma4_C1,0.0,0.4066164824687709,0.8536585365853658,1.0
8843,6,tma4_C1,0.0,0.46565522448500785,0.8888888888888888,1.0
8844,6,tma4_C1,0.0,0.418946317282442,0.7916666666666666,1.0
8845,6,tma4_C1,0.0,0.456948713632104,1.0,0.9467277737056391
8846,6,tma4_C1,0.0,0.2973087590565775,0.9562043795620438,1.0
8847,6,tma4_C1,0.0,0.44727600092676334,1.0,0.8124116828700408
8848,6,tma4_C1,0.0,0.6399124088752496,0.696969696969697,1.0
8849,6,tma4_C1,0.0,0.4527733635691015,0.676056338028169,0.772958996868743
8850,6,tma4_C1,0.0,0.17361186777531168,0.71875,0.8294296072271298
8851,6,tma4_B3,0.0,0.6793187887358909,1.0,1.0
8852,6,tma4_A3,0.0,0.47900629225069125,0.9375,1.0
8853,6,tma4_A3,0.0,0.4682967653614286,1.0,1.0
8854,6,tma4_B3,0.0,0.04104746936366532,0.8904109589041096,0.7999020943950091
8855,6,tma4_B3,0.0,0.47146719110802304,0.95,1.0
8856,6,tma4_B3,0.0,0.592619679914623,0.8363636363636363,1.0
8857,6,tma4_A3,0.0,0.5239811603393956,0.6339285714285714,0.8088494276168118
8858,6,tma4_A3,0.0,0.31913986478966994,0.8,0.7886250418911136
8859,6,tma4_B3,0.0,0.43721223069745185,0.8666666666666667,1.0
8860,6,tma4_C2,0.0,0.4980454978596235,0.7243589743589743,1.0
8861,6,tma4_C1,0.0,0.37704982995783254,0.7564102564102564,1.0
8862,6,tma4_C1,0.0,0.09206569942578668,0.669481302774427,0.9144779239856718
8863,6,tma4_C2,0.0,0.3918685876615582,0.7026850032743942,1.0
8864,6,tma4_C2,0.0,0.33585778763100727,0.8181818181818182,0.79133428860531
8865,6,tma4_C2,0.0,0.28630894437337673,0.665257819103973,0.8363166198114006
8866,6,tma4_C2,0.0,0.24775752247298855,0.96875,1.0
8867,6,tma4_C3,0.0,0.5335292098631201,1.0,0.7507569622150785
8868,6,tma4_C3,0.0,0.5644623394665724,0.7045454545454546,1.0
8869,6,tma4_C3,0.0,0.4087531295903388,0.8938053097345132,1.0
8870,6,tma4_C3,0.0,0.6165643499124985,0.9310344827586207,1.0
8871,6,tma4_C3,0.0,0.5188240162736609,0.8333333333333334,0.8190347674130116
8872,6,tma4_C3,0.0,0.6459897526118893,0.8974358974358975,1.0
8873,6,tma4_C3,0.0,0.17650690206833086,0.7982456140350878,0.9204126289892441
8874,6,tma4_B3,0.0,0.5637572009322893,0.9615384615384616,1.0
8875,6,tma4_C3,0.0,0.5174861914495685,0.918918918918919,1.0
8876,6,tma4_C3,0.0,0.5212888241526805,0.9090909090909091,1.0
8877,6,tma4_C1,0.0,0.5567397079308536,0.8040540540540541,0.8789828508289864
8878,6,tma4_C1,0.0,0.6659641915916803,0.6923076923076923,1.0
8879,6,tma4_C1,0.0,0.08215114685139602,0.6379310344827587,0.7172810462816145
8880,6,tma4_C1,0.0,0.445144030149643,0.6666666666666666,1.0
8881,6,tma4_D1,0.0,0.06196399094238947,0.7714285714285715,0.7201839782305057
8882,6,tma4_D1,0.0,0.4092279886025937,0.776595744680851,0.8186121332948892
8883,6,tma4_C1,0.0,0.2686038859726859,0.672566371681416,1.0
8884,6,tma4_C1,0.0,0.1756906180330915,0.8735632183908046,0.7674054169473805
8885,6,tma4_C1,0.0,0.5763555152801024,0.6428571428571429,1.0
8886,6,tma4_D1,0.0,0.30248152894108926,1.0,1.0
8887,6,tma4_D1,0.0,0.4431809975241626,0.7551020408163265,1.0
8888,6,tma4_D1,0.0,0.7690628133881059,0.8695652173913043,1.0
8889,6,tma4_D1,0.0,0.024973205446329638,0.8947368421052632,1.0
8890,6,tma4_D1,0.0,0.5481138997048336,0.8874643874643875,1.0
8891,6,tma4_D1,0.0,0.017650095718398484,0.7960526315789473,0.7740165467385366
8892,6,tma4_D1,0.0,0.23637851370017027,0.7857142857142857,0.8519764915871877
8893,6,tma4_D1,0.0,0.5135882170472248,0.7195402298850575,1.0
8894,6,tma4_D1,0.0,0.581393551894764,0.95,1.0
8895,6,tma4_D1,0.0,0.3204378016946181,0.88,0.7473340588705715
8896,6,tma4_D1,0.0,0.19434550023724695,1.0,0.7452631450148129
8897,6,tma4_D1,0.0,0.07267456788400106,0.6342364532019704,0.9255944703372849
8898,6,tma4_D1,0.0,0.24792214573184201,0.8823529411764706,1.0
8899,6,tma4_E1,0.0,0.5744196797918978,0.8947368421052632,1.0
8900,6,tma4_G1,0.0,0.006409294496018347,0.9666666666666667,0.8873878162173879
8901,6,tma4_E1,0.0,0.058026604086311995,0.6285714285714286,0.9041010334317009
8902,6,tma4_E1,0.0,0.5172400066934939,0.7368421052631579,1.0
8903,6,tma4_E1,0.0,0.5843652577496004,0.9285714285714286,1.0
8904,6,tma4_E1,0.0,0.10063138469720811,0.8235294117647058,0.7986670012723729
8905,6,tma4_F1,0.0,0.577048655174811,0.8125,1.0
8906,6,tma4_F1,0.0,0.4996454455320595,0.7777777777777778,1.0
8907,6,tma4_F1,0.0,0.5541814970016774,0.9090909090909091,0.9485406283500151
8908,6,tma4_G1,0.0,0.5884250745733636,0.9444444444444444,0.8181279566503954
8909,6,tma4_G1,0.0,0.5329884947341166,0.8529411764705882,1.0
8910,6,tma4_G1,0.0,0.5984650369111915,0.85,1.0
8911,6,tma4_G1,0.0,0.25596083856564944,0.8356164383561644,1.0
8912,6,tma4_G1,0.0,0.4612640624200074,0.5365025466893039,1.0
8913,6,tma4_G1,0.0,0.3854547488495357,0.9,1.0
8914,6,tma4_G1,0.0,0.17762882305722982,0.8,0.8605251454932498
8915,6,tma4_G1,0.0,0.4827797957728316,1.0,0.7860858275623773
8916,6,tma4_G1,0.0,0.5062418168168253,0.782608695652174,0.8280267541756348
8917,6,tma4_D1,0.0,0.4953852903283783,0.6825396825396826,1.0
8918,6,tma4_D1,0.0,0.4233434254953079,0.7115384615384616,1.0
8919,6,tma4_D1,0.0,0.5510059378878345,0.7843137254901961,1.0
8920,6,tma4_D1,0.0,0.4989649629983257,0.782608695652174,0.7836592005178395
8921,6,tma4_D1,0.0,0.4606271729127023,0.6538461538461539,0.7765111681403333
8922,6,tma4_D1,0.0,0.6031455918829837,0.813953488372093,1.0
8923,6,tma4_F1,0.0,0.29133283089071693,0.95,0.7383714091599516
8924,6,tma4_F1,0.0,0.4326425496482157,0.7,1.0
8925,6,tma4_E1,0.0,0.6205269533860813,0.6818181818181818,1.0
8926,6,tma4_E1,0.0,0.42790740190655163,0.8125,0.9421144422808411
8927,6,tma4_D1,0.0,0.49670993787697915,0.7454545454545455,1.0
8928,6,tma4_D1,0.0,0.30203622794504936,0.8064516129032258,0.7258731754965683
8929,6,tma4_D1,0.0,0.4136462216606863,0.9285714285714286,1.0
8930,6,tma4_D1,0.0,0.6630366780622876,0.538647342995169,1.0
8931,6,tma4_F3,0.0,0.369747308205454,0.7384720677560099,1.0
8932,6,tma4_F3,0.0,0.7871821840322488,0.8088235294117647,1.0
8933,6,tma4_F3,0.0,0.4448663228431283,0.6455026455026455,0.8471164269435016
8934,6,tma4_F3,0.0,0.5210570404801071,0.88,0.9498666409245602
8935,6,tma4_E3,0.0,0.1677023991713067,1.0,0.7228878465546671
8936,6,tma4_E3,0.0,0.24337062923193642,0.5245641838351822,0.7629960546169237
8937,6,tma4_E3,0.0,0.04658063422332026,0.5895522388059702,0.7768687656799175
8938,6,tma4_E3,0.0,0.5588903761832009,0.6741573033707865,0.8398747362060999
8939,6,tma4_F3,0.0,0.4829633759054103,1.0,0.7629346140360662
8940,6,tma4_F3,0.0,0.747490657027847,0.7297297297297297,0.8855868543622915
8941,6,tma4_F3,0.0,0.46908633904545693,0.7428571428571429,0.8022535592697008
8942,6,tma4_F3,0.0,0.05830411574527994,0.7373737373737373,0.7920553382995578
8943,6,tma4_F3,0.0,0.04975922165056612,0.6697247706422018,0.733608108898682
8944,6,tma4_F3,0.0,0.524439303899358,0.6206896551724138,1.0
8945,6,tma4_F3,0.0,0.6387018035069605,0.5319148936170213,1.0
8946,6,tma4_C3,0.0,0.6771574000415772,0.9473684210526315,0.8249962534034532
8947,6,tma4_C3,0.0,0.4598101358716946,0.6111111111111112,0.7913735461260105
8948,6,tma4_C3,0.0,0.4661080505838492,0.6431297709923665,1.0
8949,6,tma4_C3,0.0,0.28609572938756855,0.967741935483871,0.9434632603769147
8950,6,tma4_C3,0.0,0.46468928580262425,1.0,1.0
8951,6,tma4_C3,0.0,0.2960192728313997,0.5984251968503937,1.0
8952,6,tma4_C3,0.0,0.16683559846788087,0.9230769230769231,0.7937958302493697
8953,6,tma4_C3,0.0,0.254169308241161,0.96,1.0
8954,6,tma4_C3,0.0,0.42869338127575507,0.90625,0.7996990840063141
8955,6,tma4_D2,0.0,0.7008841767794927,0.8857142857142857,1.0
8956,6,tma4_D2,0.0,0.6713027713206844,0.8636363636363636,0.8842289136981775
8957,6,tma4_D2,0.0,0.7429930142371057,0.9130434782608695,1.0
8958,6,tma4_D2,0.0,0.48333536322538473,0.875,0.7791070536993803
8959,6,tma4_F2,0.0,0.49675991502653805,0.49458483754512633,1.0
8960,6,tma4_F2,0.0,0.26884100282066214,1.0,0.7353389092918803
8961,6,tma4_F2,0.0,0.49101487600936666,0.8148148148148148,1.0
8962,6,tma4_D2,0.0,0.43415752447993516,1.0,1.0
8963,6,tma4_D2,0.0,0.670791700384294,0.7833333333333333,0.8482327103944449
8964,6,tma4_F1,0.0,0.4687135058400096,0.8,1.0
8965,6,tma4_F1,0.0,0.3442661015795747,0.9333333333333333,1.0
8966,6,tma4_F1,0.0,0.7720899827916173,0.6774193548387096,1.0
8967,6,tma4_F1,0.0,0.7451316337712491,0.8472222222222222,1.0
8968,6,tma4_F1,0.0,0.28321464180374734,0.88,0.7021865318855325
8969,6,tma4_E1,0.0,0.12676765779633514,0.9629629629629629,1.0
8970,6,tma4_E1,0.0,0.31321624568254947,0.96,0.8752329374273787
8971,6,tma4_D2,0.0,0.6648273183951857,1.0,1.0
8972,6,tma4_D2,0.0,0.6642773996193431,0.8493150684931506,0.8222862081711398
8973,6,tma4_D2,0.0,0.5690898863604954,0.6811594202898551,0.8135608450700901
8974,6,tma4_D2,0.0,0.6677217279886347,0.8076923076923077,0.911114678505195
8975,6,tma4_D2,0.0,0.2704688114753805,0.9714285714285714,0.7470613375592817
8976,6,tma4_D2,0.0,0.6452727805862299,0.6444444444444445,1.0
8977,6,tma4_D2,0.0,0.1175720628593021,0.9259259259259259,0.945065022694595
8978,6,tma4_D2,0.0,0.1154484585395339,0.734375,0.7649460060445573
8979,6,tma4_D2,0.0,0.2539342930023535,0.8,0.7173934988451863
8980,6,tma4_D2,0.0,0.16730350561374685,0.625,0.7160335318653204
8981,6,tma4_D2,0.0,0.3782284830028362,0.7196969696969697,1.0
8982,6,tma4_D2,0.0,0.5594666759964906,0.875,1.0
8983,6,tma4_D2,0.0,0.7068041541130384,0.8823529411764706,1.0
8984,6,tma4_E3,0.0,0.2871506536512084,0.7830863121185702,1.0
8985,6,tma4_E3,0.0,0.665256808798077,0.7434010558310671,1.0
8986,6,tma4_E3,0.0,0.7067768158346242,0.8421052631578947,1.0
8987,6,tma4_F3,0.0,0.4426862404362806,0.8214285714285714,1.0
8988,6,tma4_F3,0.0,0.2540210816537216,0.7105263157894737,0.8663128619861205
8989,6,tma4_F3,0.0,0.529294940077327,0.5649717514124294,0.8209046967444515
8990,6,tma4_F3,0.0,0.44888011981221076,0.5620437956204379,0.8175191699488802
8991,6,tma4_F3,0.0,0.41570992799842954,0.8214285714285714,1.0
8992,6,tma4_F3,0.0,0.11208656074480927,0.6046511627906976,0.9344650398239502
8993,6,tma4_F3,0.0,0.2742868969522816,0.8333333333333334,1.0
8994,6,tma4_F3,0.0,0.598493722658885,0.7272727272727273,1.0
8995,6,tma4_F3,0.0,0.49936489081395663,0.95,1.0
8996,6,tma4_F3,0.0,0.3206113763492332,0.9,0.871263384550609
8997,6,tma4_F3,0.0,0.7077204640672226,0.6727272727272727,1.0
8998,6,tma4_F3,0.0,0.004749575808038142,0.8431372549019608,0.7219645462338115
8999,6,tma4_F3,0.0,0.5031258872995432,0.723404255319149,1.0
9000,6,tma4_F3,0.0,0.3163432592340514,0.6571428571428571,0.8429710100295111
9001,6,tma4_F3,0.0,0.00520891229208853,0.8392857142857143,0.8543811450005963
9002,6,tma4_F3,0.0,0.15637818307893925,0.498567335243553,0.6961344145987856
9003,6,tma4_F3,0.0,0.4104031938783057,0.9285714285714286,1.0
9004,6,tma4_F3,0.010047330144995592,0.4142552433434896,0.7391304347826086,1.0
9005,6,tma4_F3,0.0,0.7295916090600785,0.673469387755102,1.0
9006,6,tma4_G2,0.0,0.4865123401693815,0.7951807228915663,1.0
9007,6,tma4_G2,0.0,0.5496580840979981,0.7380560131795717,1.0
9008,6,tma4_G2,0.0,0.6202920549517058,0.9333333333333333,1.0
9009,6,tma4_G2,0.0,0.4964856694296744,0.8173076923076923,0.9260475107380193
9010,6,tma4_G2,0.0,0.5571710307973698,0.44548835388530045,1.0
9011,6,tma4_G2,0.0,0.490122053706036,0.896551724137931,0.9486166756784881
9012,6,tma4_G2,0.0,0.4833014268406045,0.8666666666666667,0.7665621634947533
9013,6,tma4_G2,0.0,0.27327563703492674,0.9545454545454546,0.7147910469701584
9014,6,tma4_G2,0.0,0.15517166729645915,0.8518518518518519,0.9456540873933862
9015,6,tma4_G2,0.0,0.17722016368300542,0.6363636363636364,0.7345001958515911
9016,6,tma4_G2,0.0,0.6325769312412304,1.0,1.0
9017,6,tma4_F3,0.0,0.04761378198629018,0.5328467153284672,1.0
9018,6,tma4_F3,0.0,0.5248567545970599,0.8571428571428571,1.0
9019,6,tma4_G2,0.0,0.2782095914557633,0.8813559322033898,0.7425617095776537
9020,6,tma4_G2,0.0,0.685446644912955,0.9285714285714286,1.0
9021,6,tma4_G2,0.0,0.7898605725042693,0.967741935483871,0.8839700889969511
9022,6,tma4_G2,0.0,0.3363178578655751,1.0,1.0
9023,6,tma4_G2,0.0,0.642056026751715,0.9473684210526315,1.0
9024,6,tma4_G2,0.0,0.42632752935525464,0.9545454545454546,1.0
9025,6,tma4_F3,0.0,0.02899192716211363,0.9642857142857143,0.6748722906788713
9026,6,tma4_E3,0.0,0.4452300707109347,0.8717948717948718,0.7926393751819248
9027,6,tma4_E3,0.0,0.6601314103064271,0.88,0.8912279202975489
9028,6,tma4_E3,0.0,0.7001784067121495,0.7448979591836735,0.913207378265666
9029,6,tma4_E3,0.0,0.537846783986863,0.5114709851551957,1.0
9030,6,tma4_E3,0.0,0.5948478631367586,0.8409090909090909,1.0
9031,6,tma4_E3,0.0,0.13353529976565137,0.6022304832713755,0.9263740258994825
9032,6,tma4_E3,0.0,0.5179914502259919,0.6140350877192983,0.796611000276318
9033,6,tma4_E3,0.0,0.44824237006791834,0.8823529411764706,0.875667689032638
9034,6,tma4_D2,0.0,0.43256915891623327,0.7368421052631579,0.6801430735078132
9035,6,tma1_D2,0.0,0.3726609333161762,0.9072164948453608,1.0
9036,6,tma1_D2,0.0,0.544340245196272,0.8571428571428571,1.0
9037,6,tma1_B2,0.0,0.3305268424585325,0.8,0.7528344856477934
9038,6,tma1_B2,0.0,0.22928255353211335,0.96,1.0
9039,6,tma1_B2,0.0,0.45584883660726183,0.7761194029850746,0.7950311515422868
9040,6,tma1_B2,0.0,0.36061932518921613,1.0,1.0
9041,6,tma1_B2,0.0,0.394201652301444,1.0,0.7701965890399692
9042,6,tma1_B2,0.0,0.6410885325620286,0.746268656716418,1.0
9043,6,tma1_B2,0.0,0.45836795661538654,0.9,1.0
9044,6,tma1_B2,0.0,0.6292412955024516,0.6428571428571429,1.0
9045,6,tma1_B2,0.0,0.4989060178134077,0.6083743842364532,1.0
9046,6,tma1_B2,0.0,0.1377233872815562,0.9210526315789473,0.7138175061389324
9047,6,tma1_B2,0.0,0.7090178581333741,0.8260869565217391,1.0
9048,6,tma1_B2,0.0,0.46983822198241676,0.803921568627451,0.786486894164242
9049,6,tma1_A2,0.0,0.4114468569285503,0.6528925619834711,1.0
9050,6,tma1_A2,0.0,0.6124662572728814,0.9090909090909091,1.0
9051,6,tma1_A2,0.0,0.47546071320237393,0.75,0.817510809297019
9052,6,tma1_B2,0.0,0.034167634812043546,0.8333333333333334,0.7223126704952725
9053,6,tma1_B2,0.0,0.6335460035240554,0.9428571428571428,1.0
9054,6,tma1_B2,0.0,0.4119402433004369,1.0,1.0
9055,6,tma1_D1,0.0,0.6342491810038752,0.8260869565217391,0.8586214918980538
9056,6,tma1_D1,0.0,0.506707884006926,0.8415841584158416,1.0
9057,6,tma1_D1,0.0,0.10608891249502239,1.0,0.8987735201860094
9058,6,tma1_D1,0.0,0.12173681499020417,0.96875,0.9485387578940857
9059,6,tma1_D1,0.0,0.5986802632687398,0.7641509433962265,1.0
9060,6,tma1_D1,0.0,0.6325542111191438,0.9173838209982789,1.0
9061,6,tma1_D1,0.0,0.6197487273479674,0.8518518518518519,1.0
9062,6,tma1_D1,0.0,0.09806687935023328,1.0,0.8146115983010742
9063,6,tma1_D1,0.0,0.3189655913346109,1.0,1.0
9064,6,tma1_D1,0.0,0.5980037700538923,1.0,1.0
9065,6,tma1_D1,0.0,0.44613744791348253,0.6963276836158192,0.7686764845168296
9066,6,tma1_D1,0.0,0.36390056489602574,0.6666666666666666,1.0
9067,6,tma1_D1,0.0,0.48097372621060663,0.7763157894736842,1.0
9068,6,tma1_D1,0.0,0.3816986355421632,0.859375,1.0
9069,6,tma1_D1,0.0,0.4047609230917031,0.8181818181818182,0.9019603279161352
9070,6,tma1_D1,0.0,0.30597674736869973,1.0,0.7057667515348504
9071,6,tma1_D1,0.0,0.30543747378761466,1.0,0.9257054667098482
9072,6,tma1_D1,0.0,0.5590172537083267,1.0,1.0
9073,6,tma1_D1,0.0,0.6534922003249033,0.9411764705882353,1.0
9074,6,tma1_D1,0.0,0.04431020579341649,0.9615384615384616,0.8773826226351968
9075,6,tma1_D1,0.0,0.5696373932960096,0.9629629629629629,0.870933265521086
9076,6,tma1_D1,0.0,0.22808524153181065,0.8559670781893004,1.0
9077,6,tma1_D1,0.07006925728688329,0.057762830592921866,0.7337278106508875,0.7351981845038734
9078,6,tma1_D1,0.0,0.7130301436609623,0.8,0.8766590468927298
9079,6,tma1_D1,0.0,0.46393219962974075,0.8571428571428571,0.7856185131938717
9080,6,tma1_D1,0.0,0.632982146780132,1.0,1.0
9081,6,tma1_D1,0.0,0.7298589940632819,0.8888888888888888,1.0
9082,6,tma1_D1,0.0,0.02338548798009432,1.0,0.8909110867210639
9083,6,tma1_D1,0.0,0.3968032057143003,0.6046511627906976,0.9067962689256424
9084,6,tma1_D1,0.0,0.594711025079568,0.38235294117647056,1.0
9085,6,tma1_D1,0.0,0.600519443386826,0.8636363636363636,1.0
9086,6,tma1_F1,0.0,0.14790008338226723,1.0,1.0
9087,6,tma1_F1,0.0,0.4723016200609841,1.0,0.7973890828448247
9088,6,tma1_F1,0.0,0.037243218837056946,0.5187319884726225,1.0
9089,6,tma1_F1,0.0,0.3233025666929191,0.8177895784931961,1.0
9090,6,tma1_F1,0.0,0.5884551613709071,0.6455696202531646,1.0
9091,6,tma1_F1,0.0,0.06581272049544207,0.9696969696969697,1.0
9092,6,tma1_F1,0.0,0.6067108111477333,0.7051282051282052,0.8280883260448314
9093,6,tma1_F1,0.0,0.3367382203779167,0.6981132075471698,1.0
9094,6,tma1_F1,0.0,0.4726118312287142,0.9375,0.7837083177764942
9095,6,tma1_F1,0.0,0.32969517537515614,0.6896551724137931,0.8028412140047161
9096,6,tma1_F1,0.0,0.6160894216755097,0.8301886792452831,1.0
9097,6,tma1_F1,0.0,0.4691922214382749,0.8571428571428571,1.0
9098,6,tma1_F1,0.0,0.2404245390008538,0.8461538461538461,0.6885555219410149
9099,6,tma1_F1,0.0,0.43415179251246383,0.7027027027027027,0.762008697682689
9100,6,tma1_E1,0.0,0.12452495601822777,0.9487179487179487,1.0
9101,6,tma1_E1,0.0,0.48650268621369086,0.9411764705882353,1.0
9102,6,tma1_E1,0.0,0.5701361995699372,0.8125,1.0
9103,6,tma1_E1,0.0,0.23538917295511264,0.7894736842105263,1.0
9104,6,tma1_E1,0.0,0.7387688684349409,0.6756756756756757,1.0
9105,6,tma1_E1,0.0,0.42848805847206417,0.7872340425531915,0.9190084968084903
9106,6,tma1_E1,0.0,0.38486992317679225,0.9545454545454546,1.0
9107,6,tma1_E1,0.0,0.49362102743524594,1.0,1.0
9108,6,tma1_E1,0.0,0.2864914831018761,0.6915422885572139,0.8202420924094989
9109,6,tma1_E1,0.0,0.6600291834347313,0.6233062330623306,1.0
9110,6,tma1_E1,0.0,0.6269289824445188,0.8235294117647058,1.0
9111,6,tma1_E1,0.0,0.4768692548452669,0.7627118644067796,1.0
9112,6,tma1_E1,0.0,0.5911076141458724,0.9047619047619048,1.0
9113,6,tma1_E1,0.0,0.49465588006394345,0.8260869565217391,0.9228828263089007
9114,6,tma1_E1,0.0,0.4375961284132064,0.5456595264937993,0.7992017386715987
9115,6,tma1_E1,0.0,0.4083405704678901,0.6551724137931034,0.7332567413962426
9116,6,tma1_F1,0.0,0.48160502094390045,1.0,0.9469616861278006
9117,6,tma1_E1,0.0,0.5001898193234746,0.6605166051660517,1.0
9118,6,tma1_E1,0.0,0.6552180672315882,1.0,1.0
9119,6,tma1_F1,0.0,0.15327318795557832,0.8387096774193549,0.7809768019903306
9120,6,tma1_F1,0.0,0.36511180413117605,0.7045454545454546,1.0
9121,6,tma1_E1,0.0,0.5299184607919503,0.7590361445783133,1.0
9122,6,tma1_E1,0.0,0.6921713200712776,0.8157894736842105,0.8716137706085214
9123,6,tma1_E1,0.0,0.025345177481182812,1.0,0.7599384263603106
9124,6,tma1_E1,0.0,0.46561357553632177,0.8888888888888888,0.7616020683874622
9125,6,tma1_E1,0.0,0.6510014912784732,0.675,1.0
9126,6,tma1_E1,0.0,0.6254737093998245,0.6513761467889908,1.0
9127,6,tma1_C2,0.0,0.5768970169498098,0.875,0.9204002404654296
9128,6,tma1_C2,0.0,0.006021446447223022,0.6901408450704225,1.0
9129,6,tma1_C2,0.0,0.5865328215808137,0.782608695652174,1.0
9130,6,tma1_D2,0.0,0.38515016563010895,1.0,1.0
9131,6,tma1_C2,0.0,0.44755168711065185,0.7720588235294118,0.8983759256658891
9132,6,tma1_B2,0.0,0.3768764018029951,1.0,1.0
9133,6,tma1_E2,0.0,0.5808340708734309,0.8064516129032258,0.9259425721113596
9134,6,tma1_E2,0.0,0.40181912167931244,0.7361111111111112,0.8740554374076532
9135,6,tma1_E2,0.0,0.3462637110116463,0.8823529411764706,1.0
9136,6,tma1_E2,0.0,0.5847410505192118,0.7569060773480663,1.0
9137,6,tma1_E2,0.0,0.40481677034815144,0.4981213097155126,1.0
9138,6,tma1_E2,0.0,0.11828425086551653,0.8541666666666666,0.8269857022961822
9139,6,tma1_E2,0.0,0.5238922302197775,0.9285714285714286,1.0
9140,6,tma1_E2,0.0,0.715281700040874,0.7222222222222222,1.0
9141,6,tma1_E2,0.0,0.4819963476584084,0.7160493827160493,1.0
9142,6,tma1_E2,0.0,0.419214661297845,0.6710526315789473,0.9053766366760131
9143,6,tma1_E2,0.0,0.36264566599881376,0.9418604651162791,0.7412584657119804
9144,6,tma1_E2,0.0,0.3130523818001638,0.7352941176470589,1.0
9145,6,tma1_E2,0.0,0.03925380047861704,0.9230769230769231,0.7117861994081878
9146,6,tma1_E2,0.0,0.44270711710262645,0.9803921568627451,0.8935335262514463
9147,6,tma1_E2,0.0,0.798298135539874,0.7935483870967742,1.0
9148,6,tma1_E2,0.0,0.5642403445051867,0.7192982456140351,1.0
9149,6,tma1_E2,0.0,0.4060621132970822,0.82,0.7617277019249439
9150,6,tma1_E2,0.0,0.5628307132784252,0.7105263157894737,1.0
9151,6,tma1_E2,0.0,0.22929729887096584,0.9324324324324325,0.7424886182871354
9152,6,tma1_E2,0.0,0.8375378672548556,1.0,1.0
9153,6,tma1_E2,0.0,0.7443368111765372,1.0,1.0
9154,6,tma1_E2,0.0,0.3299079087093504,1.0,1.0
9155,6,tma1_E2,0.0,0.05553065203541152,1.0,0.8026318502104118
9156,6,tma1_B2,0.0,0.07436942591574192,1.0,0.6267117524096404
9157,6,tma1_A2,0.0,0.556943361837037,0.9565217391304348,1.0
9158,3,tma3_D1,0.0,0.4343113924319959,0.8787878787878788,0.8876165739247946
9159,3,tma3_E1,0.0,0.369734687281557,0.6578947368421053,0.8695399314916599
9160,3,tma3_F2,0.0,0.22023698737139397,0.5,0.9033020315950393
9161,3,tma3_F2,0.0,0.5193055834718565,0.7727272727272727,1.0
9162,3,tma3_F2,0.0,0.5189397421278505,0.8421052631578947,0.9070881864625078
9163,3,tma3_F2,0.0,0.20456794981025206,0.5555555555555556,0.7026775211940395
9164,3,tma3_E2,0.0,0.49125173218225215,0.9,1.0
9165,3,tma3_F2,0.0,0.44073889554077006,0.7391304347826086,0.7481296144012399
9166,3,tma3_F2,0.0,0.5516640357908216,1.0,0.8694962880331449
9167,3,tma3_E3,0.0,0.33709423289932805,0.5140664961636828,1.0
9168,3,tma3_C3,0.0,0.2127847473728781,0.6052631578947368,1.0
9169,3,tma3_D3,0.0,0.5882301924979851,0.9333333333333333,0.8430443576466456
9170,3,tma3_F3,0.0,0.4662302171965713,0.9285714285714286,0.8002974025402976
9171,3,tma3_F3,0.0,0.47535369438017694,0.875,0.8307835774049951
9172,3,tma3_D2,0.0,0.604411368534066,1.0,0.8203409630302059
9173,3,tma2_D1,0.0,0.5631950767448984,0.7222222222222222,1.0
9174,3,tma2_F1,0.0,0.010032942291579139,0.875,0.8867441128855449
9175,3,tma2_E1,0.0,0.4919051386304928,0.8214285714285714,0.7907663287517034
9176,3,tma2_B2,0.0,0.4887443117770719,0.9411764705882353,1.0
9177,3,tma2_F1,0.0,0.512357945947564,0.6530612244897959,1.0
9178,3,tma2_F1,0.0,0.49689889969074286,0.6078431372549019,1.0
9179,3,tma2_F1,0.0,0.5749185088421168,0.875,1.0
9180,3,tma2_E2,0.0,0.4185984797765494,0.5428571428571428,0.7857087348616772
9181,3,tma2_E2,0.0,0.43373107269724853,0.7058823529411765,1.0
9182,3,tma2_E2,0.0,0.49111477936444803,0.7647058823529411,0.86110437135391
9183,3,tma2_E2,0.0,0.5338589944472751,0.6538461538461539,0.8056941309153753
9184,3,tma2_E2,0.0,0.3240422243582334,0.8888888888888888,0.7442026638493874
9185,3,tma2_D3,0.0,0.20283263961074394,0.9444444444444444,0.7163544797312255
9186,3,tma2_E3,0.0,0.7407890079513648,0.5851063829787234,1.0
9187,3,tma2_E1,0.0,0.6528536392575188,0.6,1.0
9188,3,tma2_F1,0.0,0.4859956068810607,0.6102941176470589,1.0
9189,3,tma4_C2,0.0,0.3210067837853967,0.5892857142857143,0.7401676923883221
9190,3,tma4_D1,0.0,0.45217975495581697,0.6756756756756757,1.0
9191,3,tma4_E1,0.0,0.576329254946473,0.9545454545454546,1.0
9192,3,tma4_D1,0.0,0.505328830992114,0.5348837209302325,0.8863438099025636
9193,3,tma4_E3,0.0,0.3810684430239545,0.9047619047619048,0.7576491450789313
9194,3,tma4_E3,0.0,0.5980560069391098,0.8823529411764706,1.0
9195,3,tma4_E3,0.0,0.22090150781038886,0.46153846153846156,0.812596529451143
9196,3,tma4_F3,0.0,0.499849947640823,0.7222222222222222,1.0
9197,3,tma4_C3,0.0,0.5216006141756007,1.0,1.0
9198,3,tma4_D2,0.0,0.6985387563507519,0.8571428571428571,1.0
9199,3,tma4_D2,0.0,0.6622243666950753,0.8333333333333334,1.0
9200,3,tma4_D2,0.0,0.3121466192528236,1.0,0.8255407698635936
9201,3,tma4_D2,0.0,0.45124726687624384,0.835820895522388,1.0
9202,3,tma4_F3,0.0,0.5169287667909555,0.7592592592592593,1.0
9203,3,tma4_G2,0.0,0.5011323962800792,0.38095238095238093,0.8799840033496522
9204,3,tma4_G2,0.0,0.5186239972816782,0.9375,0.9208045571734061
9205,3,tma4_G2,0.0,0.7175485774227651,0.9375,0.9291488062311433
9206,3,tma4_F3,0.0,0.14354220813140273,0.6666666666666666,1.0
9207,3,tma4_F3,0.0,0.40984045405696534,0.9473684210526315,1.0
9208,3,tma4_E3,0.0,0.6607901968559327,0.7,1.0
9209,3,tma4_E3,0.0,0.5489983955502564,0.7894736842105263,1.0
9210,3,tma4_E3,0.0,0.6543355380889081,0.52,1.0
9211,3,tma4_F1,0.0,0.7228545483893904,0.9375,0.8660158935113146
9212,3,tma1_D1,0.0,0.2042690709740037,0.4583333333333333,0.6922591789289358
9213,3,tma1_F1,0.0,0.6180880626608182,0.6086956521739131,1.0
9214,3,tma1_F1,0.0,0.05472484197870475,0.7142857142857143,0.8259363606643417
9215,3,tma1_E1,0.0,0.43293051727087384,0.6538461538461539,0.7957725629923534
9216,3,tma1_E1,0.0,0.1880000011287466,0.7857142857142857,0.7500127504678105
9217,3,tma1_E1,0.0,0.0855010807244253,0.7941176470588235,0.7299358549642784
9218,3,tma1_E2,0.0,0.6685196487863185,0.8372093023255814,1.0
9219,3,tma1_E2,0.0,0.5292583078008122,0.7415730337078652,1.0
9220,3,tma1_E2,0.0,0.48916143756715647,0.8,1.0
9221,3,tma1_E2,0.1597270472296327,0.06265973560448146,0.9375,0.816222627367193
9222,3,tma1_E2,0.0,0.11422028306770537,0.9375,0.8149178376445536
9223,3,tma1_D2,0.0,0.3744180167101856,0.9473684210526315,1.0
9224,3,tma1_D2,0.0,0.5548137619316293,0.8214285714285714,1.0
9225,3,tma1_E2,0.0,0.8165350244694615,0.9375,1.0
9226,3,tma1_E1,0.0,0.3742422173858889,0.9333333333333333,1.0
9227,8,tma3_E1,0.0,0.22657058866095658,0.6551724137931034,0.9032750843432584
9228,8,tma3_E1,0.0,0.018635572842571557,0.7931034482758621,0.7335181735822879
9229,8,tma3_E1,0.0,0.1981209887761487,1.0,0.9247420045725608
9230,8,tma3_E1,0.0,0.7185243152549099,0.3956001543805481,1.0
9231,8,tma3_E1,0.0,0.2587530569537049,0.9473684210526315,0.8559314107048517
9232,8,tma3_E1,0.0,0.5462530915642257,0.9615384615384616,0.904092609562955
9233,8,tma3_E1,0.0,0.5437516200556547,0.5981308411214953,1.0
9234,8,tma3_E1,0.0,0.19571129209231797,1.0,0.893769625270443
9235,8,tma3_E1,0.0,0.4778528294227088,0.875,0.8478552733368901
9236,8,tma3_E1,0.0,0.332754450394774,1.0,0.8684015547554631
9237,8,tma3_E1,0.0,0.242891151524403,0.8947368421052632,0.8476187027636323
9238,8,tma3_E1,0.0,0.5223940302243001,0.9444444444444444,1.0
9239,8,tma3_E1,0.0,0.01462034587864347,0.7671232876712328,0.7282941695416977
9240,8,tma3_E1,0.0,0.6657009191395614,0.8823529411764706,1.0
9241,8,tma3_E1,0.0,0.5122872717312241,0.8947368421052632,1.0
9242,8,tma3_E1,0.0,0.2530042508454142,1.0,1.0
9243,8,tma3_C2,0.0,0.16631537668201157,0.9811320754716981,1.0
9244,8,tma3_E2,0.0,0.3980724150193652,0.8846153846153846,0.7352269271640103
9245,8,tma3_E2,0.0,0.5048429989844098,0.7183098591549296,1.0
9246,8,tma3_E2,0.0,0.22391328132821076,1.0,1.0
9247,8,tma3_E2,0.0,0.745357502293616,0.8604651162790697,0.9363369477441938
9248,8,tma3_D2,0.0,0.530176694686959,0.8392857142857143,1.0
9249,8,tma3_E2,0.0,0.4643389014950233,1.0,0.7596430525290848
9250,8,tma3_E2,0.0,0.04950024072312931,0.8275862068965517,0.789108540149245
9251,8,tma3_E1,0.0,0.49728316104369863,0.96,1.0
9252,8,tma3_E1,0.0,0.3777199114047233,0.875,0.9180141492596763
9253,8,tma3_E1,0.0,0.2956187486431663,0.5871559633027523,1.0
9254,8,tma3_E1,0.0,0.01140824687927644,0.696113074204947,1.0
9255,8,tma3_E1,0.0,0.2026327844553083,1.0,0.7009829030082921
9256,8,tma3_E1,0.0,0.6702122759171605,0.875,1.0
9257,8,tma3_E1,0.0,0.4805150216444498,0.8723404255319149,0.7854862847100798
9258,8,tma3_E1,0.0,0.6739183049241884,0.9333333333333333,1.0
9259,8,tma3_E1,0.0,0.42457573530562276,0.7222222222222222,1.0
9260,8,tma3_E1,0.0,0.34346512061184353,0.696969696969697,1.0
9261,8,tma3_E1,0.0,0.24907843457573176,0.6363636363636364,0.7335946859742256
9262,8,tma3_E1,0.0,0.4225238594208204,0.7538461538461538,0.8168719306499314
9263,8,tma3_E1,0.0,0.37207142430032847,1.0,1.0
9264,8,tma3_D1,0.0,0.38350334480999315,0.9130434782608695,1.0
9265,8,tma3_D1,0.0,0.17191610673577584,1.0,0.7161367567699655
9266,8,tma3_F2,0.0,0.5304731578481525,0.6987951807228916,0.8717107089848112
9267,8,tma3_F2,0.0,0.3305173094860392,1.0,0.7596557766794618
9268,8,tma3_F2,0.0,0.6485679923385931,0.8666666666666667,1.0
9269,8,tma3_F2,0.0,0.3352266046941419,0.9090909090909091,1.0
9270,8,tma3_F2,0.0,0.5709616414546803,0.7662337662337663,1.0
9271,8,tma3_F2,0.0,0.15153055726972753,1.0,1.0
9272,8,tma3_F2,0.0,0.3918559666764473,0.773109243697479,1.0
9273,8,tma3_F2,0.0,0.19435405547175655,0.8787878787878788,0.8263401692187029
9274,8,tma3_F2,0.0,0.19092474372342083,0.7567567567567568,0.945996421128659
9275,8,tma3_F2,0.0,0.6394830772955661,1.0,1.0
9276,8,tma3_F2,0.0,0.2925897968833546,1.0,1.0
9277,8,tma3_F2,0.0,0.06342496568918865,0.822429906542056,1.0
9278,8,tma3_F2,0.0,0.3540722551900085,0.6587837837837838,1.0
9279,8,tma3_F2,0.0,0.5226933335321362,0.9148936170212766,1.0
9280,8,tma3_F2,0.0,0.3814145950878941,1.0,0.8442337354112114
9281,8,tma3_F1,0.0,0.11966405764773969,0.46577380952380953,0.7182123999774953
9282,8,tma3_F1,0.0,0.08297826793453722,0.9090909090909091,0.8864040719959582
9283,8,tma3_F1,0.0,0.5219727023278284,0.9375,1.0
9284,8,tma3_F1,0.0,0.3152503126930848,0.6589861751152074,0.8315221957291812
9285,8,tma3_F1,0.0,0.6767624820058113,0.8,1.0
9286,8,tma3_F1,0.0,0.3577305913032828,0.8181818181818182,0.7256023067887288
9287,8,tma3_F1,0.0,0.1077493946015251,0.8888888888888888,0.6837923750181635
9288,8,tma3_F1,0.0,0.6316246726705279,0.7692307692307693,1.0
9289,8,tma3_F1,0.0,0.424471480114865,0.8518518518518519,1.0
9290,8,tma3_F1,0.0,0.10218448879255237,0.6454545454545455,0.6981159504824663
9291,8,tma3_F1,0.0,0.5985502866296317,0.6521739130434783,1.0
9292,8,tma3_F1,0.0,0.5984969312676922,0.8775510204081632,1.0
9293,8,tma3_F1,0.0,0.5735046729800736,1.0,1.0
9294,8,tma3_E1,0.0,0.6964214048496555,0.7804878048780488,1.0
9295,8,tma3_E1,0.0,0.6208489472553504,0.8260869565217391,1.0
9296,8,tma3_E1,0.0,0.5083287646418405,0.875,1.0
9297,8,tma3_F2,0.0,0.47503937208951186,0.7703703703703704,1.0
9298,8,tma3_F2,0.0,0.612329803735188,0.9444444444444444,1.0
9299,8,tma3_F2,0.0,0.41641364875039233,1.0,1.0
9300,8,tma3_F2,0.0,0.4438821379806781,0.9230769230769231,0.9310509759909972
9301,8,tma3_F2,0.0,0.39872507827852366,0.8738738738738738,1.0
9302,8,tma3_F2,0.0,0.41446685226954894,0.7195121951219512,0.8048582160394887
9303,8,tma3_F2,0.0,0.4388346125892908,0.7391304347826086,1.0
9304,8,tma3_F2,0.0,0.14595785553771545,0.8461538461538461,0.8820706694194399
9305,8,tma3_F2,0.0,0.0775723937327546,0.8220858895705522,0.76772627223961
9306,8,tma3_F2,0.0,0.29033080953832635,0.9090909090909091,0.8695744123974664
9307,8,tma3_F2,0.0,0.03069661521009681,1.0,0.8974939245068032
9308,8,tma3_F2,0.0,0.3749672044877509,0.9245283018867925,1.0
9309,8,tma3_F2,0.0,0.2862014866493573,0.9375,0.878114387930448
9310,8,tma3_F2,0.0,0.33387049669105273,1.0,0.8652470579257133
9311,8,tma3_F2,0.0,0.1747390759934292,1.0,0.8723178862224694
9312,8,tma3_F2,0.0,0.15546891211762337,1.0,0.8419468200649717
9313,8,tma3_F2,0.0,0.004040198803249018,0.8823529411764706,0.8429657763810194
9314,8,tma3_F2,0.0,0.4232014026988479,1.0,0.7121277770620172
9315,8,tma3_F2,0.0,0.423405061416702,1.0,0.7727986020480047
9316,8,tma3_F2,0.0,0.2973691362942993,1.0,1.0
9317,8,tma3_F2,0.0,0.4840618572404023,0.9302325581395349,1.0
9318,8,tma3_F2,0.0,0.5583604481432246,0.6538461538461539,1.0
9319,8,tma3_F2,0.0,0.3604916073420763,0.9078947368421053,1.0
9320,8,tma3_F2,0.0,0.41616383612066454,0.7741935483870968,0.8180789669059135
9321,8,tma3_F2,0.0,0.16552646344404232,1.0,0.7991939992313315
9322,8,tma3_D3,0.0,0.7712194714089097,1.0,1.0
9323,8,tma3_D3,0.0,0.23103851359234062,0.8888888888888888,0.734782268184275
9324,8,tma3_F2,0.0,0.18493220153320422,1.0,0.6996656595426832
9325,8,tma3_F2,0.0,0.5293325922953228,0.6071428571428571,1.0
9326,8,tma3_E2,0.0,0.2939308417127219,1.0,0.7423157680588053
9327,8,tma3_E2,0.0,0.47070233371082104,0.9428571428571428,1.0
9328,8,tma3_E2,0.0,0.271438340513951,1.0,1.0
9329,8,tma3_F2,0.0,0.06418833690727765,0.8260869565217391,0.879846627520925
9330,8,tma3_F2,0.0,0.43870879481560743,1.0,0.8531061612864711
9331,8,tma3_E2,0.0,0.5455911781273103,0.9523809523809523,1.0
9332,8,tma3_E2,0.0,0.45851468295550746,0.7253886010362695,0.7642069767691159
9333,8,tma3_E2,0.0,0.4735981813893815,0.5357142857142857,1.0
9334,8,tma3_F3,0.0,0.2553975250703798,0.8095238095238095,0.7807777096596329
9335,8,tma3_F3,0.0,0.5240313707472811,0.7205882352941176,1.0
9336,8,tma3_F3,0.0,0.2596869926616262,0.7272727272727273,0.7124295026585165
9337,8,tma3_F3,0.0,0.6773888376810917,0.6256410256410256,1.0
9338,8,tma3_E3,0.0,0.3794739952883446,0.9523809523809523,0.8754594183869082
9339,8,tma3_E3,0.0,0.38520920793706404,1.0,0.9157561824772488
9340,8,tma3_E3,0.0,0.43547305281937343,1.0,0.8713665486487192
9341,8,tma3_E3,0.0,0.6092650845326153,0.9565217391304348,1.0
9342,8,tma3_E3,0.0,0.49833337356275687,0.8478260869565217,1.0
9343,8,tma3_E3,0.0,0.5292820504239177,0.967741935483871,1.0
9344,8,tma3_D3,0.0,0.46409749289668667,0.5550139275766016,1.0
9345,8,tma3_D3,0.0,0.3024512055114549,0.6918918918918919,1.0
9346,8,tma3_D3,0.0,0.6116841927977039,0.9333333333333333,1.0
9347,8,tma3_D3,0.0,0.13020962214587928,0.9375,0.8521467626872896
9348,8,tma3_D3,0.0,0.4737688329550428,0.8125,1.0
9349,8,tma3_D3,0.0,0.5804788707980207,0.7459016393442623,1.0
9350,8,tma3_D3,0.0,0.23359441079419485,0.8666666666666667,0.7891053713114867
9351,8,tma3_D3,0.0,0.1489295036728333,0.8444444444444444,0.6820123276075125
9352,8,tma3_D3,0.0,0.2411491423975889,1.0,1.0
9353,8,tma3_D3,0.0,0.4154813369681538,0.8192771084337349,1.0
9354,8,tma3_E3,0.0,0.22098550370148096,1.0,0.8530467544098501
9355,8,tma3_E3,0.0,0.3690099191367704,1.0,1.0
9356,8,tma3_E3,0.0,0.027541017157340253,1.0,0.7419643665419983
9357,8,tma3_E3,0.0,0.43057874691852704,0.9411764705882353,1.0
9358,8,tma3_E3,0.0,0.3172646728403692,0.918918918918919,0.7642169223668573
9359,8,tma3_E3,0.0,0.17940554095150885,0.8392857142857143,1.0
9360,8,tma3_E3,0.0,0.5075858093767667,0.65,1.0
9361,8,tma3_E3,0.0,0.2811714760059285,1.0,1.0
9362,8,tma3_F3,0.0,0.3255867188171393,1.0,0.7376136121250044
9363,8,tma3_F3,0.0,0.5338161197040006,0.9795918367346939,1.0
9364,8,tma3_E3,0.0,0.26088681762768484,0.7471264367816092,0.7710109686201206
9365,8,tma3_E3,0.0,0.3832947257792674,0.8387096774193549,0.9065661811585376
9366,8,tma3_F3,0.0,0.3299262051286803,1.0,1.0
9367,8,tma3_F3,0.0,0.34876315895848675,1.0,1.0
9368,8,tma3_E3,0.0,0.28204337119031986,0.925,0.8697820857490024
9369,8,tma3_E3,0.0,0.13763580798291586,1.0,0.8990468176615444
9370,8,tma3_E3,0.0,0.2561098808414687,1.0,0.8640429138710395
9371,8,tma3_D3,0.0,0.29880432320986827,0.7708333333333334,0.7655013119018419
9372,8,tma3_D3,0.0,0.5840999488111573,1.0,0.8086318056823645
9373,8,tma3_D3,0.0,0.4400634326242826,0.9,0.8840439378796673
9374,8,tma3_D3,0.0,0.5075587404967281,0.5643564356435643,1.0
9375,8,tma3_D3,0.0,0.25209085485847715,0.8658536585365854,0.6863310956358178
9376,8,tma3_C3,0.0,0.22587324141435383,1.0,1.0
9377,8,tma3_C3,0.0,0.39705626997693,0.9545454545454546,1.0
9378,8,tma3_C3,0.0,0.25828320975029684,1.0,1.0
9379,8,tma3_C3,0.0,0.13443823332198612,1.0,1.0
9380,8,tma3_C3,0.0,0.33097346320002463,1.0,1.0
9381,8,tma3_C3,0.0,0.21467214724799077,0.9,0.749245833457796
9382,8,tma3_C3,0.0,0.11299287373564781,0.684863523573201,0.7588529082085459
9383,8,tma3_C3,0.0,0.507254580217213,1.0,1.0
9384,8,tma3_C3,0.0,0.5915356201091162,0.85,0.7956489114207145
9385,8,tma3_C3,0.0,0.5091347695654105,0.9318181818181818,1.0
9386,8,tma3_C3,0.0,0.1944961949710261,1.0,1.0
9387,8,tma3_C3,0.0,0.13134166994582241,1.0,1.0
9388,8,tma3_C3,0.0,0.21632152731486232,1.0,0.7264006554563814
9389,8,tma3_C3,0.0,0.26560196036169903,1.0,1.0
9390,8,tma3_C3,0.0,0.2502120950171076,0.602291325695581,0.8032441130366866
9391,8,tma3_C3,0.0,0.4716335319254449,0.875,0.9196822563458945
9392,8,tma3_C3,0.0,0.43408158404029573,0.9285714285714286,1.0
9393,8,tma3_C3,0.0,0.4635947480513375,1.0,1.0
9394,8,tma3_C3,0.0,0.44819757806285687,0.6458333333333334,0.9036460689442765
9395,8,tma3_C3,0.0,0.2174841688670317,1.0,1.0
9396,8,tma3_C3,0.0,0.17089553283341963,0.7962962962962963,0.903523435527937
9397,8,tma3_C3,0.0,0.1000227669060092,0.6181818181818182,0.7223506590606238
9398,8,tma3_C3,0.0,0.07733493511816392,0.6161971830985915,0.8383254742173308
9399,8,tma3_C3,0.0,0.2963859107426823,0.975609756097561,0.6877492873610928
9400,8,tma3_C3,0.0,0.07488134473207853,1.0,0.8275024100227666
9401,8,tma3_C3,0.0,0.6584406698295648,0.7727272727272727,1.0
9402,8,tma3_C3,0.0,0.44453232363820705,1.0,0.7963743023371698
9403,8,tma3_C3,0.0,0.46747098992558966,0.9375,0.9301646370018656
9404,8,tma3_C3,0.0,0.6797656647938624,0.6808510638297872,0.948515406168114
9405,8,tma3_C3,0.0,0.636294804366749,0.5784313725490197,1.0
9406,8,tma3_C3,0.0,0.5612472476971477,0.9583333333333334,1.0
9407,8,tma3_D3,0.0,0.5893754652200329,0.92,1.0
9408,8,tma3_D3,0.0,0.4968483395699854,0.90625,1.0
9409,8,tma3_D3,0.0,0.09216223261490675,0.9411764705882353,0.7304728985829965
9410,8,tma3_D3,0.0,0.5566898177406499,0.8648648648648649,1.0
9411,8,tma3_D3,0.0,0.3436082214847799,0.7767857142857143,0.9181129859778487
9412,8,tma3_D3,0.0,0.3844615494117417,0.7678571428571429,1.0
9413,8,tma3_D3,0.0,0.16416913588728232,1.0,0.9179828348078418
9414,8,tma3_D3,0.0,0.24708655398531998,0.9111111111111111,1.0
9415,8,tma3_D3,0.0,0.1335256660040247,1.0,0.8002865496473076
9416,8,tma3_D3,0.0,0.3853990534474868,0.9375,1.0
9417,8,tma3_D3,0.0,0.2595515469116998,0.7619047619047619,0.8051077603301926
9418,8,tma3_E3,0.0,0.4811456986225183,0.6339622641509434,0.763095772930373
9419,8,tma3_E3,0.0,0.6690814558924986,0.9607843137254902,1.0
9420,8,tma3_E3,0.0,0.44266981831131524,1.0,0.8667824900160835
9421,8,tma3_E3,0.0,0.4394166748102075,1.0,1.0
9422,8,tma3_C3,0.0,0.084321409857529,0.9814814814814815,0.7510313108671819
9423,8,tma3_C3,0.0,0.12855232177682296,0.6935483870967742,0.8160508704795384
9424,8,tma3_C3,0.0,0.26277351348318434,0.9285714285714286,0.8700809366897768
9425,8,tma3_D3,0.0,0.29791085058559563,0.9459459459459459,1.0
9426,8,tma3_D3,0.0,0.14321361617291606,0.9411764705882353,1.0
9427,8,tma3_D3,0.0,0.4620986468964404,0.9523809523809523,1.0
9428,8,tma3_D3,0.0,0.40447549496803825,1.0,0.9336427851074824
9429,8,tma3_D3,0.0,0.651072788848069,0.5975609756097561,1.0
9430,8,tma3_D3,0.0,0.2822647274922593,0.9090909090909091,0.7694124396341154
9431,8,tma3_D3,0.0,0.42082838996782956,0.9791666666666666,1.0
9432,8,tma3_E3,0.0,0.31207908482098823,1.0,0.9498849537502155
9433,8,tma3_E3,0.0,0.5711871291292915,0.7714285714285715,1.0
9434,8,tma3_E3,0.0,0.6654854810878733,0.9310344827586207,1.0
9435,8,tma3_E3,0.0,0.4423784331892391,0.7586206896551724,0.7293802373911314
9436,8,tma3_E3,0.0,0.043446144105853124,1.0,1.0
9437,8,tma3_E3,0.0,0.333366463437725,0.9696969696969697,0.7495531161071235
9438,8,tma3_E3,0.0,0.17651180012910372,1.0,1.0
9439,8,tma3_E3,0.0,0.22729766306356092,0.9565217391304348,0.9034164798105937
9440,8,tma3_E3,0.0,0.5593060947832185,0.9523809523809523,1.0
9441,8,tma3_E3,0.0,0.2003215817949343,1.0,0.7410823520839691
9442,8,tma3_E3,0.03242792655277471,0.033748137141625056,0.8260869565217391,0.7155969920911726
9443,8,tma3_F3,0.0,0.5287231607446777,0.7230769230769231,1.0
9444,8,tma3_F3,0.0,0.3247390922829555,1.0,0.856116632832607
9445,8,tma3_F3,0.0,0.27716755986089847,0.8740157480314961,0.8617767040144797
9446,8,tma3_F3,0.0,0.31573265852700205,0.9074074074074074,0.7922266525474376
9447,8,tma3_F3,0.0,0.3745302600732484,0.9333333333333333,0.8530379015881758
9448,8,tma3_F3,0.0,0.28518471520054134,1.0,0.896629140138891
9449,8,tma3_F3,0.0,0.10677010964444111,0.9696969696969697,1.0
9450,8,tma3_F3,0.0,0.6500082612124876,0.8072916666666666,1.0
9451,8,tma3_F3,0.0,0.42716031022615186,0.9767441860465116,0.9241648604604719
9452,8,tma3_F3,0.0,0.3195448778326675,1.0,0.7350382844945075
9453,8,tma3_F3,0.0,0.08215520113782782,1.0,0.9297330831120588
9454,8,tma3_F3,0.0,0.2741812866163872,1.0,0.7091681849607103
9455,8,tma3_F3,0.0,0.29426352397195155,1.0,0.6950503745786681
9456,8,tma3_F3,0.0,0.3206464002556958,1.0,0.7350444200703287
9457,8,tma3_F3,0.0,0.4596830761500935,0.8857142857142857,1.0
9458,8,tma3_F3,0.0,0.19354159848028196,1.0,1.0
9459,8,tma3_F3,0.0,0.2606952063472674,0.813953488372093,0.7620640594489939
9460,8,tma3_F3,0.0,0.27902862728937683,0.7142857142857143,1.0
9461,8,tma3_D2,0.0,0.39067249138867155,0.9230769230769231,0.7704671387383524
9462,8,tma3_D2,0.0,0.39561520075322587,0.9375,0.7742307273680649
9463,8,tma3_D2,0.0,0.14973538262526576,1.0,0.8148384887009025
9464,8,tma3_D2,0.0,0.5095660332137797,0.7777777777777778,1.0
9465,8,tma3_D2,0.0,0.18462881417800858,1.0,1.0
9466,8,tma3_D2,0.0,0.03887207649755309,0.9259259259259259,1.0
9467,8,tma3_D2,0.0,0.4164064713878872,1.0,1.0
9468,8,tma3_D2,0.0,0.3798222011046296,0.9279279279279279,0.7802014291927747
9469,8,tma3_D2,0.0,0.3711682971240233,0.782258064516129,1.0
9470,8,tma3_D2,0.0,0.4910741324677138,1.0,1.0
9471,8,tma3_D2,0.0,0.15542431256135347,0.9230769230769231,0.8539193537640332
9472,8,tma3_D2,0.0,0.4035621744554462,1.0,0.775821601332276
9473,8,tma3_D2,0.0,0.09604604712593678,1.0,0.814154284441571
9474,8,tma3_D2,0.0,0.5866811928860184,0.8933333333333333,1.0
9475,8,tma3_D2,0.0,0.6092202117036506,0.8222222222222222,1.0
9476,8,tma3_D2,0.0,0.25305448795160923,1.0,0.6768396542075071
9477,8,tma3_D2,0.0,0.44407742368588077,0.9565217391304348,1.0
9478,8,tma3_D2,0.0,0.11164970649496186,1.0,1.0
9479,8,tma3_D2,0.0,0.406377440466808,0.8846153846153846,0.7263084007715785
9480,8,tma3_D2,0.0,0.2731055401963106,1.0,0.8027975718133328
9481,8,tma3_C1,0.0,0.41434533015576125,1.0,1.0
9482,8,tma3_C1,0.0,0.3871005289720141,0.9777777777777777,1.0
9483,8,tma3_C1,0.0,0.6743538845508491,0.9,1.0
9484,8,tma3_C1,0.0,0.10526850286614176,0.9104477611940298,1.0
9485,8,tma3_C1,0.0,0.23240366798515866,1.0,0.8868294405755971
9486,8,tma3_D2,0.0,0.1496089341932446,0.88,0.7564924975963075
9487,8,tma3_D2,0.0,0.3083837610227904,1.0,1.0
9488,8,tma3_A3,0.0,0.46162651385717013,1.0,0.8540236911380166
9489,8,tma3_A3,0.0,0.44842385184683653,0.9736842105263158,1.0
9490,8,tma3_A3,0.0,0.20660386112248552,1.0,0.8520665939937903
9491,8,tma3_A3,0.0,0.01160498970282875,1.0,0.7653075088470573
9492,8,tma3_A3,0.0,0.06654568728961352,0.9318181818181818,1.0
9493,8,tma3_A3,0.0,0.45290637218281926,1.0,1.0
9494,8,tma3_A3,0.0,0.38963000498959477,1.0,0.9282036196444822
9495,8,tma3_A3,0.0,0.4437789970462489,1.0,0.9057802820920847
9496,8,tma3_A3,0.0,0.2171388943169834,0.7622950819672131,1.0
9497,8,tma3_A3,0.0,0.5211545551072003,0.9090909090909091,1.0
9498,8,tma3_A3,0.0,0.6323958462925126,0.416,1.0
9499,8,tma3_A3,0.0,0.41151330213893433,1.0,1.0
9500,8,tma3_C2,0.0,0.41982687124880214,0.8421052631578947,0.8994298769630042
9501,8,tma3_C2,0.0,0.1439479772059734,1.0,0.7608932931804513
9502,8,tma3_D2,0.0,0.5402735649342781,0.9523809523809523,0.7967422063439608
9503,8,tma3_C2,0.0,0.012335438724779935,1.0,0.7176302040662296
9504,8,tma3_E2,0.0,0.024085418245007206,0.828125,0.673445387549207
9505,8,tma3_E2,0.0,0.24764043218174936,1.0,0.7427487398217472
9506,8,tma3_D2,0.0,0.2669693214397201,0.9622641509433962,1.0
9507,8,tma3_D2,0.0,0.2135174353838296,1.0,1.0
9508,8,tma3_D2,0.0,0.3164821525233097,0.9666666666666667,1.0
9509,8,tma3_D2,0.0,0.3220171721903814,1.0,1.0
9510,8,tma3_D2,0.0,0.45038094258129613,1.0,0.7560954915572601
9511,8,tma3_D3,0.0,0.5722364376968101,0.8518518518518519,0.8177365791248983
9512,8,tma2_D1,0.0,0.5397987009476424,0.92,1.0
9513,8,tma2_D1,0.0,0.6451417356351536,0.8095238095238095,1.0
9514,8,tma2_E1,0.0,0.18113445904186243,0.9705882352941176,0.906068227830053
9515,8,tma2_D1,0.0,0.2188158399816369,1.0,0.8703219300576616
9516,8,tma2_E1,0.0,0.5596503421065936,1.0,1.0
9517,8,tma2_E1,0.0,0.6344007607084922,0.8571428571428571,0.8344889324599292
9518,8,tma2_E1,0.0,0.03948233711573512,1.0,0.7480758116226525
9519,8,tma2_D1,0.0,0.3712674451642609,1.0,0.9334103807300186
9520,8,tma2_F1,0.0,0.6433556060485252,0.6833333333333333,1.0
9521,8,tma2_E1,0.0,0.6258776024533055,0.7551020408163265,1.0
9522,8,tma2_E1,0.0,0.5554361989543194,0.7830188679245284,1.0
9523,8,tma2_E1,0.0,0.6777854496706346,0.7889908256880734,1.0
9524,8,tma2_F1,0.0,0.24198974556932606,1.0,0.7601531694302124
9525,8,tma2_E1,0.0,0.08433250546045756,1.0,0.7699753337763655
9526,8,tma2_E1,0.0,0.5316246906977407,1.0,1.0
9527,8,tma2_E1,0.0,0.3435364771396382,1.0,1.0
9528,8,tma2_F1,0.0,0.3625738819412795,0.8732394366197183,1.0
9529,8,tma2_F1,0.0,0.08550959910051381,1.0,1.0
9530,8,tma2_F1,0.0,0.23555807667095063,0.9625,0.7539103496897029
9531,8,tma2_F1,0.0,0.5536356305933956,1.0,0.869572510634109
9532,8,tma2_F1,0.0,0.6386067833719458,0.5119565217391304,1.0
9533,8,tma2_E1,0.0,0.6012465939924423,0.8840579710144928,1.0
9534,8,tma2_E1,0.0,0.7272188795000298,0.8695652173913043,0.9198076096942022
9535,8,tma2_E1,0.0,0.5008973304052564,0.9117647058823529,1.0
9536,8,tma2_D1,0.0,0.4531071292860058,0.8444444444444444,0.843650680290185
9537,8,tma2_D1,0.0,0.5550072856394632,0.9,1.0
9538,8,tma2_D1,0.0,0.5570771651269939,0.7037037037037037,0.9419295199902489
9539,8,tma2_E1,0.0,0.5437365424207232,1.0,0.8147329682398807
9540,8,tma2_D1,0.0,0.13324667846588212,1.0,0.6951307552322153
9541,8,tma2_D1,0.0,0.5269800870095571,0.6832579185520362,0.8851454693304669
9542,8,tma2_D1,0.0,0.11122368106585812,0.625,0.7667069254357909
9543,8,tma2_D1,0.0,0.07032872202599416,0.9230769230769231,0.7549410077480632
9544,8,tma2_E1,0.0,0.2190905037315849,1.0,0.7445700402663039
9545,8,tma2_E1,0.0,0.4642648764607318,1.0,0.8820946022919548
9546,8,tma2_D1,0.0,0.5802578460000605,0.8529411764705882,1.0
9547,8,tma2_D1,0.0,0.007926155139214575,0.8055555555555556,0.7723377525632569
9548,8,tma2_D1,0.0,0.5336094696055029,0.8461538461538461,1.0
9549,8,tma2_E1,0.0,0.10192340562836033,1.0,0.799970215353797
9550,8,tma2_E1,0.0,0.11423237567484656,1.0,0.8699298081131542
9551,8,tma2_E1,0.0,0.3948971857490027,0.8888888888888888,1.0
9552,8,tma2_B2,0.0,0.1813996973638523,1.0,0.9434762765342947
9553,8,tma2_B3,0.0,0.4504238943099452,0.8769230769230769,0.706679187640211
9554,8,tma2_B3,0.0,0.6827028076096006,1.0,1.0
9555,8,tma2_D3,0.0,0.36360567946707,0.5074626865671642,0.8119940119633782
9556,8,tma2_D3,0.0,0.32182797036080035,0.8717948717948718,1.0
9557,8,tma2_A3,0.0,0.2632554964205397,0.9523809523809523,1.0
9558,8,tma2_A3,0.0,0.573875077144619,1.0,1.0
9559,8,tma2_B2,0.0,0.08397702810765073,0.9333333333333333,1.0
9560,8,tma2_B2,0.0,0.2335020401567801,0.8571428571428571,0.8838260020769475
9561,8,tma2_A3,0.0,0.36650634901685974,0.875,1.0
9562,8,tma2_D3,0.0,0.5012369638846161,0.8166666666666667,1.0
9563,8,tma2_B3,0.0,0.5185935524285892,0.56875,1.0
9564,8,tma2_B3,0.0,0.3239714710059586,1.0,1.0
9565,8,tma2_F1,0.0,0.5270217719987109,0.9285714285714286,0.7634553649688272
9566,8,tma2_F1,0.0,0.17282718561300192,1.0,1.0
9567,8,tma2_F1,0.0,0.40846080332956536,0.8913043478260869,0.6741268291836958
9568,8,tma2_F1,0.0,0.04597212463921929,0.8571428571428571,0.7957904832878284
9569,8,tma2_F1,0.0,0.3865812980246208,1.0,1.0
9570,8,tma2_F1,0.0,0.6642986042403303,0.7272727272727273,1.0
9571,8,tma2_F1,0.0,0.47203448005998894,1.0,1.0
9572,8,tma2_F1,0.0,0.35536703388072,0.9473684210526315,0.8362625259736455
9573,8,tma2_F1,0.0,0.5077135362049344,0.9523809523809523,1.0
9574,8,tma2_F1,0.0,0.5168692318827245,0.9318181818181818,0.9228022968789265
9575,8,tma2_F1,0.0,0.10867929769475104,1.0,0.8624065433183905
9576,8,tma2_F1,0.0,0.3442040599760078,1.0,0.948803583763242
9577,8,tma2_F1,0.0,0.1553007248591215,1.0,0.8776794236222452
9578,8,tma2_F1,0.0,0.24087114837898194,0.95,0.7433527592430834
9579,8,tma2_E2,0.0,0.4791679343126558,0.580952380952381,1.0
9580,8,tma2_E2,0.0,0.267001595822814,1.0,1.0
9581,8,tma2_E2,0.0,0.5023382416963726,0.8709677419354839,1.0
9582,8,tma2_E2,0.0,0.1923537704554832,1.0,0.815508462024633
9583,8,tma2_E2,0.0,0.4938360333632029,0.8269230769230769,0.7740870592453366
9584,8,tma2_E2,0.0,0.2805183092726994,0.7,0.7985408008100662
9585,8,tma2_E2,0.0,0.5177795534853172,0.5521235521235521,1.0
9586,8,tma2_E2,0.0,0.3478975081281581,0.8415841584158416,1.0
9587,8,tma2_E2,0.0,0.17875880399219002,0.9411764705882353,1.0
9588,8,tma2_E2,0.0,0.7669768621871338,0.7777777777777778,1.0
9589,8,tma2_E2,0.0,0.16479037780473182,0.6641975308641975,0.751798667854354
9590,8,tma2_E2,0.0,0.43027648119985684,0.9523809523809523,0.8173978854889913
9591,8,tma2_E2,0.0,0.09652682641159926,0.5679245283018868,1.0
9592,8,tma2_D3,0.0,0.6497004599417661,0.8529411764705882,1.0
9593,8,tma2_D3,0.0,0.5667339878578028,0.8571428571428571,1.0
9594,8,tma2_D3,0.0,0.16277256897821168,0.656084656084656,0.7558930800295856
9595,8,tma2_D3,0.0,0.3498990275388252,0.9444444444444444,1.0
9596,8,tma2_D3,0.0,0.4816588484977602,0.8,1.0
9597,8,tma2_E3,0.0,0.4904899114078102,0.88,1.0
9598,8,tma2_E3,0.0,0.39288202073940226,0.8541666666666666,0.8107313571819337
9599,8,tma2_E3,0.0,0.2829164923765741,0.72,0.6474253721325305
9600,8,tma2_E3,0.0,0.048794567325549654,0.8137254901960784,0.7652767421831916
9601,8,tma2_E3,0.0,0.6217189741914342,1.0,1.0
9602,8,tma2_D3,0.0,0.516385983665743,1.0,1.0
9603,8,tma2_D3,0.0,0.6214067663693081,1.0,1.0
9604,8,tma2_D3,0.0,0.5422869633330643,0.5454545454545454,1.0
9605,8,tma2_D3,0.0,0.46200160995067674,0.9210526315789473,0.8263422917329457
9606,8,tma2_D3,0.0,0.3844642959119452,1.0,0.887419203335506
9607,8,tma2_D3,0.0,0.3367118405767485,1.0,1.0
9608,8,tma2_D3,0.0,0.3143475262552996,0.9375,1.0
9609,8,tma2_E3,0.0,0.5396985414468949,0.7146666666666667,0.8055231465574182
9610,8,tma2_D3,0.0,0.6122929328321207,0.8461538461538461,0.8572400091010459
9611,8,tma2_E3,0.0,0.640053261110263,0.6904761904761905,1.0
9612,8,tma2_D3,0.0,0.3542736830457669,0.9375,0.8436265806168353
9613,8,tma2_E2,0.0,0.591780955394239,0.85,1.0
9614,8,tma2_E2,0.0,0.6253091833802303,0.8333333333333334,0.8367467036262908
9615,8,tma2_E2,0.0,0.49599488147105575,0.7766990291262136,0.749900772077173
9616,8,tma2_E2,0.0,0.40831923200678677,0.9347826086956522,0.7887672091448419
9617,8,tma2_E2,0.0,0.5955447582502083,0.7637795275590551,1.0
9618,8,tma2_E2,0.0,0.25888689156603195,0.7692307692307693,0.7402666757119049
9619,8,tma2_E2,0.0,0.4123951146031348,0.7045454545454546,1.0
9620,8,tma2_E2,0.0,0.5926922934403591,0.5540540540540541,1.0
9621,8,tma2_E2,0.0,0.3626848611263275,0.9310344827586207,1.0
9622,8,tma2_E2,0.0,0.4934837227897362,0.8709677419354839,1.0
9623,8,tma2_E2,0.0,0.6847314057834485,0.7931034482758621,1.0
9624,8,tma2_E2,0.0,0.5159256180478846,0.8048780487804879,1.0
9625,8,tma2_E2,0.0,0.6061175642212807,0.8095238095238095,1.0
9626,8,tma2_E2,0.0,0.1713380897154302,1.0,0.7175573785063599
9627,8,tma2_E2,0.0,0.6034989094470351,0.639344262295082,1.0
9628,8,tma2_E2,0.0,0.2718713901526807,0.8974358974358975,1.0
9629,8,tma2_E2,0.0,0.07042521437990623,1.0,0.7587619237471448
9630,8,tma2_E2,0.0,0.21796994142903836,1.0,0.9123827201301078
9631,8,tma2_E1,0.0,0.6159008681646378,0.9473684210526315,1.0
9632,8,tma2_E2,0.0,0.13258601291184402,0.5116279069767442,0.7695519531538637
9633,8,tma2_E2,0.0,0.4204168527789036,1.0,1.0
9634,8,tma2_E2,0.0,0.05383115208980893,0.717948717948718,0.8261770113736144
9635,8,tma2_E1,0.0,0.3653547578826577,0.8636363636363636,0.8163411700279017
9636,8,tma2_E1,0.0,0.6110482208951885,0.6869806094182825,1.0
9637,8,tma2_E1,0.0,0.28829267710262807,0.9090909090909091,1.0
9638,8,tma2_E2,0.0,0.11919525576304457,1.0,0.7896098350102858
9639,8,tma2_E2,0.0,0.6427466995086482,0.8333333333333334,1.0
9640,8,tma2_E2,0.0,0.061702761955130914,1.0,0.6920395380576289
9641,8,tma2_E2,0.0,0.4795646369575748,0.9375,1.0
9642,8,tma2_E2,0.0,0.4387723253329725,0.9473684210526315,1.0
9643,8,tma2_E2,0.0,0.5090881256194504,0.95,0.8798344239290159
9644,8,tma2_E2,0.0,0.32801741974779064,0.7714285714285715,1.0
9645,8,tma2_E2,0.0,0.6759788687042256,0.8,1.0
9646,8,tma2_E2,0.0,0.4895667228913536,1.0,1.0
9647,8,tma2_E2,0.0,0.5365924031488132,0.9787234042553191,1.0
9648,8,tma2_E2,0.0,0.07799783810609096,0.9,1.0
9649,8,tma2_E2,0.0,0.17516049016665258,0.7183098591549296,0.812099497369752
9650,8,tma2_E2,0.0,0.5255665672523554,0.9148936170212766,1.0
9651,8,tma2_E2,0.0,0.02289357408001369,0.75,0.7701367522885162
9652,8,tma2_E2,0.0,0.16851031145922246,1.0,1.0
9653,8,tma2_E2,0.0,0.4070934648434963,0.8,1.0
9654,8,tma2_E2,0.0,0.3538471063743913,0.5258152173913043,1.0
9655,8,tma2_E2,0.0,0.028765595986569248,0.875,0.9375595648837122
9656,8,tma2_E2,0.0,0.3778831099539709,0.8666666666666667,1.0
9657,8,tma2_E2,0.0,0.39417428782540187,0.8125,1.0
9658,8,tma2_E2,0.0,0.2072234996606529,0.6428571428571429,0.754449017792795
9659,8,tma2_E2,0.0,0.4729288150707781,0.9655172413793104,0.7693292279721077
9660,8,tma2_E2,0.0,0.44527384531054015,1.0,1.0
9661,8,tma2_E2,0.0,0.29611263584516667,0.6875,1.0
9662,8,tma2_E2,0.0,0.48572265434345696,0.8529411764705882,0.7941332600135413
9663,8,tma2_E2,0.0,0.16986630916919843,0.9375,0.7453604169314478
9664,8,tma2_E2,0.0,0.24742502844166436,1.0,0.9209956772669751
9665,8,tma2_E2,0.0,0.3531688054593173,0.9655172413793104,0.751754135266153
9666,8,tma2_F1,0.0,0.20459785064876768,1.0,0.8898302519774817
9667,8,tma2_F1,0.0,0.3075316072476889,1.0,1.0
9668,8,tma2_F3,0.0,0.17613818092927958,0.7692307692307693,1.0
9669,8,tma2_F3,0.0,0.1450972172465772,0.93,0.8438920775544236
9670,8,tma2_F3,0.0,0.6332444506014028,1.0,0.9205204884407394
9671,8,tma2_F1,0.0,0.3250883476978962,1.0,1.0
9672,8,tma2_F1,0.0,0.21950016611202838,1.0,0.9307456748164825
9673,8,tma2_F1,0.0,0.13519114708158964,0.9523809523809523,1.0
9674,8,tma2_F1,0.0,0.4993443046267154,0.9,1.0
9675,8,tma2_D1,0.0,0.4392462356811254,0.7214076246334311,1.0
9676,8,tma2_D1,0.0,0.1549569755732606,1.0,1.0
9677,8,tma2_D1,0.0,0.37718224836083936,1.0,0.7306616370874167
9678,8,tma2_D1,0.0,0.27015652039195925,0.9333333333333333,0.8327168271681121
9679,8,tma4_C1,0.0,0.5212314791196547,0.6666666666666666,1.0
9680,8,tma4_C1,0.0,0.43847365877945865,0.96,0.7552550899001139
9681,8,tma4_C1,0.0,0.4667073806183356,0.9545454545454546,1.0
9682,8,tma4_C1,0.0,0.3532759648125413,1.0,1.0
9683,8,tma4_C1,0.0,0.6517333208702865,0.8846153846153846,0.9458878281646123
9684,8,tma4_C1,0.0,0.6753350193198356,0.9508196721311475,1.0
9685,8,tma4_C1,0.0,0.5417526326692833,0.9117647058823529,0.8931002639466498
9686,8,tma4_C1,0.0,0.5151431019571346,0.90625,1.0
9687,8,tma4_C1,0.0,0.3190487029054798,0.9,0.907613352448451
9688,8,tma4_C1,0.0,0.5326054433506173,0.9333333333333333,1.0
9689,8,tma4_C1,0.0,0.5431716551641165,0.5333333333333333,0.8575976893964062
9690,8,tma4_C1,0.0,0.5481254342750602,0.8888888888888888,1.0
9691,8,tma4_C1,0.0,0.5402688867126624,0.8181818181818182,1.0
9692,8,tma4_C1,0.0,0.46975976924119156,0.6990291262135923,1.0
9693,8,tma4_C1,0.0,0.6273153365105906,0.918918918918919,1.0
9694,8,tma4_C1,0.0,0.1868699867533491,1.0,1.0
9695,8,tma4_C1,0.0,0.016535568036610826,0.7105263157894737,0.7385412919027092
9696,8,tma4_C1,0.0,0.5156770593692455,0.5548098434004475,1.0
9697,8,tma4_C1,0.0,0.5442463799330599,0.7023809523809523,0.8650082637337116
9698,8,tma4_C1,0.0,0.4438827223841887,0.9642857142857143,1.0
9699,8,tma4_C1,0.0,0.42121175423964163,0.8227848101265823,1.0
9700,8,tma4_C1,0.0,0.5284679049218788,0.776,1.0
9701,8,tma4_C1,0.0,0.35582030485948135,0.8636363636363636,1.0
9702,8,tma4_C1,0.0,0.3654289686797726,1.0,0.8384370206949947
9703,8,tma4_C1,0.0,0.0982565534708385,0.9649122807017544,0.8196667623951059
9704,8,tma4_C1,0.0,0.468311928234843,0.9411764705882353,0.7925746606843809
9705,8,tma4_C1,0.0,0.47072721832660525,0.8571428571428571,0.9061284146049952
9706,8,tma4_C1,0.0,0.4090976331570356,0.8673469387755102,0.8651188242645312
9707,8,tma4_C1,0.0,0.048447294047506806,0.71875,0.888624770148087
9708,8,tma4_C1,0.0,0.4524230906594747,0.90625,1.0
9709,8,tma4_C1,0.0,0.6697058455360125,0.8947368421052632,0.8703425925838009
9710,8,tma4_C1,0.0,0.11290013876949412,0.8235294117647058,0.9122898640456251
9711,8,tma4_B3,0.0,0.15466512270259292,1.0,0.9340204302044722
9712,8,tma4_B3,0.0,0.52604903386411,1.0,1.0
9713,8,tma4_B3,0.0,0.0825041425059031,0.8529411764705882,1.0
9714,8,tma4_B3,0.0,0.05102382841012465,0.9333333333333333,0.8495763363295056
9715,8,tma4_B3,0.0,0.290363269405817,0.7435897435897436,0.7415991984658206
9716,8,tma4_A3,0.0,0.18038055507200346,0.9473684210526315,0.6770760098751735
9717,8,tma4_C2,0.0,0.40032984368484226,0.9130434782608695,1.0
9718,8,tma4_C2,0.0,0.28736843451435246,0.6330935251798561,0.7383208610938279
9719,8,tma4_C2,0.0,0.4740957498264404,0.9,0.8010690207356962
9720,8,tma4_C2,0.0,0.5987566842433079,0.7168284789644013,1.0
9721,8,tma4_C2,0.0,0.10814687489566222,1.0,0.8670882458385637
9722,8,tma4_C1,0.0,0.11148428013421918,0.8863636363636364,1.0
9723,8,tma4_C1,0.0,0.36357695143460034,0.6666666666666666,0.7212624607682049
9724,8,tma4_C1,0.0,0.21578023595455387,1.0,0.6854261607905731
9725,8,tma4_C1,0.0,0.35276380591171397,0.85,1.0
9726,8,tma4_C1,0.0,0.23809475023674442,1.0,0.8359101440126485
9727,8,tma4_C2,0.0,0.5044066651529231,1.0,1.0
9728,8,tma4_C2,0.0,0.546957739344554,0.9411764705882353,0.8347460824088679
9729,8,tma4_B3,0.0,0.2700438340754797,1.0,0.8527594696936
9730,8,tma4_C2,0.0,0.2803180315502214,0.9411764705882353,0.6952034636000313
9731,8,tma4_C2,0.0,0.019002214787725014,0.6976744186046512,0.7253726998815653
9732,8,tma4_C2,0.0,0.22427938158935612,1.0,0.7165206707978712
9733,8,tma4_C2,0.0,0.4331755003894576,1.0,0.8801146599972908
9734,8,tma4_C2,0.0,0.39223659901277075,1.0,0.7306429564963351
9735,8,tma4_C2,0.0,0.22740420215815826,0.8518518518518519,0.7469648344297064
9736,8,tma4_C2,0.0,0.3204132940097816,0.5227272727272727,0.8882966252719435
9737,8,tma4_C2,0.0,0.44528893421009985,1.0,0.8307925498446723
9738,8,tma4_C3,0.0,0.6496456101285666,0.9047619047619048,1.0
9739,8,tma4_C3,0.0,0.14610212967122171,0.7288135593220338,0.7499527614422985
9740,8,tma4_C3,0.0,0.44872745059312247,0.9583333333333334,1.0
9741,8,tma4_C3,0.0,0.600642353074841,0.6474164133738601,1.0
9742,8,tma4_D1,0.0,0.5413882975284146,0.9032258064516129,1.0
9743,8,tma4_C1,0.0,0.23661088102958827,0.8385650224215246,1.0
9744,8,tma4_C1,0.0,0.4649049515126956,0.8222222222222222,1.0
9745,8,tma4_C1,0.0,0.538444654185677,0.9038461538461539,1.0
9746,8,tma4_C1,0.0,0.5137050310468455,1.0,1.0
9747,8,tma4_C1,0.06374078959450802,0.01609499199739195,0.45098039215686275,0.7997584474426979
9748,8,tma4_C1,0.0,0.20112002433618614,0.82,0.8343023827029825
9749,8,tma4_C1,0.0,0.25675830691092927,1.0,1.0
9750,8,tma4_D1,0.0,0.3124379216611598,1.0,1.0
9751,8,tma4_D1,0.0,0.599901506011184,0.875,1.0
9752,8,tma4_D1,0.0,0.2961500760475788,1.0,1.0
9753,8,tma4_D1,0.0,0.05405107317183999,0.7647058823529411,0.6844834625287889
9754,8,tma4_D1,0.0,0.03442421105549032,1.0,1.0
9755,8,tma4_D1,0.0,0.10751411424597579,1.0,1.0
9756,8,tma4_C1,0.0,0.0031118732142786376,0.76,0.7288083991092652
9757,8,tma4_C1,0.0,0.14063165502465513,1.0,1.0
9758,8,tma4_C1,0.0,0.4102792643879969,0.9,1.0
9759,8,tma4_C1,0.0,0.08006188348463517,0.963855421686747,0.819880018331103
9760,8,tma4_C1,0.0,0.21929295534197146,1.0,0.7044521599050699
9761,8,tma4_C1,0.0,0.4224530140881122,1.0,0.8997426988951932
9762,8,tma4_C1,0.0,0.11751844722537597,0.9516129032258065,0.7920588074038828
9763,8,tma4_D1,0.0,0.5533923489968791,0.6984126984126984,1.0
9764,8,tma4_D1,0.0,0.5049315291165515,0.8676470588235294,1.0
9765,8,tma4_D1,0.0,0.313723761761999,0.8095238095238095,1.0
9766,8,tma4_D1,0.0,0.5428910668222895,0.98,1.0
9767,8,tma4_D1,0.0,0.132867612158449,0.8297872340425532,0.6845252909394024
9768,8,tma4_D1,0.0,0.5009322884424567,0.7666666666666667,1.0
9769,8,tma4_D1,0.0,0.526829453870903,0.9375,0.838272275304348
9770,8,tma4_D1,0.0,0.19698496251092534,1.0,1.0
9771,8,tma4_C1,0.0,0.5927553230169382,0.5055292259083728,0.872760755547301
9772,8,tma4_C1,0.0,0.24479995910830965,1.0,0.8957991357663069
9773,8,tma4_C1,0.0,0.10691678084578526,0.9230769230769231,0.7747682582021218
9774,8,tma4_C1,0.0,0.19833723618729693,0.8148148148148148,0.717527246381996
9775,8,tma4_C1,0.0,0.21620009716890143,0.6762028608582574,0.8954924829617684
9776,8,tma4_C1,0.0,0.03407940052606484,0.6906474820143885,0.7108303510541003
9777,8,tma4_C1,0.0,0.5266969878204699,0.9473684210526315,1.0
9778,8,tma4_E1,0.0,0.24819570290738702,0.9743589743589743,1.0
9779,8,tma4_E1,0.0,0.5472777301162937,0.5007874015748032,1.0
9780,8,tma4_E1,0.0,0.23717630337422224,0.6356164383561644,0.7252960182668313
9781,8,tma4_G1,0.0,0.6393752525367276,0.5368421052631579,1.0
9782,8,tma4_G1,0.0,0.10519429875468356,0.8666666666666667,0.7605676781701891
9783,8,tma4_D1,0.0,0.5358534520663971,0.8571428571428571,0.860559421801566
9784,8,tma4_D1,0.0,0.021610368104267308,1.0,0.6432796378547561
9785,8,tma4_E1,0.0,0.6233902723683311,0.9545454545454546,1.0
9786,8,tma4_E1,0.0,0.13339373676247168,0.5259593679458239,0.6858440187887324
9787,8,tma4_D1,0.0,0.08591881438298232,1.0,0.8603706977046819
9788,8,tma4_F1,0.0,0.574511661404943,0.9183673469387755,1.0
9789,8,tma4_F1,0.0,0.5434759074948664,0.9558823529411765,0.8766679466896913
9790,8,tma4_G1,0.0,0.570908684808271,0.9761904761904762,1.0
9791,8,tma4_G1,0.0,0.5507945919407954,0.7966101694915254,1.0
9792,8,tma4_G1,0.0,0.2707672597559244,1.0,1.0
9793,8,tma4_G1,0.0,0.41175597239831885,0.8490566037735849,1.0
9794,8,tma4_G1,0.0,0.22925210748785319,1.0,0.8851813146075587
9795,8,tma4_G1,0.0,0.5857018119633739,0.7368421052631579,1.0
9796,8,tma4_G1,0.0,0.6139796490897258,0.7425742574257426,1.0
9797,8,tma4_G1,0.0,0.23812481457941093,1.0,0.943121354631694
9798,8,tma4_G1,0.0,0.39588312334810705,1.0,0.8845973214369006
9799,8,tma4_G1,0.0,0.6198821669268089,0.8674698795180723,1.0
9800,8,tma4_G1,0.0,0.37973395155510725,0.8787878787878788,1.0
9801,8,tma4_G1,0.0,0.21337049122203333,1.0,0.8404167824147853
9802,8,tma4_G1,0.0,0.4141980259184672,0.7536231884057971,1.0
9803,8,tma4_G1,0.0,0.6730821651503847,0.75,1.0
9804,8,tma4_G1,0.0,0.14645912358127988,1.0,1.0
9805,8,tma4_G1,0.0,0.5338688152850759,0.48623853211009177,0.8402417875578253
9806,8,tma4_G1,0.0,0.5401392910014967,1.0,1.0
9807,8,tma4_G1,0.0,0.6231211123641942,1.0,1.0
9808,8,tma4_G1,0.0,0.6543189508624556,0.8823529411764706,1.0
9809,8,tma4_G1,0.0,0.08464395671779901,0.78,0.8201271875928089
9810,8,tma4_D1,0.0,0.42941641019485377,0.896551724137931,1.0
9811,8,tma4_D1,0.0,0.3329092804782465,0.9333333333333333,0.782600564981435
9812,8,tma4_D1,0.0,0.585439857819374,0.7441860465116279,1.0
9813,8,tma4_E1,0.0,0.4965098548134681,0.7719298245614035,1.0
9814,8,tma4_E1,0.0,0.5457720723367803,0.6054590570719603,1.0
9815,8,tma4_E1,0.0,0.29939278789622326,1.0,1.0
9816,8,tma4_E1,0.0,0.25909031427390317,0.5322128851540616,0.8389244120861461
9817,8,tma4_E1,0.0,0.5787295169251967,0.6904761904761905,1.0
9818,8,tma4_D1,0.0,0.5469531684137712,0.875,0.8938057499508949
9819,8,tma4_D1,0.0,0.6089496959940848,0.7802197802197802,1.0
9820,8,tma4_D1,0.0,0.3256469707054206,0.9705882352941176,1.0
9821,8,tma4_D1,0.0,0.33615172584324793,0.9444444444444444,1.0
9822,8,tma4_D1,0.0,0.6698502916492142,0.7941176470588235,1.0
9823,8,tma4_D1,0.0,0.11480230185798046,0.8421052631578947,0.850890108624975
9824,8,tma4_D1,0.0,0.584450047474337,0.7391304347826086,1.0
9825,8,tma4_D1,0.0,0.12602605598742223,0.9574468085106383,0.8256065363954762
9826,8,tma4_D1,0.0,0.35192441764570914,1.0,1.0
9827,8,tma4_D1,0.0,0.438556944108522,0.9565217391304348,1.0
9828,8,tma4_D1,0.0,0.07149560345286943,1.0,0.8478346448124056
9829,8,tma4_E3,0.0,0.09846932801256347,1.0,0.900899742482082
9830,8,tma4_F3,0.0,0.5764855348067619,0.74,0.9489101022142871
9831,8,tma4_F3,0.0,0.30128234762379813,0.9473684210526315,1.0
9832,8,tma4_F3,0.0,0.559359253180049,0.7878787878787878,1.0
9833,8,tma4_E3,0.0,0.12623304291527726,0.7786259541984732,0.8531669712256901
9834,8,tma4_E3,0.0,0.32435010440588297,0.9090909090909091,0.7452978117614751
9835,8,tma4_E3,0.0,0.205798132914929,1.0,0.7663335242241424
9836,8,tma4_E3,0.0,0.3124703393714753,1.0,1.0
9837,8,tma4_E3,0.0,0.5640769079351136,0.96,0.8285996730425237
9838,8,tma4_F3,0.0,0.549552007529481,0.9361702127659575,1.0
9839,8,tma4_F3,0.0,0.45425338270971083,0.96,1.0
9840,8,tma4_E3,0.0,0.557222681737626,0.9032258064516129,1.0
9841,8,tma4_E3,0.0,0.2701215854248684,1.0,1.0
9842,8,tma4_E3,0.0,0.35996765057193547,0.9411764705882353,1.0
9843,8,tma4_E3,0.0,0.6978341043879042,0.7578125,1.0
9844,8,tma4_E3,0.0,0.5874504791710705,0.9411764705882353,0.9035658271417479
9845,8,tma4_E3,0.0,0.4991091374157536,0.9629629629629629,1.0
9846,8,tma4_E3,0.0,0.49272053675062666,1.0,1.0
9847,8,tma4_E3,0.0,0.5389040230004696,0.88,1.0
9848,8,tma4_E3,0.0,0.2595899000161057,0.9787234042553191,1.0
9849,8,tma4_E3,0.0,0.13485004163032233,1.0,0.7616886459052209
9850,8,tma4_F3,0.0,0.29522942759527016,1.0,1.0
9851,8,tma4_F3,0.0,0.4836467632449478,0.9,0.8271199007841193
9852,8,tma4_F3,0.0,0.5734859708871443,0.8260869565217391,1.0
9853,8,tma4_F3,0.0,0.4853387428325774,0.9032258064516129,0.9281053840568059
9854,8,tma4_F3,0.0,0.5768256763691216,0.7833333333333333,1.0
9855,8,tma4_F3,0.0,0.2825744059263867,1.0,1.0
9856,8,tma4_F3,0.0,0.3521593232959115,0.9838709677419355,0.8915558647497417
9857,8,tma4_C3,0.0,0.12576877124710706,1.0,0.8307562933932543
9858,8,tma4_D2,0.0,0.3052089143765393,0.8,1.0
9859,8,tma4_D2,0.0,0.4149697499891688,0.4034060670569452,0.8336014083808815
9860,8,tma4_D2,0.0,0.618068872517529,0.5904255319148937,1.0
9861,8,tma4_D2,0.0,0.36904036499049886,0.9411764705882353,1.0
9862,8,tma4_D2,0.0,0.3271335515356677,1.0,0.7682444384479133
9863,8,tma4_D2,0.0,0.5691368560077192,0.6648648648648648,0.9176106282378285
9864,8,tma4_D2,0.0,0.547007100894481,1.0,1.0
9865,8,tma4_D2,0.0,0.12058656316835836,0.6944444444444444,1.0
9866,8,tma4_D2,0.0,0.7665915881411045,0.854251012145749,1.0
9867,8,tma4_E1,0.0,0.21361895343087023,1.0,0.9225570766698741
9868,8,tma4_E1,0.0,0.3869251093706838,0.7777777777777778,0.9245831343892366
9869,8,tma4_D2,0.0,0.0010434568023603985,0.6923076923076923,0.7708324938303253
9870,8,tma4_D2,0.0,0.4671530140783162,0.803921568627451,1.0
9871,8,tma4_D2,0.0,0.25781762321458623,0.9125,0.8617468960648317
9872,8,tma4_D2,0.0,0.21753674748848972,0.6130952380952381,0.7544028830872516
9873,8,tma4_D2,0.0,0.36733054709626745,0.803921568627451,1.0
9874,8,tma4_D2,0.0,0.4367790187341837,0.7486910994764397,0.9344045914490245
9875,8,tma4_D2,0.0,0.1435428187468457,0.6626506024096386,0.8980500971684019
9876,8,tma4_D2,0.0,0.03604593861066796,1.0,0.9426555555874225
9877,8,tma4_D2,0.0,0.24274766432002393,0.8513513513513513,0.9244863601130044
9878,8,tma4_D2,0.0,0.5053690501270607,0.7352150537634409,1.0
9879,8,tma4_D2,0.0,0.2342601671846981,1.0,0.9001283686150178
9880,8,tma4_D2,0.0,0.443414006637172,0.6946022727272727,1.0
9881,8,tma4_D2,0.0,0.2476417180419117,1.0,1.0
9882,8,tma4_D2,0.0,0.13507118847389576,0.98,0.8381575911619779
9883,8,tma4_D2,0.0,0.5709036723621395,0.6213872832369942,1.0
9884,8,tma4_D2,0.0,0.31440805037132413,0.7446808510638298,0.7364732573580733
9885,8,tma4_D2,0.0,0.41200655487785764,0.6885245901639344,0.803267250035355
9886,8,tma4_D2,0.0,0.5951548828404272,0.9354838709677419,0.8731021870197995
9887,8,tma4_D2,0.0,0.2796298829466244,0.8076923076923077,1.0
9888,8,tma4_D2,0.0,0.23344379200725107,0.9166666666666666,0.7725615842469294
9889,8,tma4_D2,0.0,0.6311652060439713,1.0,1.0
9890,8,tma4_D2,0.0,0.16212336259603033,0.7237569060773481,0.8426114380029699
9891,8,tma4_D2,0.0,0.4316354867881729,0.7924528301886793,1.0
9892,8,tma4_E3,0.0,0.4363778057384219,0.8115942028985508,1.0
9893,8,tma4_E3,0.0,0.4057692628478159,1.0,1.0
9894,8,tma4_F3,0.0,0.6573675942446355,0.625904486251809,1.0
9895,8,tma4_F3,0.0,0.44184553553252726,0.7741935483870968,0.837509713729795
9896,8,tma4_F3,0.0,0.43378739941943945,0.9285714285714286,1.0
9897,8,tma4_F3,0.0,0.371812893007607,1.0,1.0
9898,8,tma4_F3,0.0,0.4371670700702125,0.9230769230769231,1.0
9899,8,tma4_F3,0.0,0.22275546308372451,1.0,0.9161162247830011
9900,8,tma4_F3,0.0,0.596920652284912,0.9,0.9161313394925376
9901,8,tma4_F3,0.0,0.2427943326507913,0.7062937062937062,0.6939757486291452
9902,8,tma4_F3,0.0,0.16802716108707827,0.5912596401028277,0.7912339142996704
9903,8,tma4_F3,0.0,0.3902860929468571,0.5535911602209945,0.7844599801348051
9904,8,tma4_F3,0.0,0.4243664809379035,1.0,0.719606461900859
9905,8,tma4_F3,0.0,0.5172098062426542,0.9375,0.721247609873732
9906,8,tma4_F3,0.0,0.49121164933386663,0.8095238095238095,1.0
9907,8,tma4_F3,0.0,0.2812353296100658,0.8088235294117647,0.7188167653797031
9908,8,tma4_F3,0.0,0.48652943255771175,0.9436619718309859,1.0
9909,8,tma4_F3,0.0,0.30788774639155536,1.0,1.0
9910,8,tma4_F3,0.0,0.23437636540529083,0.9285714285714286,1.0
9911,8,tma4_F3,0.0,0.20047383490529824,0.6845425867507886,0.7140201077266304
9912,8,tma4_F3,0.0,0.27740633751254296,1.0,1.0
9913,8,tma4_F3,0.0,0.6158090663875088,0.7714285714285715,1.0
9914,8,tma4_F3,0.0,0.44525640534533173,1.0,1.0
9915,8,tma4_F3,0.0,0.5656535029882198,0.8787878787878788,0.7704484170924195
9916,8,tma4_F3,0.0,0.1722116908261614,0.7319587628865979,0.7416499514111173
9917,8,tma4_F3,0.0,0.3411889526430877,1.0,1.0
9918,8,tma4_F3,0.0,0.562393676268601,0.9090909090909091,1.0
9919,8,tma4_F3,0.0,0.5688851194240616,0.88,1.0
9920,8,tma4_F3,0.0,0.5070708366668707,0.896551724137931,1.0
9921,8,tma4_F3,0.0,0.41554717695453813,1.0,0.9366400136398564
9922,8,tma4_F3,0.0,0.1777923455910978,1.0,1.0
9923,8,tma4_F3,0.0,0.49874713235048085,0.8780487804878049,1.0
9924,8,tma4_F3,0.0,0.2834396263940283,1.0,1.0
9925,8,tma4_G2,0.0,0.3521662620155557,0.8076923076923077,1.0
9926,8,tma4_G2,0.0,0.25037720464383706,1.0,1.0
9927,8,tma4_G2,0.0,0.24927360747135707,0.9375,0.8741146919263905
9928,8,tma4_G2,0.0,0.4976417924719666,1.0,0.7894744967858552
9929,8,tma4_G2,0.0,0.32698082673465534,1.0,0.8056401787639911
9930,8,tma4_G2,0.0,0.0027375333726520346,0.9285714285714286,0.7302185856249255
9931,8,tma4_G2,0.0,0.5268648395768787,0.8984375,0.8101643601428737
9932,8,tma4_G2,0.0,0.39187956499354437,0.9333333333333333,0.7564838490257855
9933,8,tma4_G2,0.0,0.5341897836023067,0.972972972972973,0.7872757514469187
9934,8,tma4_G2,0.0,0.11366777740098688,1.0,0.7706439563171603
9935,8,tma4_F3,0.0,0.4074071936343049,0.9655172413793104,1.0
9936,8,tma4_G2,0.0,0.3190226707567544,0.775811209439528,1.0
9937,8,tma4_G2,0.0,0.37436575957851226,0.9444444444444444,1.0
9938,8,tma4_G2,0.0,0.39237626328316133,0.9722222222222222,0.8248202436628953
9939,8,tma4_F3,0.0,0.5684917708140221,0.8928571428571429,1.0
9940,8,tma4_E3,0.0,0.5055887891862686,0.825,0.8274008967261969
9941,8,tma4_E3,0.0,0.4705512062316136,0.9375,1.0
9942,8,tma4_E3,0.0,0.3680868983497778,1.0,0.931436440811107
9943,8,tma4_F3,0.0,0.5233933594055087,1.0,1.0
9944,8,tma4_F3,0.0,0.41125104490479747,1.0,0.7183230459850107
9945,8,tma4_E3,0.0,0.5662613867122122,0.875,1.0
9946,8,tma4_F3,0.0,0.5141143181818817,0.8765432098765432,1.0
9947,8,tma4_F3,0.0,0.3984510392745516,0.7913043478260869,0.7707494641817878
9948,8,tma4_F3,0.0,0.4194306546012353,1.0,0.7626620902502005
9949,8,tma4_F3,0.0,0.36959479934263995,0.9166666666666666,0.8754633953476577
9950,8,tma4_E3,0.0,0.32945413802851464,0.8571428571428571,1.0
9951,8,tma4_E3,0.0,0.30017417887388875,1.0,1.0
9952,8,tma4_E3,0.0,0.6924785094888206,0.6115107913669064,1.0
9953,8,tma4_E3,0.0,0.13872972685385698,0.96,0.76186398104902
9954,8,tma4_E3,0.0,0.26295366526716657,0.9253731343283582,1.0
9955,8,tma4_E3,0.0,0.09461827215413399,1.0,0.832349919471131
9956,8,tma4_E3,0.0,0.29057612954012735,1.0,1.0
9957,8,tma4_F2,0.0,0.23222024296202726,0.9545454545454546,0.9112986095173906
9958,8,tma4_F2,0.0,0.2559824826235396,0.8148148148148148,1.0
9959,8,tma4_E3,0.0,0.2824287373930452,1.0,0.8765389597688629
9960,8,tma4_E3,0.062351579030923365,0.08677841601069147,0.875,0.7198928138306072
9961,8,tma4_E3,0.0,0.5265154293691751,0.8387096774193549,0.7905668447029855
9962,8,tma4_E3,0.0,0.11725835660144579,1.0,0.8064767611217416
9963,8,tma4_E3,0.0,0.3886727335225646,0.8088235294117647,1.0
9964,8,tma4_E3,0.0,0.16356748920551223,0.7804878048780488,0.8243304305324678
9965,8,tma4_E3,0.0,0.15976596573424795,0.7792207792207793,0.8611561561338374
9966,8,tma4_E3,0.0,0.2562417819580963,0.8666666666666667,0.8867562565916755
9967,8,tma4_E3,0.0,0.3983766907835785,1.0,1.0
9968,8,tma4_E3,0.0,0.27889829602454397,1.0,0.8120670689438759
9969,8,tma4_E3,0.0,0.4528625293408671,0.8947368421052632,0.8547092394971847
9970,8,tma4_E3,0.0,0.40157311910663174,0.9166666666666666,1.0
9971,8,tma4_E3,0.0,0.3599683754684747,1.0,0.8048681287416076
9972,8,tma4_E3,0.0,0.12759056421145354,0.7631578947368421,0.7536412112743355
9973,8,tma4_E3,0.0,0.40792621550831754,0.8947368421052632,0.7574358498050847
9974,8,tma4_E3,0.0,0.412417083881771,0.8450704225352113,0.8841702265577974
9975,8,tma4_E3,0.0,0.2249703942482798,0.7258064516129032,0.7562600524946218
9976,8,tma4_E3,0.0,0.36446686773565184,0.9333333333333333,1.0
9977,8,tma4_E3,0.0,0.2992267388503774,0.9032258064516129,1.0
9978,8,tma4_E3,0.0,0.11821141759028109,0.9333333333333333,0.8276825361121461
9979,8,tma4_E3,0.0,0.633131034353531,0.9069767441860465,1.0
9980,8,tma4_E3,0.0,0.5627643660446828,0.723404255319149,1.0
9981,8,tma4_E3,0.0,0.19272915881176933,0.9473684210526315,1.0
9982,8,tma4_E3,0.0,0.36753185433499813,0.6464646464646465,1.0
9983,8,tma4_E3,0.0,0.5824759786228617,0.7727272727272727,1.0
9984,8,tma4_E3,0.0,0.45327661459601787,0.8888888888888888,1.0
9985,8,tma4_E3,0.0,0.4587416203896437,1.0,1.0
9986,8,tma4_E3,0.0,0.1842802941905488,1.0,1.0
9987,8,tma4_E3,0.0,0.3697280714016461,0.9473684210526315,1.0
9988,8,tma4_E3,0.0,0.2563654221131596,1.0,0.7408479149951362
9989,8,tma4_E3,0.0,0.6821009249977285,0.9375,0.871399103473382
9990,8,tma4_B3,0.0,0.24311908951401517,0.9230769230769231,0.751135505741578
9991,8,tma4_C2,0.0,0.04816963115044559,1.0,0.891036040790189
9992,8,tma4_F2,0.0,0.39952181917239027,0.7894736842105263,0.8914667976684092
9993,8,tma4_G1,0.0,0.2107152477501355,1.0,0.7872472164905087
9994,8,tma4_D2,0.0,0.3924076914746232,1.0,0.9172579156786328
9995,8,tma4_D2,0.0,0.35621981150947213,1.0,0.8263634429829834
9996,8,tma4_D2,0.0,0.39928994955265373,0.8928571428571429,1.0
9997,8,tma4_D2,0.0,0.5208894332504221,0.631578947368421,1.0
9998,8,tma4_D2,0.0,0.5000306508190772,0.71875,0.8574038909020187
9999,8,tma1_B2,0.0,0.635527252969083,0.76,1.0
10000,8,tma1_D2,0.0,0.07698965792916634,1.0,1.0
10001,8,tma1_B2,0.0,0.14219754695835485,0.6658259773013872,0.8386274360865048
10002,8,tma1_B2,0.0,0.3581910876186667,0.7744360902255639,1.0
10003,8,tma1_B2,0.0,0.5411923985015361,0.9714285714285714,1.0
10004,8,tma1_B2,0.0,0.177877527673457,0.6666666666666666,0.694445192393718
10005,8,tma1_B2,0.0,0.3972692912978001,1.0,0.7845939038685731
10006,8,tma1_B2,0.0,0.6773193102807957,0.580327868852459,0.8483884099197952
10007,8,tma1_B2,0.0,0.3695299932252114,0.96875,0.9353641097596902
10008,8,tma1_B2,0.0,0.6001490841520261,0.6254295532646048,1.0
10009,8,tma1_B2,0.0,0.2451113795336689,0.7575757575757576,1.0
10010,8,tma1_B2,0.0,0.12699255111214636,0.9310344827586207,0.7223282439379696
10011,8,tma1_B2,0.0,0.3616693409717451,1.0,1.0
10012,8,tma1_B2,0.0,0.16781363611921174,1.0,1.0
10013,8,tma1_B2,0.0,0.43747224550237906,0.8125,0.8190518018230258
10014,8,tma1_B2,0.0,0.5358807194471279,0.6764705882352942,1.0
10015,8,tma1_B2,0.0,0.025602471718622954,0.7083333333333334,0.7004458124969788
10016,8,tma1_A2,0.0,0.28853200008682955,1.0,1.0
10017,8,tma1_A2,0.0,0.10543578865827374,0.9032258064516129,0.7992780786100614
10018,8,tma1_A2,0.0,0.6219423183967047,1.0,1.0
10019,8,tma1_A2,0.0,0.4328290424458846,0.8571428571428571,1.0
10020,8,tma1_B2,0.0,0.49755775896536636,0.9705882352941176,1.0
10021,8,tma1_D1,0.0,0.28783716053891406,0.8895348837209303,1.0
10022,8,tma1_D1,0.0,0.621309088131708,1.0,0.9432974029246619
10023,8,tma1_D1,0.0,0.39512320534159495,0.7453580901856764,0.865393998095169
10024,8,tma1_D1,0.0,0.6029529785205558,0.6993006993006993,1.0
10025,8,tma1_D1,0.0,0.09167333708833159,0.8947368421052632,0.7271221554740313
10026,8,tma1_D1,0.0,0.3571125421486344,0.8465116279069768,0.8258346143483426
10027,8,tma1_D1,0.0,0.37813662610033727,0.8902439024390244,1.0
10028,8,tma1_D1,0.0,0.6883695816062076,0.8253968253968254,0.9206017150066854
10029,8,tma1_D1,0.0,0.403312400159198,1.0,1.0
10030,8,tma1_D1,0.0,0.34718539163460804,1.0,1.0
10031,8,tma1_D1,0.0,0.4864478383837766,1.0,1.0
10032,8,tma1_D1,0.0,0.5497609549254256,1.0,1.0
10033,8,tma1_D1,0.0,0.18197759611197672,1.0,0.7479411925512308
10034,8,tma1_D1,0.0,0.15177365164568368,0.75,0.5731567414531051
10035,8,tma1_D1,0.0,0.30837422842071416,1.0,1.0
10036,8,tma1_D1,0.0,0.29092992204915047,1.0,0.7414035488496539
10037,8,tma1_D1,0.0,0.5011154229767512,0.725,1.0
10038,8,tma1_D1,0.0,0.47830201182209997,0.8888888888888888,1.0
10039,8,tma1_D1,0.0,0.2976247769391056,1.0,1.0
10040,8,tma1_D1,0.0,0.6805383134137585,0.9210526315789473,1.0
10041,8,tma1_D1,0.0,0.45322152854500075,0.875,1.0
10042,8,tma1_F1,0.0,0.5235491542421757,0.8045112781954887,1.0
10043,8,tma1_F1,0.0,0.31503043780161066,0.4709141274238227,1.0
10044,8,tma1_F1,0.0,0.265026848349847,0.6515495086923658,1.0
10045,8,tma1_F1,0.0,0.4800947341621812,0.8805970149253731,1.0
10046,8,tma1_F1,0.0,0.580458122472841,0.8113207547169812,1.0
10047,8,tma1_F1,0.0,0.4911185833121008,0.8947368421052632,1.0
10048,8,tma1_F1,0.0,0.06706717724453592,0.47547628698824485,0.7296798774088258
10049,8,tma1_F1,0.0,0.5529258959002525,0.6666666666666666,1.0
10050,8,tma1_F1,0.0,0.21464269715194362,1.0,0.8949571125360191
10051,8,tma1_F1,0.0,0.5604313661840505,0.6025641025641025,1.0
10052,8,tma1_F1,0.0,0.04841239898910776,0.9696969696969697,0.9365079057951877
10053,8,tma1_F1,0.0,0.6210021331223707,0.5501618122977346,1.0
10054,8,tma1_F1,0.0,0.516043171094378,0.9090909090909091,1.0
10055,8,tma1_F1,0.0,0.5595123670076141,0.6666666666666666,1.0
10056,8,tma1_F1,0.0,0.30160431035176527,0.9545454545454546,1.0
10057,8,tma1_F1,0.0,0.2813112916217181,0.90625,0.7133288286969811
10058,8,tma1_F1,0.0,0.5079004052583838,1.0,0.7808326591853221
10059,8,tma1_F1,0.0,0.4669112769904723,0.975,1.0
10060,8,tma1_F1,0.0,0.17595711791490598,0.8904109589041096,0.7046758683325949
10061,8,tma1_F1,0.0,0.30819626257952193,0.9090909090909091,0.7543517013428048
10062,8,tma1_F1,0.0,0.2603871402843012,1.0,1.0
10063,8,tma1_F1,0.0,0.7039474365126402,0.9411764705882353,1.0
10064,8,tma1_F1,0.0,0.48146226944588144,0.967741935483871,1.0
10065,8,tma1_F1,0.0,0.6018923980045925,0.6775956284153005,1.0
10066,8,tma1_F1,0.0,0.31738742245276685,0.7772020725388601,1.0
10067,8,tma1_F1,0.0,0.43144035546148607,1.0,1.0
10068,8,tma1_F1,0.0,0.5634548589935393,1.0,1.0
10069,8,tma1_F1,0.0,0.05169914123637076,0.8465346534653465,1.0
10070,8,tma1_F1,0.0,0.18683608086894576,0.712,1.0
10071,8,tma1_E1,0.0,0.5498695888435983,0.6358381502890174,0.8134929444460216
10072,8,tma1_E1,0.0,0.49285035823850687,0.6309523809523809,1.0
10073,8,tma1_E1,0.0,0.43772747919133703,1.0,1.0
10074,8,tma1_E1,0.0,0.32450418871887665,0.7674418604651163,0.7486806906827043
10075,8,tma1_E1,0.0,0.09767225864586615,1.0,0.7576127921999252
10076,8,tma1_E1,0.0,0.2529080588978704,0.7777777777777778,1.0
10077,8,tma1_E1,0.0,0.2471336315602607,0.8679245283018868,1.0
10078,8,tma1_E1,0.0,0.5389582326018343,0.7435897435897436,1.0
10079,8,tma1_E1,0.0,0.5533342322848791,0.8421052631578947,0.9070434742744184
10080,8,tma1_E1,0.0,0.3404555648138161,0.9032258064516129,0.89489568046358
10081,8,tma1_E1,0.0,0.4455016150434492,0.85,0.9045012537902941
10082,8,tma1_E1,0.0,0.3620908281550853,1.0,1.0
10083,8,tma1_E1,0.0,0.29915312537722316,0.4025474326655168,1.0
10084,8,tma1_E1,0.0,0.64058850626815,0.6326530612244898,0.9080381518493544
10085,8,tma1_E1,0.0,0.4216198926800676,0.9069767441860465,0.7172851691047002
10086,8,tma1_E1,0.0,0.5149899166794729,0.7931034482758621,1.0
10087,8,tma1_E1,0.0,0.3915015562752696,0.803030303030303,0.9067422769607404
10088,8,tma1_E1,0.0,0.44644950594667854,0.625,1.0
10089,8,tma1_E1,0.0,0.3788847273746072,0.9117647058823529,0.8294253304298558
10090,8,tma1_F1,0.0,0.6302421157676175,0.6363636363636364,1.0
10091,8,tma1_F1,0.0,0.14029595044959442,1.0,1.0
10092,8,tma1_F1,0.0,0.4954697730803662,1.0,0.763271913910114
10093,8,tma1_F1,0.0,0.09447992317500631,0.6935483870967742,0.7310746098936268
10094,8,tma1_F1,0.0,0.035989416321731804,0.9333333333333333,0.7359241349960289
10095,8,tma1_F1,0.0,0.3817774488777219,1.0,0.8213626546770749
10096,8,tma1_F1,0.0,0.21756621588668357,1.0,0.774232347943974
10097,8,tma1_F1,0.0,0.14572765341637295,1.0,0.8380014318052447
10098,8,tma1_F1,0.0,0.31592329924626816,0.8854961832061069,0.7481142448840197
10099,8,tma1_F1,0.0,0.47031405662206216,0.9019607843137255,0.7812868790596011
10100,8,tma1_F1,0.0,0.23099340234733523,0.8,0.7382470690323106
10101,8,tma1_E1,0.0,0.3432689574538984,0.7777777777777778,1.0
10102,8,tma1_E1,0.0,0.6279977090971387,0.95,1.0
10103,8,tma1_B2,0.0,0.45587647878279114,0.9761904761904762,1.0
10104,8,tma1_B2,0.0,0.20659075463551335,1.0,1.0
10105,8,tma1_B2,0.014858237675012043,0.04956577613255597,1.0,0.689837853756629
10106,8,tma1_D2,0.0,0.3175150053233228,0.8571428571428571,1.0
10107,8,tma1_D2,0.0,0.07048115554233247,0.9411764705882353,0.895031961430899
10108,8,tma1_C2,0.0,0.2800374494553788,0.6216216216216216,1.0
10109,8,tma1_C2,0.0,0.21534922430402037,0.9090909090909091,0.8270750931084487
10110,8,tma1_C2,0.0,0.6306744558296434,0.6385542168674698,0.8619133074052469
10111,8,tma1_C2,0.0,0.4710445120790412,0.75,1.0
10112,8,tma1_C2,0.0,0.40415882619276056,0.8260869565217391,0.7825341071786694
10113,8,tma1_C2,0.0,0.4374043796597582,1.0,1.0
10114,8,tma1_C2,0.0,0.4295155037260959,0.975,0.8119165724900212
10115,8,tma1_D2,0.0,0.13128258217047228,0.9545454545454546,0.7062190043012601
10116,8,tma1_E2,0.0,0.26812647645046905,0.9230769230769231,1.0
10117,8,tma1_E2,0.0,0.5164162710848597,0.6675977653631285,1.0
10118,8,tma1_E2,0.0,0.5366351945920185,0.803030303030303,0.7968060097769001
10119,8,tma1_E2,0.0,0.3148584309876752,0.9615384615384616,0.8046229341891176
10120,8,tma1_E2,0.0,0.41715448577431957,0.8448275862068966,0.8694570174731484
10121,8,tma1_E2,0.0,0.31668453828737464,0.9583333333333334,0.8222203945693277
10122,8,tma1_E2,0.0,0.6628646336523689,0.9795918367346939,1.0
10123,8,tma1_E2,0.0,0.37097968705438056,1.0,1.0
10124,8,tma1_E2,0.0,0.1826195966653339,1.0,0.6678455490591939
10125,8,tma1_E2,0.0,0.6525394156170572,0.9333333333333333,0.9347897624978041
10126,8,tma1_E2,0.0,0.4959900971077531,0.9122807017543859,1.0
10127,8,tma1_E2,0.0,0.5715562321295091,0.7361111111111112,1.0
10128,8,tma1_E2,0.0,0.4013413504432941,1.0,0.875889560863688
10129,8,tma1_E2,0.0,0.43370151762060416,0.6347826086956522,0.7640233673549911
10130,8,tma1_E2,0.0,0.7093076146970512,0.7486338797814208,1.0
10131,8,tma1_E2,0.0,0.468890855445927,0.8604651162790697,1.0
10132,8,tma1_E2,0.0,0.5794991894876647,0.6612903225806451,1.0
10133,8,tma1_E2,0.0,0.551708181589031,0.8333333333333334,1.0
10134,8,tma1_E2,0.0,0.7009502989524783,0.7597402597402597,1.0
10135,8,tma1_E2,0.0,0.4713009989630571,0.9655172413793104,1.0
10136,8,tma1_E2,0.0,0.4561738426001001,0.9333333333333333,1.0
10137,8,tma1_E2,0.0,0.21184535957951944,1.0,0.7250920645586348
10138,8,tma1_E2,0.0,0.44929118915252586,0.9411764705882353,0.8981508255331068
10139,8,tma1_E2,0.0,0.3084875158900019,0.9512195121951219,0.7200484842541223
10140,8,tma1_E2,0.0,0.4175294686577907,0.7037037037037037,0.815036727660326
10141,8,tma1_E2,0.0,0.250218465761588,0.7611940298507462,0.9187224665843118
10142,8,tma1_E2,0.0,0.42318458418244653,1.0,1.0
10143,8,tma1_E2,0.0,0.3768451330698943,1.0,1.0
10144,8,tma1_E2,0.0,0.5489988994014106,0.8666666666666667,1.0
10145,8,tma1_E2,0.0,0.3423138558646188,1.0,0.8972450888097656
10146,8,tma1_D2,0.0,0.014256423016246411,0.9047619047619048,0.6987509582180369
10147,8,tma1_D2,0.0,0.02194174907357438,1.0,0.7993652810265693
10148,10,tma3_E1,0.0,0.419160979548298,1.0,1.0
10149,10,tma3_E1,0.0,0.636155461449875,0.8333333333333334,1.0
10150,10,tma3_E1,0.0,0.8032207800219794,0.9375,1.0
10151,10,tma3_E1,0.0,0.16617670143038388,0.6463414634146342,0.6833500405832544
10152,10,tma3_E1,0.0,0.0314290692459297,0.7076923076923077,0.8751272285175443
10153,10,tma3_E1,0.0,0.5334911617884415,0.8292682926829268,0.789190079734956
10154,10,tma3_E1,0.0,0.5371209208934343,0.92,0.7895590913915029
10155,10,tma3_E1,0.0,0.6121887257759079,0.8260869565217391,1.0
10156,10,tma3_E1,0.0,0.5182529075224858,0.9523809523809523,0.8072998943496742
10157,10,tma4_F3,0.0,0.33947148134378924,1.0,1.0
10158,10,tma4_E3,0.0,0.14755054470561346,1.0,1.0
10159,10,tma4_F3,0.0,0.4560140999993455,0.9130434782608695,1.0
10160,10,tma4_F3,0.0,0.22584917782871394,1.0,0.7514270454366693
10161,10,tma4_E3,0.0,0.4978370918027456,0.8809523809523809,1.0
10162,10,tma4_E3,0.0,0.4740869085648295,1.0,0.819044736097929
10163,10,tma4_E3,0.0,0.4390977581506629,0.8888888888888888,1.0
